date,target,one_day_return,position,turn,net_return,equity
2021-01-04,-0.02752995156767779,0.0020392556716797294,1,1,0.0010372164160079578,1.001037216416008
2021-01-05,-0.044772322564233025,-0.010684304248282928,1,0,-0.010684304248282928,0.9903418302319651
2021-01-06,-0.03677037798920024,0.0002571355104141748,1,0,0.0002571355104141748,0.9905964822839664
2021-01-07,-0.05398457583547556,-0.04113110539845766,1,0,-0.04113110539845766,0.9498521539638032
2021-01-08,-0.0058981233243967646,0.010455764075067098,1,0,0.010455764075067098,0.959783583991843
2021-01-11,-0.007163703900238794,0.00902096046696732,1,0,0.00902096046696732,0.9684417537598776
2021-01-12,-0.01603996844596367,-0.0018406521167499967,1,0,-0.0018406521167499967,0.9666591893958705
2021-01-13,-0.039778714436248586,-0.0010537407797681642,1,0,-0.0010537407797681642,0.9656405811878664
2021-01-14,-0.04298523206751048,-0.013449367088607556,1,0,-0.013449367088607556,0.9526533265358145
2021-01-15,-0.020582731889869033,0.013900026730820692,1,0,0.013900026730820692,0.9658952332398676
2021-01-18,-0.023464276298444497,-0.0007909306617454037,1,0,-0.0007909306617454037,0.9651312770838645
2021-01-19,-0.021372031662269086,0.006068601583113509,1,0,0.006068601583113509,0.970988274279888
2021-01-20,-0.03383162863886702,-0.0005245213742460786,1,0,-0.0005245213742460786,0.9704789701758859
2021-01-21,-0.04224612962477037,-0.0010495932826030119,1,0,-0.0010495932826030119,0.9694603619678818
2021-01-22,-0.061728395061728336,-0.0028894142369320086,1,0,-0.0028894142369320086,0.9666591893958705
2021-01-25,-0.06743940990516328,-0.005005268703898724,1,0,-0.005005268703898724,0.9618208004078512
2021-01-26,-0.05904156738151978,-0.002647603918453867,1,0,-0.002647603918453867,0.959274279887841
2021-01-27,-0.06610034510220342,-0.00106185293336869,1,0,-0.00106185293336869,0.9582556716798369
2021-01-28,-0.07866064310390641,0.003986181238373687,1,0,0.003986181238373687,0.9620754524598523
2021-01-29,-0.06749602964531498,0.009793541556379015,1,0,0.009793541556379015,0.97149757838389
2021-02-01,-0.08545216251638277,-0.01572739187418093,1,0,-0.01572739187418093,0.9562184552638288
2021-02-02,-0.05539280958721693,-0.002396804260985319,1,0,-0.002396804260985319,0.9539265867958197
2021-02-03,-0.04991991457554723,-0.017618793379604814,1,0,-0.017618793379604814,0.9371195513637525
2021-02-04,-0.03451086956521743,0.007608695652173925,1,0,0.007608695652173925,0.944249808819781
2021-02-05,-0.03640776699029136,0.00916936353829545,1,0,0.00916936353829545,0.9529079785878156
2021-02-08,-0.0454302512025655,0.0,1,0,0.0,0.9529079785878156
2021-02-09,-0.04596472474612512,-0.025921966862640256,1,0,-0.025921966862640256,0.9282067295437167
2021-02-10,-0.009053497942386857,-0.0043895747599451695,1,0,-0.0043895747599451695,0.9241322967117004
2021-02-18,-0.01653348029760271,0.009644530173601673,1,0,0.009644530173601673,0.9330451185317362
2021-02-19,-0.02265283842794763,0.01091703056768556,1,0,0.01091703056768556,0.943231200611777
2021-02-22,-0.03590712742980562,0.0013498920086392197,1,0,0.0013498920086392197,0.944504460871782
2021-02-23,-0.038285252089511945,-0.006740361283364749,1,0,-0.006740361283364749,0.9381381595717565
2021-02-24,-0.026058631921824116,-0.009229098805646152,1,0,-0.009229098805646152,0.9294799898037217
2021-02-25,-0.018904109589041096,-0.021369863013698587,1,0,-0.021369863013698587,0.9096171297476422
2021-02-26,0.002239641657334923,-0.00895856662933936,1,0,-0.00895856662933936,0.9014682640836095
2021-03-01,0.005084745762711895,0.00395480225988698,1,0,0.00395480225988698,0.9050333928116238
2021-03-02,-0.01491277433877325,-0.010129431626336505,1,0,-0.010129431626336505,0.8958659189395871
2021-03-03,0.005685048322910724,-0.014496873223422302,1,0,-0.014496873223422302,0.8828786642875353
2021-03-04,0.03922699740409574,0.016152293048745436,1,0,0.016152293048745436,0.8971391791995925
2021-03-05,0.02384331535623052,-0.00965086573942675,1,0,-0.00965086573942675,0.8884810094315577
2021-03-08,0.03238750358268838,0.016623674405273903,1,0,0.016623674405273903,0.9032508284476171
2021-03-09,0.0138144911192557,0.0033831406822666388,1,0,0.0033831406822666388,0.9063066530716293
2021-03-10,0.02304017982579376,-0.0016858668165216084,1,0,-0.0016858668165216084,0.9047787407596231
2021-03-11,0.017450042217844075,0.005629045876723859,1,0,0.005629045876723859,0.9098717817996435
2021-03-12,0.0019591379792891495,-0.00027987685418418007,1,0,-0.00027987685418418007,0.9096171297476424
2021-03-15,0.011758118701007847,-0.0005599104143337863,1,0,-0.0005599104143337863,0.9091078256436403
2021-03-16,0.007843137254901933,0.011764705882353121,1,0,0.011764705882353121,0.9198032118276833
2021-03-17,0.009136212624584639,-0.011904761904761973,1,0,-0.011904761904761973,0.9088531735916394
2021-03-18,0.02857943401513019,0.0033622863547211335,1,0,0.0033622863547211335,0.9119089982156516
2021-03-19,0.017872102764590947,-0.002792516056967287,1,0,-0.002792516056967287,0.9093624776956415
2021-03-22,0.02408288994679353,-0.0011201344161299032,1,0,-0.0011201344161299032,0.9083438694876375
2021-03-23,0.03252032520325199,0.005887300252312766,1,0,0.005887300252312766,0.9136915625796588
2021-03-24,0.02341137123745818,-0.0019509476031215334,1,0,-0.0019509476031215334,0.9119089982156516
2021-03-25,0.01954761239877123,-0.0002792516056967509,1,0,-0.0002792516056967509,0.9116543461636506
2021-03-26,0.02067039106145252,-0.0061452513966481215,1,0,-0.0061452513966481215,0.9060520010196281
2021-03-29,0.021922428330522825,-0.016020236087689654,1,0,-0.016020236087689654,0.89153683405557
2021-03-30,0.04655812624964306,0.010568409025992542,1,0,0.010568409025992542,0.9009589599796077
2021-03-31,0.024024872809496944,0.018371961560203598,1,0,0.018371961560203598,0.9175113433596741
2021-04-01,0.016930335831251808,0.0011101859561477578,1,0,0.0011101859561477578,0.9185299515676782
2021-04-02,0.030219018574993095,-0.0013861935126144864,1,0,-0.0013861935126144864,0.9172566913076731
2021-04-06,0.033870072182121236,-0.0016657412548582995,1,0,-0.0016657412548582995,0.9157287789956671
2021-04-07,0.03754171301446041,0.01251390433815347,1,0,0.01251390433815347,0.9271881213357129
2021-04-08,0.023070585004119737,-0.007140895358417998,1,0,-0.007140895358417998,0.9205671679836864
2021-04-09,0.028769017980636136,-0.009681881051175734,1,0,-0.009681881051175734,0.9116543461636507
2021-04-12,0.038826815642458046,0.009497206703910521,1,0,0.009497206703910521,0.9203125159316853
2021-04-13,0.04620918649695627,-0.004427227448810189,1,0,-0.004427227448810189,0.9162380830996689
2021-04-14,0.05697609783212898,0.013062812673707569,1,0,0.013062812673707569,0.9282067295437169
2021-04-15,0.04115226337448563,0.0071330589849107895,1,0,0.0071330589849107895,0.9348276828957434
2021-04-16,0.03677472078452748,-0.007082538817760775,1,0,-0.007082538817760775,0.9282067295437169
2021-04-19,0.0455418381344308,0.003292181069958877,1,0,0.003292181069958877,0.9312625541677291
2021-04-20,0.04894722450095701,0.007109652720809434,1,0,0.007109652720809434,0.9378835075197556
2021-04-21,0.029052402932392196,-0.0029866956285635737,1,0,-0.0029866956285635737,0.9350823349477444
2021-04-22,0.0503812636165577,-0.005718954248366104,1,0,-0.005718954248366104,0.9297346418557229
2021-04-23,0.047110380717611644,0.0008216926869351049,1,0,0.0008216926869351049,0.930498598011726
2021-04-26,0.046798029556650356,-0.0049261083743842304,1,0,-0.0049261083743842304,0.9259148610757076
2021-04-27,0.05500550055005493,0.007700770077007757,1,0,0.007700770077007757,0.9330451185317362
2021-04-28,0.04776200873362435,-0.011189956331877693,1,0,-0.011189956331877693,0.9226043843996944
2021-04-29,0.056582942313000206,0.011316588462600086,1,0,0.011316588462600086,0.9330451185317362
2021-04-30,0.0376637554585153,0.014192139737991383,1,0,0.014192139737991383,0.9462870252357893
2021-05-06,-0.0002691065662002723,0.0021528525296017342,1,0,0.0021528525296017342,0.9483242416517975
2021-05-07,0.009398496240601517,0.001879699248120259,1,0,0.001879699248120259,0.9501068060158047
2021-05-10,0.018225676762262166,-0.0016081479496112827,1,0,-0.0016081479496112827,0.9485788937037987
2021-05-11,0.014228187919463009,-0.0016107382550336613,1,0,-0.0016107382550336613,0.9470509813917924
2021-05-12,0.012906695348211983,0.0,1,0,0.0,0.9470509813917924
2021-05-13,0.020435600968002232,0.016671148158106996,1,0,0.016671148158106996,0.9628394086158556
2021-05-14,-0.016133298069293867,0.005818566516794466,1,0,0.005818566516794466,0.968441753759878
2021-05-17,-0.022350775703392056,-0.0021036024191427583,1,0,-0.0021036024191427583,0.9664045373438698
2021-05-18,-0.03214756258234519,0.0028985507246377384,1,0,0.0028985507246377384,0.9692057099158811
2021-05-19,-0.047556489753021514,0.0013137151865474372,1,0,0.0013137151865474372,0.970478970175886
2021-05-20,-0.05143007084754647,0.006559958016268741,1,0,0.006559958016268741,0.9768452714759116
2021-05-21,-0.050573514077163706,-0.011991657977059367,1,0,-0.011991657977059367,0.9651312770838648
2021-05-24,-0.0395778364116095,0.017678100263852192,1,0,0.017678100263852192,0.982192964567933
2021-05-25,-0.058335493907181735,-0.008815141301529716,1,0,-0.008815141301529716,0.9735347947998984
2021-05-26,-0.05231493591420344,0.0005231493591419945,1,0,0.0005231493591419945,0.9740440989039003
2021-05-27,-0.054117647058823604,0.0028758169934639533,1,0,0.0028758169934639533,0.9768452714759114
2021-05-28,-0.05656934306569339,0.0007820646506777607,1,0,0.0007820646506777607,0.9776092276319144
2021-05-31,-0.06329773378483983,-0.002865329512893977,1,0,-0.002865329512893977,0.9748080550599032
2021-06-01,-0.05694879832810862,-0.006792058516196353,1,0,-0.006792058516196353,0.9681871017078768
2021-06-02,-0.04260915307732771,-0.022882693319305702,1,0,-0.022882693319305702,0.9460323731837881
2021-06-03,-0.017227456258411822,0.011843876177658252,1,0,0.011843876177658252,0.957237063471833
2021-06-04,-0.02873104549082206,0.010641127959563734,1,0,0.010641127959563734,0.9674231455518738
2021-06-07,-0.03237694130034219,-0.005527770465912019,1,0,-0.005527770465912019,0.9620754524598525
2021-06-08,-0.025939650608787668,-0.0029115934356802597,1,0,-0.0029115934356802597,0.9592742798878413
2021-06-09,-0.022033448367401065,0.0074329705335811624,1,0,0.0074329705335811624,0.9664045373438699
2021-06-10,-0.02740447957839265,-0.019762845849802257,1,0,-0.019762845849802257,0.9473056334437935
2021-06-11,-0.009677419354838679,-0.0005376344086022167,1,0,-0.0005376344086022167,0.9467963293397914
2021-06-15,-0.009413663259817184,-0.012103281334050586,1,0,-0.012103281334050586,0.9353369869997455
2021-06-16,0.011434794445956964,-0.013068336509665102,1,0,-0.013068336509665102,0.9231136885036966
2021-06-17,0.026206896551724146,-0.0027586206896551557,1,0,-0.0027586206896551557,0.9205671679836864
2021-06-18,0.023513139695712226,0.007468879668049766,1,0,0.007468879668049766,0.927442773387714
2021-06-21,0.017298187808896248,-0.000549148819329992,1,0,-0.000549148819329992,0.926933469283712
2021-06-22,0.012362637362637319,-0.00219780219780219,1,0,-0.00219780219780219,0.9248962528677038
2021-06-23,0.009636563876651794,-0.0024779735682819437,1,0,-0.0024779735682819437,0.9226043843996946
2021-06-24,0.014352746342809697,-0.0013800717637317828,1,0,-0.0013800717637317828,0.9213311241396894
2021-06-25,0.017412935323383172,0.00027639579878391274,1,0,0.00027639579878391274,0.9215857761916905
2021-06-28,0.015473887814313247,-0.006355346780878679,1,0,-0.006355346780878679,0.9157287789956671
2021-06-29,0.027530589543937722,0.0038932146829810943,1,0,0.0038932146829810943,0.9192939077236814
2021-06-30,0.028808864265928102,0.008310249307479367,1,0,0.008310249307479367,0.9269334692837121
2021-07-01,0.022252747252747174,0.0030219780219780112,1,0,0.0030219780219780112,0.9297346418557233
2021-07-02,0.009312517118597707,0.0,1,0,0.0,0.9297346418557233
2021-07-05,0.008490824431662602,0.006847439057792393,1,0,0.006847439057792393,0.9361009431557488
2021-07-06,0.0016322089227420733,0.0010881392818280489,1,0,0.0010881392818280489,0.9371195513637528
2021-07-07,0.0024456521739129045,0.0010869565217390686,1,0,0.0010869565217390686,0.9381381595717568
2021-07-08,-0.004885993485342133,0.0019001085776328974,1,0,0.0019001085776328974,0.9399207239357639
2021-07-09,-0.036846383094012336,-0.0018965050121917404,1,0,-0.0018965050121917404,0.9381381595717568
2021-07-12,-0.03447339847991315,-0.00027144408251911223,1,0,-0.00027144408251911223,0.9378835075197557
2021-07-13,-0.03828400760249795,0.008688569101276133,1,0,0.008688569101276133,0.9460323731837883
2021-07-14,-0.037685060565275874,0.0013458950201885589,1,0,0.0013458950201885589,0.9473056334437935
2021-07-15,-0.03521505376344092,-0.005376344086021501,1,0,-0.005376344086021501,0.9422125924037731
2021-07-16,-0.01756756756756772,0.0013513513513512265,1,0,0.0013513513513512265,0.943485852663778
2021-07-19,-0.01619433198380571,-0.005398110661268607,1,0,-0.005398110661268607,0.9383928116237576
2021-07-20,-0.007327001356852159,-0.004884667571234846,1,0,-0.004884667571234846,0.9338090746877392
2021-07-21,-0.0038178347422961334,0.0021816198527406794,1,0,0.0021816198527406794,0.9358462911037474
2021-07-22,-0.006258503401360471,0.0016326530612245094,1,0,0.0016326530612245094,0.9373742034157535
2021-07-23,-0.012224938875305624,-0.0016299918500407573,1,0,-0.0016299918500407573,0.9358462911037474
2021-07-26,0.0005442176870749105,0.0054421768707482165,1,0,0.0054421768707482165,0.9409393321437677
2021-07-27,-0.006224627875507371,0.005142083897158312,1,0,0.005142083897158312,0.945777721131787
2021-07-28,-0.01561658589122239,0.0018847603661820145,1,0,0.0018847603661820145,0.9475602854957942
2021-07-29,-0.015049717817790964,-0.009674818597151358,1,0,-0.009674818597151358,0.9383928116237574
2021-07-30,0.005698778833107099,-0.0008141112618724744,1,0,-0.0008141112618724744,0.9376288554677543
2021-08-02,0.0019011406844107182,0.0,1,0,0.0,0.9376288554677543
2021-08-03,0.0021727322107549796,0.0019011406844107182,1,0,0.0019011406844107182,0.9394114198317616
2021-08-04,0.0,-0.006234751965302321,1,0,-0.006234751965302321,0.9335544226357381
2021-08-05,0.0035460992907800915,-0.03027823240589189,1,0,-0.03027823240589189,0.905288044863625
2021-08-06,0.043600562587904346,0.0005625879043600346,1,0,0.0005625879043600346,0.9057973489676271
2021-08-09,0.043294911442226525,-0.004217036828788379,1,0,-0.004217036828788379,0.9019775681876118
2021-08-10,0.033032185206098186,0.009316770186335477,1,0,0.009316770186335477,0.9103810859036455
2021-08-11,0.017622377622377616,0.00391608391608389,1,0,0.00391608391608389,0.9139462146316598
2021-08-12,0.0161604903872945,0.012816940651992237,1,0,0.012816940651992237,0.9256602090237067
2021-08-13,0.0013755158184320937,0.0027510316368639653,1,0,0.0027510316368639653,0.9282067295437171
2021-08-16,-0.0010973936899862924,0.0035665294924553947,1,0,0.0035665294924553947,0.9315172062197303
2021-08-17,0.0016402405686168908,-0.0013668671405139277,1,0,-0.0013668671405139277,0.9302439459597253
2021-08-18,-0.003832466465918505,-0.00027374760470844084,1,0,-0.00027374760470844084,0.9299892939077242
2021-08-19,-0.01533406352683464,-0.004381161007667056,1,0,-0.004381161007667056,0.9259148610757079
2021-08-20,-0.0011001100110010764,0.01127612761276131,1,0,0.01127612761276131,0.9363555952077497
2021-08-23,-0.01767745444655966,-0.0013598041881969225,1,0,-0.0013598041881969225,0.9350823349477446
2021-08-24,-0.025599128540305105,-0.004357298474945592,1,0,-0.004357298474945592,0.9310079021157283
2021-08-25,-0.018052516411378616,0.002461706783369877,1,0,0.002461706783369877,0.9332997705837375
2021-08-26,-0.023192360163710735,0.011186903137789805,1,0,0.011186903137789805,0.9437405047157792
2021-08-27,-0.040744738262277314,-0.004587155963302725,1,0,-0.004587155963302725,0.9394114198317619
2021-08-30,-0.037679587964218,0.0002710761724045163,1,0,0.0002710761724045163,0.9396660718837629
2021-08-31,-0.02981029810298097,-0.00027100271002711285,1,0,-0.00027100271002711285,0.9394114198317619
2021-09-01,-0.027649769585253448,-0.002710761724044497,1,0,-0.002710761724044497,0.9368648993117517
2021-09-02,-0.026909486273443806,0.00842620277249262,1,0,0.00842620277249262,0.9447591129237833
2021-09-03,-0.0320754716981132,0.00026954177897575704,1,0,0.00026954177897575704,0.9450137649757844
2021-09-06,-0.021018593371058936,-0.014012395580705994,1,0,-0.014012395580705994,0.9317718582717314
2021-09-07,-0.004919376878928627,-0.005739273025416769,1,0,-0.005739273025416769,0.9264241651797099
2021-09-08,-0.012919186366135205,0.00247388675096194,1,0,0.00247388675096194,0.928716033647719
2021-09-09,-0.017274472168905874,-0.0019193857965450478,1,0,-0.0019193857965450478,0.926933469283712
2021-09-10,-0.01813186813186818,0.00027472527472527375,1,0,0.00027472527472527375,0.927188121335713
2021-09-13,-0.01235924196649274,0.006316945893985126,1,0,0.006316945893985126,0.9330451185317364
2021-09-14,-0.01719432314410485,-0.006823144104803558,1,0,-0.006823144104803558,0.9266788172317109
2021-09-15,-0.009068425391591028,-0.011816433086012545,1,0,-0.011816433086012545,0.9157287789956671
2021-09-16,0.009454949944382562,0.010011123470522909,1,0,0.010011123470522909,0.9248962528677038
2021-09-17,-0.009911894273127775,-0.005506607929515406,1,0,-0.005506607929515406,0.9198032118276834
2021-09-22,-0.0005537098560355336,-0.009413067552602516,1,0,-0.009413067552602516,0.9111450420596486
2021-09-23,0.012576858580212624,0.003353828954723248,1,0,0.003353828954723248,0.9142008666836609
2021-09-24,0.0011142061281337323,-0.0027855153203342198,1,0,-0.0027855153203342198,0.9116543461636507
2021-09-27,0.006983240223463749,-0.006983240223463638,1,0,-0.006983240223463638,0.9052880448636252
2021-09-28,0.012658227848101333,-0.0014064697609001975,1,0,-0.0014064697609001975,0.9040147846036201
2021-09-29,0.008732394366197216,0.008450704225352101,1,0,0.008450704225352101,0.9116543461636506
2021-09-30,0.010055865921787754,0.001955307262569761,1,0,0.001955307262569761,0.9134369105276576
2021-10-08,0.02397546696403685,-0.0019514914970727437,1,0,-0.0019514914970727437,0.9116543461636505
2021-10-11,0.026536312849162025,0.0030726256983240052,1,0,0.0030726256983240052,0.9144555187356617
2021-10-12,0.023391812865497075,0.011695906432748426,1,0,0.011695906432748426,0.9251509049197044
2021-10-13,0.022846132672722286,0.0022020368841177973,1,0,0.0022020368841177973,0.9271881213357126
2021-10-14,0.024443834111507856,-0.013732491073880748,1,0,-0.013732491073880748,0.9144555187356617
2021-10-15,0.03842940685045937,-0.0019493177387914784,1,0,-0.0019493177387914784,0.9126729543716545
2021-10-18,0.0418526785714286,-0.002790178571428603,1,0,-0.002790178571428603,0.9101264338516443
2021-10-19,0.04001119194180203,0.006155567991046551,1,0,0.006155567991046551,0.9157287789956668
2021-10-20,0.04004449388209119,0.0013904338153503115,1,0,0.0013904338153503115,0.9170020392556719
2021-10-21,0.036934184948625326,0.0013885031935572112,1,0,0.0013885031935572112,0.9182752995156769
2021-10-22,0.02773155851358844,0.006655574043261225,1,0,0.006655574043261225,0.9243869487637013
2021-10-25,0.005785123966942196,-0.009366391184572942,1,0,-0.009366391184572942,0.9157287789956667
2021-10-26,0.005283648498331406,0.0038932146829810943,1,0,0.0038932146829810943,0.919293907723681
2021-10-27,0.001108033240997175,0.003601108033240985,1,0,0.003601108033240985,0.9226043843996943
2021-10-28,-0.0027601435274634545,-0.008004416229643985,1,0,-0.008004416229643985,0.9152194748916647
2021-10-29,0.006677796327211993,0.0030606566499722376,1,0,0.0030606566499722376,0.918020647463676
2021-11-01,-0.0036061026352288694,-0.001386962552011095,1,0,-0.001386962552011095,0.9167473872036709
2021-11-02,-0.007777777777777772,-0.005277777777777826,1,0,-0.005277777777777826,0.9119089982156514
2021-11-03,0.00027925160569663987,0.009773806199385726,1,0,0.009773806199385726,0.9208218200356871
2021-11-04,-0.014933628318584136,0.015763274336283217,1,0,0.015763274336283217,0.9353369869997453
2021-11-05,-0.023686359923768108,0.0005445140212358979,1,0,0.0005445140212358979,0.9358462911037472
2021-11-08,-0.025034013605442107,0.0,1,0,0.0,0.9358462911037472
2021-11-09,-0.023945578231292397,0.011156462585034221,1,0,0.011156462585034221,0.9462870252357892
2021-11-10,-0.037136706135629804,0.003767491926802924,1,0,0.003767491926802924,0.9498521539638034
2021-11-11,-0.03994638069705092,-0.0002680965147452419,1,0,-0.0002680965147452419,0.9495975019118025
2021-11-12,-0.0383480825958703,0.0013408420488065786,1,0,0.0013408420488065786,0.9508707621718075
2021-11-15,-0.03802892340653452,-0.004552758435993565,1,0,-0.004552758435993565,0.9465416772877903
2021-11-16,-0.041700295937584175,0.0061877858488028625,1,0,0.0061877858488028625,0.9523986744838138
2021-11-17,-0.04465240641711232,-0.0016042780748664054,1,0,-0.0016042780748664054,0.9508707621718075
2021-11-18,-0.03186930905195495,-0.007498660953401237,1,0,-0.007498660953401237,0.943740504715779
2021-11-19,-0.022396114409066303,-0.014840798704803038,1,0,-0.014840798704803038,0.9297346418557229
2021-11-22,-0.01342098055327301,-0.009860312243220926,1,0,-0.009860312243220926,0.9205671679836862
2021-11-23,-0.005255878284923909,-0.0002766251728908431,1,0,-0.0002766251728908431,0.9203125159316851
2021-11-24,0.0016602102933038765,-0.0002767017155506091,1,0,-0.0002767017155506091,0.920057863879684
2021-11-25,0.006365900913368527,0.001383891502906076,1,0,0.001383891502906076,0.921331124139689
2021-11-26,0.004975124378109541,-0.007186290768380288,1,0,-0.007186290768380288,0.9147101707876625
2021-11-29,0.010579064587973308,-0.0055679287305122616,1,0,-0.0055679287305122616,0.9096171297476421
2021-11-30,0.013157894736842257,0.0027995520716683764,1,0,0.0027995520716683764,0.9121636502676521
2021-12-01,0.01005025125628145,-0.005583472920156374,1,0,-0.005583472920156374,0.9070706092276317
2021-12-02,0.02386299831555294,0.006737787759685476,1,0,0.006737787759685476,0.9131822584756562
2021-12-03,0.008923591745677584,-0.0008365867261571625,1,0,-0.0008365867261571625,0.9124183023196532
2021-12-06,0.013675690761931314,0.0011163829193412411,1,0,0.0011163829193412411,0.9134369105276572
2021-12-07,0.011151379983272758,-0.0025090604962365592,1,0,-0.0025090604962365592,0.9111450420596479
2021-12-08,0.005589714924538747,0.000838457238680812,1,0,0.000838457238680812,0.9119089982156509
2021-12-09,0.005305780508237934,0.0013962580284836434,1,0,0.0013962580284836434,0.9131822584756559
2021-12-10,0.01115448968209698,0.001673173452314547,1,0,0.001673173452314547,0.914710170787662
2021-12-13,0.01586859688195985,-0.008351893095768448,1,0,-0.008351893095768448,0.9070706092276314
2021-12-14,0.024985962942167372,0.003088152723189186,1,0,0.003088152723189186,0.9098717817996426
2021-12-15,0.02071088720962777,0.011754827875734675,1,0,0.011754827875734675,0.9205671679836854
2021-12-16,0.0055325034578146415,0.0022130013831258566,1,0,0.0022130013831258566,0.9226043843996936
2021-12-17,0.0049682583494341515,-0.005796301407673288,1,0,-0.005796301407673288,0.9172566913076721
2021-12-20,0.006940588561910044,-0.0016657412548582995,1,0,-0.0016657412548582995,0.9157287789956661
2021-12-21,0.02280311457174644,0.006674082313681939,1,0,0.006674082313681939,0.9218404282436906
2021-12-22,0.013535911602210016,0.0044198895027625085,1,0,0.0044198895027625085,0.925914861075707
2021-12-23,0.0066006600660066805,0.0,1,0,0.0,0.925914861075707
2021-12-24,0.009075907590759158,-0.0016501650165017256,1,0,-0.0016501650165017256,0.9243869487637008
2021-12-27,0.012396694214876103,-0.003030303030302939,1,0,-0.003030303030302939,0.9215857761916896
2021-12-28,0.000828958275766789,-0.00027631942525563336,1,0,-0.00027631942525563336,0.9213311241396885
2021-12-29,-0.007186290768380288,0.008015478164731915,1,0,0.008015478164731915,0.9287160336477182
2021-12-30,-0.007403345215245327,-0.007951741157115388,1,0,-0.007951741157115388,0.9213311241396887
2021-12-31,0.005804311774461057,0.003869541182974112,1,0,0.003869541182974112,0.924896252867703
2022-01-04,0.005781938325991165,-0.001376651982378907,1,0,-0.001376651982378907,0.9236229926076979
2022-01-05,0.011304108078301622,-0.007995588640749896,1,0,-0.007995588640749896,0.9162380830996684
2022-01-06,0.015564202334630295,0.0005558643690939391,1,0,0.0005558643690939391,0.9167473872036704
2022-01-07,0.03166666666666673,0.007222222222222241,1,0,0.007222222222222241,0.9233683405556969
2022-01-10,0.02868174296745729,0.00634307777164933,1,0,0.00634307777164933,0.9292253377517206
2022-01-11,0.012332145793368054,0.0005480953685941259,1,0,0.0005480953685941259,0.9297346418557226
2022-01-12,0.01670775130101343,-0.0010955902492467695,1,0,-0.0010955902492467695,0.9287160336477186
2022-01-13,0.0340005483959418,-0.0032903756512201454,1,0,-0.0032903756512201454,0.9256602090237064
2022-01-14,0.03521320495185698,0.0016506189821183792,1,0,0.0016506189821183792,0.9271881213357126
2022-01-17,0.04147212304311987,-0.003845097500686734,1,0,-0.003845097500686734,0.9236229926076982
2022-01-18,0.043010752688172005,0.014061207609594728,1,0,0.014061207609594728,0.9366102472597502
2022-01-19,0.031810766721044104,-0.002446982055464897,1,0,-0.002446982055464897,0.9343183787917411
2022-01-20,0.0357045516489507,-0.002452984464431651,1,0,-0.002452984464431651,0.932026510323732
2022-01-21,0.03770491803278686,0.0024590163934425924,1,0,0.0024590163934425924,0.9343183787917411
2022-01-24,0.029435813573180702,0.0016353229762877675,1,0,0.0016353229762877675,0.9358462911037472
2022-01-25,0.041088435374149634,-0.014421768707483018,1,0,-0.014421768707483018,0.9223497323476931
2022-01-26,0.05742683600220877,-0.008282716731087714,1,0,-0.008282716731087714,0.9147101707876626
2022-01-27,0.07182628062360807,0.007795100222717233,1,0,0.007795100222717233,0.9218404282436912
2022-01-28,0.08756906077348048,0.005248618784530201,1,0,0.005248618784530201,0.9266788172317104
2022-02-07,0.07914262159934049,0.0038472107721903015,1,0,0.0038472107721903015,0.9302439459597248
2022-02-08,0.10758280865042447,0.004106214070626946,1,0,0.004106214070626946,0.9340637267397401
2022-02-09,0.06052344601962911,-0.003816793893129833,1,0,-0.003816793893129833,0.9304985980117259
2022-02-10,0.07963875205254523,0.016420361247947435,1,0,0.016420361247947435,0.945777721131787
2022-02-11,0.05573505654281097,0.004308023694130414,1,0,0.004308023694130414,0.9498521539638034
2022-02-14,0.03967828418230557,-0.00965147453083115,1,0,-0.00965147453083115,0.9406846800917666
2022-02-15,0.03519220357336228,0.004872766648619464,1,0,0.004872766648619464,0.9452684170277851
2022-02-16,0.031788793103448176,0.015894396551723977,1,0,0.015894396551723977,0.9602928880958451
2022-02-17,0.0236011667992575,-0.0021214531954388827,1,0,-0.0021214531954388827,0.9582556716798369
2022-02-18,0.020196651607759852,0.007706617060855736,1,0,0.007706617060855736,0.9656405811878666
2022-02-21,0.016350210970464296,-0.002373417721519,1,0,-0.002373417721519,0.9633487127198573
2022-02-22,0.015331747290510345,0.003172085646312439,1,0,0.003172085646312439,0.9664045373438696
2022-02-23,0.02371541501976271,0.0013175230566535578,1,0,0.0013175230566535578,0.9676777976038747
2022-02-24,0.02947368421052632,-0.000526315789473597,1,0,-0.000526315789473597,0.9671684934998728
2022-02-25,0.028436018957346043,-0.005529225908372792,1,0,-0.005529225908372792,0.9618208004078513
2022-02-28,0.021975112523166418,0.012973259200423692,1,0,0.012973259200423692,0.9742987509559013
2022-03-01,0.003659174072137894,0.001045478306325176,1,0,0.001045478306325176,0.9753173591639055
2022-03-02,0.0033942558746735685,0.005221932114882533,1,0,0.005221932114882533,0.9804104002039259
2022-03-03,0.0,0.022597402597402505,1,0,0.022597402597402505,1.0025651287280146
2022-03-04,-0.02413004826009646,-0.002540005080010066,1,0,-0.002540005080010066,1.0000186082080045
2022-03-07,-0.022663610898905007,0.030303030303030276,1,0,0.030303030303030276,1.0303222023961258
2022-03-08,-0.046465645081562035,-0.03855659911023235,1,0,-0.03855659911023235,0.9905964822839667
2022-03-09,-0.0012853470437018677,0.014138817480719768,1,0,0.014138817480719768,1.0046023451440227
2022-03-10,-0.011153358681875836,-0.006083650190114032,1,0,-0.006083650190114032,0.9984906958959983
2022-03-11,-0.0017852588625349997,-0.010966590155572442,1,0,-0.010966590155572442,0.9875406576599546
2022-03-14,0.01598762248581731,-0.013924703455389431,1,0,-0.013924703455389431,0.9737894468518995
2022-03-15,0.029811715481171674,0.001569037656903749,1,0,0.001569037656903749,0.9753173591639056
2022-03-16,0.034725848563968764,0.007832898172323688,1,0,0.007832898172323688,0.9829569207239361
2022-03-17,0.020466321243523433,-0.005440414507771996,1,0,-0.005440414507771996,0.9776092276319147
2022-03-18,0.015108101067986324,0.0039072675175826355,1,0,0.0039072675175826355,0.9814290084119299
2022-03-21,0.017384535547483093,-0.0033731188375712984,1,0,-0.0033731188375712984,0.9781185317359167
2022-03-22,0.026034886748242503,0.011455350169226719,1,0,0.011455350169226719,0.9893232220239615
2022-03-23,0.010038610038610063,0.006949806949807069,1,0,0.006949806949807069,0.9961988274279892
2022-03-24,-0.004089979550102263,-0.0015337423312883347,1,0,-0.0015337423312883347,0.994670915115983
2022-03-25,-0.0017921146953405742,-0.011776753712237631,1,0,-0.011776753712237631,0.9829569207239361
2022-03-28,0.0028497409326424528,-0.005181347150259086,1,0,-0.005181347150259086,0.9778638796839157
2022-03-29,0.025260416666666563,0.0007812499999999556,1,0,0.0007812499999999556,0.9786278358399187
2022-03-30,0.021597710122300384,0.0018214936247722413,1,0,0.0018214936247722413,0.9804104002039258
2022-03-31,0.01298701298701288,-0.002077922077922123,1,0,-0.002077922077922123,0.9783731837879176
2022-04-01,0.02602811035918795,-0.0010411244143675447,1,0,-0.0010411244143675447,0.9773545755799135
2022-04-06,0.021104742053152714,0.005211047420531578,1,0,0.005211047420531578,0.9824476166199339
2022-04-07,0.0038880248833592645,0.006998444790046632,1,0,0.006998444790046632,0.9893232220239614
2022-04-08,0.008751608751608853,0.00411840411840414,1,0,0.00411840411840414,0.9933976548559778
2022-04-11,-0.0038451679056651367,0.0033324788515765036,1,0,0.0033324788515765036,0.996708131531991
2022-04-12,-0.00945324476239151,0.006642820643842473,1,0,0.006642820643842473,1.0033290848840173
2022-04-13,-0.017258883248730927,-0.0005076142131978933,1,0,-0.0005076142131978933,1.0028197807800152
2022-04-14,-0.024631792788217366,0.006348400203148863,1,0,0.006348400203148863,1.0091860820800407
2022-04-15,-0.028009084027252107,-0.006056018168054456,1,0,-0.006056018168054456,1.0030744328320162
2022-04-18,-0.017517136329017524,-0.010662604722010749,1,0,-0.010662604722010749,0.9923790466479734
2022-04-19,-0.005645368231973258,0.00615858352578913,1,0,0.00615858352578913,0.9984906958959979
2022-04-20,-0.012496812037745442,0.00510073960724311,1,0,0.00510073960724311,1.0035837369360183
2022-04-21,-0.01243339253996445,-0.004313625983252911,1,0,-0.004313625983252911,0.999254652052001
2022-04-22,-0.00917431192660556,-0.007135575942915362,1,0,-0.007135575942915362,0.9921243945959726
2022-04-25,0.004363449691991761,0.0007700205338809774,1,0,0.0007700205338809774,0.9928883507519757
2022-04-26,-0.0015388561169531467,-0.007181328545781018,1,0,-0.007181328545781018,0.9857580932959471
2022-04-27,0.0005166623611470023,0.01704985791785063,1,0,0.01704985791785063,1.0025651287280144
2022-04-28,-0.023114046228092433,-0.002794005588011128,1,0,-0.002794005588011128,0.9997639561560032
2022-04-29,-0.012735608762098893,-0.0066225165562914245,1,0,-0.0066225165562914245,0.9931430028039767
2022-05-05,-0.00846153846153841,0.010769230769230864,1,0,0.010769230769230864,1.0038383889880196
2022-05-06,-0.023338406900050734,-0.005834601725012711,1,0,-0.005834601725012711,0.9979813917919961
2022-05-09,-0.012503189589180841,-0.011737688185761597,1,0,-0.011737688185761597,0.9862673973999493
2022-05-10,0.004647560030983655,0.011877097856958452,1,0,0.011877097856958452,0.9979813917919962
2022-05-11,-0.012503189589180841,-0.008420515437611575,1,0,-0.008420515437611575,0.9895778740759626
2022-05-12,0.013896037056098764,-0.0023160061760165718,1,0,-0.0023160061760165718,0.9872860056079533
2022-05-13,-0.0030951766830021876,-0.0012896569512509393,1,0,-0.0012896569512509393,0.9860127453479482
2022-05-16,-0.010330578512396715,-0.008006198347107363,1,0,-0.008006198347107363,0.9781185317359167
2022-05-17,0.0005206977349647701,0.0028638375423066798,1,0,0.0028638375423066798,0.9809197043079279
2022-05-18,0.004413291796469432,0.004672897196261738,1,0,0.004672897196261738,0.9855034412439463
2022-05-19,-0.0005167958656331351,0.0012919896640826156,1,0,0.0012919896640826156,0.9867767015039514
2022-05-20,-0.004129032258064491,-0.0007741935483871476,1,0,-0.0007741935483871476,0.9860127453479482
2022-05-23,-0.0064566115702479054,0.005165289256198413,1,0,0.005165289256198413,0.9911057863879688
2022-05-24,-0.008478931140801671,-0.0010277492291880241,1,0,-0.0010277492291880241,0.9900871781799647
2022-05-25,-0.016975308641975273,0.0064300411522633105,1,0,0.0064300411522633105,0.9964534794799902
2022-05-26,-0.018144646051622693,-0.00511116790186561,1,0,-0.00511116790186561,0.9913604384399698
2022-05-27,-0.014898535833547388,-0.005137426149498969,1,0,-0.005137426149498969,0.9862673973999495
2022-05-30,-0.011102504518461176,-0.006971340046475594,1,0,-0.006971340046475594,0.979391791995922
2022-05-31,-0.0049401976079043175,0.007800312012480548,1,0,0.007800312012480548,0.9870313535559526
2022-06-01,-0.020123839009287936,-0.0023219814241486336,1,0,-0.0023219814241486336,0.9847394850879434
2022-06-02,-0.01887768295836567,-0.004396172743728943,1,0,-0.004396172743728943,0.9804104002039261
2022-06-06,-0.013246753246753284,0.0051948051948051965,1,0,0.0051948051948051965,0.9855034412439465
2022-06-07,-0.035400516795865644,0.005426356589147252,1,0,0.005426356589147252,0.9908511343359679
2022-06-08,-0.05422770496016449,-0.005397070161912043,1,0,-0.005397070161912043,0.9855034412439466
2022-06-09,-0.05167958656330751,0.018087855297157507,1,0,0.018087855297157507,1.003329084884018
2022-06-10,-0.06979695431472077,-0.019035532994923776,1,0,-0.019035532994923776,0.9842301809839415
2022-06-13,-0.05459249676584743,-0.00853816300129373,1,0,-0.00853816300129373,0.9758266632679078
2022-06-14,-0.04645093945720247,0.002870563674321591,1,0,0.002870563674321591,0.9786278358399191
2022-06-15,-0.04787926099401518,0.006765547749154388,1,0,0.006765547749154388,0.9852487891919457
2022-06-16,-0.06048074437839246,-0.00025846471956592065,1,0,-0.00025846471956592065,0.9849941371399445
2022-06-17,-0.05997931747673213,-0.002326783867631854,1,0,-0.002326783867631854,0.9827022686719353
2022-06-20,-0.061155739828971156,-0.003109613889608731,1,0,-0.003109613889608731,0.9796464440479231
2022-06-21,-0.0569274759552898,0.0031193137509748503,1,0,0.0031193137509748503,0.9827022686719354
2022-06-22,-0.06582016066338425,-0.00958797615962681,1,0,-0.00958797615962681,0.9732801427478978
2022-06-23,-0.04578754578754585,0.005232862375719627,1,0,0.005232862375719627,0.9783731837879183
2022-06-24,-0.048412285268089494,-0.0018219677251432032,1,0,-0.0018219677251432032,0.9765906194239111
2022-06-27,-0.04485006518904833,-0.0013037809647978849,1,0,-0.0013037809647978849,0.975317359163906
2022-06-28,-0.044386422976501305,-0.0007832898172324132,1,0,-0.0007832898172324132,0.9745534030079029
2022-06-29,-0.03553697413117329,-0.007577737130911921,1,0,-0.007577737130911921,0.9671684934998734
2022-06-30,-0.01948393891521849,-0.0010531858873090716,1,0,-0.0010531858873090716,0.9661498852918694
2022-07-01,-0.01238798102266736,0.0013178703215603882,1,0,0.0013178703215603882,0.9674231455518746
2022-07-04,-0.002369044485390881,-0.017372992892866534,1,0,-0.017372992892866534,0.9506161101198073
2022-07-05,0.0021430484864719546,-0.014197696222877032,1,0,-0.014197696222877032,0.9371195513637532
2022-07-06,0.019565217391304346,-0.0027173913043478937,1,0,-0.0027173913043478937,0.934573030843743
2022-07-07,0.03242506811989099,-0.0013623978201634523,1,0,-0.0013623978201634523,0.9332997705837379
2022-07-08,0.026193724420191078,-0.0030013642564802323,1,0,-0.0030013642564802323,0.9304985980117267
2022-07-11,0.03612479474548436,0.0,1,0,0.0,0.9304985980117267
2022-07-12,0.039135194307608145,0.0013683634373289344,1,0,0.0013683634373289344,0.9317718582717318
2022-07-13,0.03416233943700475,-0.0065591691719049106,1,0,-0.0065591691719049106,0.9256602090237073
2022-07-14,0.04071526822558469,0.00027510316368650756,1,0,0.00027510316368650756,0.9259148610757084
2022-07-15,0.04675467546754675,-0.003575357535753554,1,0,-0.003575357535753554,0.9226043843996952
2022-07-18,0.04581838255589288,0.0013800717637317828,1,0,0.0013800717637317828,0.9238776446597003
2022-07-19,0.042723263506063924,-0.006339581036383768,1,0,-0.006339581036383768,0.9180206474636768
2022-07-20,0.043550624133148474,0.011650485436893065,1,0,0.011650485436893065,0.9287160336477196
2022-07-21,0.029887578831916617,0.002467781738415331,1,0,0.002467781738415331,0.9310079021157289
2022-07-22,0.02653172866520781,0.001914660831509707,1,0,0.001914660831509707,0.932790466479736
2022-07-25,0.02648102648102646,-0.0008190008190007703,1,0,-0.0008190008190007703,0.932026510323733
2022-07-26,0.031147540983606614,0.008469945355191077,1,0,0.008469945355191077,0.9399207239357644
2022-07-27,0.02817664589542135,0.008940666486047188,1,0,0.008940666486047188,0.9483242416517981
2022-07-28,0.019065520945220182,0.006176154672395295,1,0,0.006176154672395295,0.9541812388478216
2022-07-29,0.0021350413664265044,0.011475847344542434,1,0,0.011475847344542434,0.9651312770838656
2022-08-01,-0.0015831134564644467,-0.012928759894459074,1,0,-0.012928759894459074,0.9526533265358157
2022-08-02,0.007484629778134133,0.0029403902699811635,1,0,0.0029403902699811635,0.9554544991078268
2022-08-03,-0.003997867803837818,0.009861407249467158,1,0,0.009861407249467158,0.9648766250318647
2022-08-04,-0.0182106096595408,-0.007389812615465785,1,0,-0.007389812615465785,0.9577463675758361
2022-08-05,-0.0029247540547726603,0.00664716830630141,1,0,0.00664716830630141,0.9641126688758614
2022-08-08,-0.002641310089804616,0.002905441098784989,1,0,0.002905441098784989,0.9669138414478726
2022-08-09,-0.011324730050039533,-0.0034237555965236366,1,0,-0.0034237555965236366,0.9636033647718593
2022-08-10,0.0005285412262157063,-0.00026427061310774214,1,0,-0.00026427061310774214,0.9633487127198583
2022-08-11,-0.0007930214115781098,0.006079830822098842,1,0,0.006079830822098842,0.9692057099158817
2022-08-12,-0.006305832895428298,-0.004466631634261642,1,0,-0.004466631634261642,0.9648766250318644
2022-08-15,-0.00607020321984697,-0.0015835312747427555,1,0,-0.0015835312747427555,0.9633487127198582
2022-08-16,-0.008194554586307246,-0.0055511498810467685,1,0,-0.0055511498810467685,0.9580010196278368
2022-08-17,-0.009037745879851067,-0.0015948963317384823,1,0,-0.0015948963317384823,0.9564731073158307
2022-08-18,-0.004792332268370503,-0.0007987220447283061,1,0,-0.0007987220447283061,0.9557091511598278
2022-08-19,0.0015987210231813709,0.0018651745270450437,1,0,0.0018651745270450437,0.9574917155238349
2022-08-22,-0.0026595744680850686,0.0037234042553191404,1,0,0.0037234042553191404,0.9610568442518492
2022-08-23,-0.005829358770535253,0.00556438791732905,1,0,0.00556438791732905,0.9664045373438706
2022-08-24,-0.006851119894598079,0.0,1,0,0.0,0.9664045373438706
2022-08-25,-0.015019762845849827,-0.010540184453227908,1,0,-0.010540184453227908,0.9562184552638298
2022-08-26,-0.00612516644474026,0.007723035952063917,1,0,0.007723035952063917,0.9636033647718594
2022-08-29,-0.010835095137420647,-0.003964059196617242,1,0,-0.003964059196617242,0.9597835839918442
2022-08-30,0.0026532236667551334,-0.00849031573361636,1,0,-0.00849031573361636,0.9516347183278115
2022-08-31,0.011774150388011773,-0.004549103559004508,1,0,-0.004549103559004508,0.9473056334437943
2022-09-01,0.030376344086021412,0.008064516129032251,1,0,0.008064516129032251,0.9549451950038248
2022-09-02,0.014399999999999968,0.006933333333333236,1,0,0.006933333333333236,0.9615661483558512
2022-09-05,0.0068855932203391035,-0.005826271186440635,1,0,-0.005826271186440635,0.9559638032118288
2022-09-06,0.015982951518380473,0.008524240809802963,1,0,0.008524240809802963,0.9641126688758616
2022-09-07,0.004754358161648042,-0.0015847860538827918,1,0,-0.0015847860538827918,0.9625847565638553
2022-09-08,0.005291005291005346,0.0005291005291006012,1,0,0.0005291005291006012,0.9630940606678574
2022-09-09,0.003701745108408261,-0.004230565838180822,1,0,-0.004230565838180822,0.9590196278358412
2022-09-13,0.008762612851832108,-0.0037174721189591198,1,0,-0.0037174721189591198,0.9554544991078269
2022-09-14,0.006130063965885002,-0.006396588486140664,1,0,-0.006396588486140664,0.9493428498598024
2022-09-15,0.013680257510729543,0.0026824034334762548,1,0,0.0026824034334762548,0.9518893703798125
2022-09-16,0.020599250936329527,0.00561797752808979,1,0,0.00561797752808979,0.9572370634718338
2022-09-19,0.019420058526203876,-0.002394253790901857,1,0,-0.002394253790901857,0.9549451950038246
2022-09-20,0.020533333333333292,0.0005333333333332746,1,0,0.0005333333333332746,0.9554544991078265
2022-09-21,0.016524520255863706,0.004530916844349697,1,0,0.004530916844349697,0.9597835839918439
2022-09-22,0.014062085433802052,-0.008224993366940825,1,0,-0.008224993366940825,0.9518893703798124
2022-09-23,0.018459069020866803,-0.0016051364365970988,1,0,-0.0016051364365970988,0.9503614580678063
2022-09-26,0.020364415862808016,0.00294748124330102,1,0,0.00294748124330102,0.9531626306398173
2022-09-27,0.019503072401816812,0.009617953513224586,1,0,0.009617953513224586,0.962330104511854
2022-09-28,0.007409367557554836,0.000529240539825393,1,0,0.000529240539825393,0.962839408615856
2022-09-29,0.0063475271092303664,0.013752975403332535,1,0,0.013752975403332535,0.9760813153199092
2022-09-30,0.0002608922515001666,-0.007565875293503832,1,0,-0.007565875293503832,0.9686964058118795
2022-10-10,0.007886435331230457,-0.000525762355415349,1,0,-0.000525762355415349,0.9681871017078775
2022-10-11,0.02656496580746981,0.0031562335612835835,1,0,0.0031562335612835835,0.9712429263318898
2022-10-12,0.03224960671211319,-0.002621919244887305,1,0,-0.002621919244887305,0.9686964058118795
2022-10-13,0.04547844374342791,-0.001051524710830698,1,0,-0.001051524710830698,0.9676777976038755
2022-10-14,0.03894736842105262,-0.001052631578947416,1,0,-0.001052631578947416,0.9666591893958714
2022-10-17,0.034510010537407876,0.0007903055848261786,1,0,0.0007903055848261786,0.9674231455518745
2022-10-18,0.03816793893129766,-0.006317451961042386,1,0,-0.006317451961042386,0.96131149630385
2022-10-19,0.04741721854304637,0.001059602649006619,1,0,0.001059602649006619,0.9623301045118541
2022-10-20,0.046043926964805415,0.009526329716856408,1,0,0.009526329716856408,0.9714975783838908
2022-10-21,0.029882044560943566,0.004456094364351237,1,0,0.004456094364351237,0.9758266632679081
2022-10-24,0.02713987473903967,-0.0013048016701461274,1,0,-0.0013048016701461274,0.974553403007903
2022-10-25,0.026914031878756184,-0.003396916644891501,1,0,-0.003396916644891501,0.9712429263318898
2022-10-26,0.03696906135291034,0.002097535395909844,1,0,0.002097535395909844,0.973280142747898
2022-10-27,0.03610675039246458,-0.00392464678178972,1,0,-0.00392464678178972,0.9694603619678827
2022-10-28,0.04386656159705815,0.00026267402153923314,1,0,0.00026267402153923314,0.9697150140198837
2022-10-31,0.037289915966386644,0.0021008403361344463,1,0,0.0021008403361344463,0.9717522304358919
2022-11-01,0.03380503144654079,-0.002358490566037763,1,0,-0.002358490566037763,0.9694603619678827
2022-11-02,0.03624901497241928,-0.0005253480430784663,1,0,-0.0005253480430784663,0.9689510578638807
2022-11-03,0.04494086727989477,0.007621550591327075,1,0,0.007621550591327075,0.9763359673719102
2022-11-04,0.03495044340114761,0.0,1,0,0.0,0.9763359673719102
2022-11-07,0.01851851851851838,0.017996870109546093,1,0,0.017996870109546093,0.9939069589599805
2022-11-08,-0.000768639508070712,0.00871124775813481,1,0,0.00871124775813481,1.0025651287280153
2022-11-09,-0.00762001524003042,0.010160020320040708,1,0,0.010160020320040708,1.012751210808056
2022-11-10,-0.014835302992205146,-0.007291928589388985,1,0,-0.007291928589388985,1.0053663013000265
2022-11-11,-0.0037993920972644313,-0.005319148936170137,1,0,-0.005319148936170137,1.0000186082080051
2022-11-14,-0.002037178507766746,0.0043290043290042934,1,0,0.0043290043290042934,1.0043476930920225
2022-11-15,0.005324543610547572,0.002535496957403627,1,0,0.002535496957403627,1.0068942136120327
2022-11-16,-0.002781992918563514,-0.0002529084471422083,1,0,-0.0002529084471422083,1.0066395615600316
2022-11-17,-0.010877814318239198,-0.006071338224133527,1,0,-0.006071338224133527,1.0005279123120072
2022-11-18,0.0010180707559175328,0.001781623822855627,1,0,0.001781623822855627,1.0023104766760143
2022-11-21,0.0,-0.0015243902439023849,1,0,-0.0015243902439023849,1.0007825643640083
2022-11-22,0.015521628498727624,0.006361323155216203,1,0,0.006361323155216203,1.0071488656640337
2022-11-23,0.008091024020227655,0.0012642225031604948,1,0,0.0012642225031604948,1.0084221259240387
2022-11-24,-0.002020202020202033,0.0035353535353535026,1,0,0.0035353535353535026,1.011987254652053
2022-11-25,-0.006039255158530432,-0.006039255158530432,1,0,-0.006039255158530432,1.0058756054040285
2022-11-28,0.00025316455696189344,-0.0012658227848102444,1,0,-0.0012658227848102444,1.0046023451440234
2022-11-29,0.008365019011406849,0.0,1,0,0.0,1.0046023451440234
2022-11-30,0.006337135614702172,0.00785804816223079,1,0,0.00785804816223079,1.012496558756055
2022-12-01,-0.0015090543259557165,-0.002012072434607659,1,0,-0.002012072434607659,1.010459342340047
2022-12-02,0.0037802419354839856,-0.01587701612903225,1,0,-0.01587701612903225,0.9944162630639827
2022-12-05,0.02432778489116516,-0.001280409731113874,1,0,-0.001280409731113874,0.9931430028039776
2022-12-06,0.029743589743589816,0.0017948717948719217,1,0,0.0017948717948719217,0.9949255671679849
2022-12-07,0.016124904018428587,0.002815459431789069,1,0,0.002815459431789069,0.997726739739996
2022-12-08,0.025012761613067758,0.003828483920367498,1,0,0.003828483920367498,1.0015465205200114
2022-12-09,0.01779811848461743,-0.0035596236969234196,1,0,-0.0035596236969234196,0.9979813917919972
2022-12-12,0.025006379178361904,0.011737688185761597,1,0,0.011737688185761597,1.009695386184044
2022-12-13,0.012105926860025207,-0.0055485498108448494,1,0,-0.0055485498108448494,1.0040930410400217
2022-12-14,0.020542733958914594,-0.008369261983261489,1,0,-0.008369261983261489,0.9956895233239881
2022-12-15,0.0378516624040921,0.00588235294117645,1,0,0.00588235294117645,1.0015465205200116
2022-12-16,0.034833460462751153,0.0007627765064837089,1,0,0.0007627765064837089,1.0023104766760147
2022-12-19,0.034044715447154594,0.013973577235772305,1,0,0.013973577235772305,1.0163163395360708
2022-12-20,0.015033826108744597,-0.0010022550739162694,1,0,-0.0010022550739162694,1.0152977313280667
2022-12-21,0.028342111863556507,-0.0087785302232255,1,0,-0.0087785302232255,1.006384909508031
2022-12-22,0.03491902834008087,-0.0005060728744938903,1,0,-0.0005060728744938903,1.005875605404029
2022-12-23,0.03468354430379739,0.00025316455696189344,1,0,0.00025316455696189344,1.0061302574560298
2022-12-26,0.033662363958491426,0.006833712984054774,1,0,0.006833712984054774,1.0130058628600573
2022-12-27,0.036701860231271866,-0.002011060834590239,1,0,-0.002011060834590239,1.0109686464440493
2022-12-28,0.02745591939546599,0.0,1,0,0.0,1.0109686464440493
2022-12-29,0.012846347607052833,0.003274559193954696,1,0,0.003274559193954696,1.0142791231200625
2022-12-30,0.006778809942254549,0.004268139593271325,1,0,0.004268139593271325,1.0186082080040797
2023-01-03,0.0024999999999999467,0.0040000000000000036,1,0,0.0040000000000000036,1.022682640836096
2023-01-04,-0.0014940239043825798,-0.01145418326693226,1,0,-0.01145418326693226,1.010968646444049
2023-01-05,0.006801007556674898,0.011586901763224189,1,0,0.011586901763224189,1.022682640836096
2023-01-06,0.003486055776892538,-0.003237051792828627,1,0,-0.003237051792828627,1.0193721641600828
2023-01-09,-0.000999250562078391,0.0034973769672745902,1,0,0.0034973769672745902,1.022937292888097
2023-01-10,0.0,-0.0009957679860593815,1,0,-0.0009957679860593815,1.021918684680093
2023-01-11,-0.0044854223772737845,0.0027410914527785657,1,0,0.0027410914527785657,1.0247198572521043
2023-01-12,-0.0062127236580517,0.008449304174950267,1,0,0.008449304174950267,1.033378027020139
2023-01-13,-0.012321340561853078,0.0029571217348449697,1,0,0.0029571217348449697,1.0364338516441514
2023-01-16,-0.014742014742014864,0.0,1,0,0.0,1.0364338516441514
2023-01-17,-0.0144963144963145,-0.004668304668304701,1,0,-0.004668304668304701,1.031595462656132
2023-01-18,-0.010861515675142042,0.0120957788200442,1,0,0.0120957788200442,1.0440734132041816
2023-01-19,-0.02121951219512186,-0.0024390243902439046,1,0,-0.0024390243902439046,1.0415268926841714
2023-01-20,-0.017114914425427896,-0.0007334963325184019,1,0,-0.0007334963325184019,1.0407629365281683
2023-01-30,-0.017127477367261945,-0.0007340347443112183,1,0,-0.0007340347443112183,1.0399989803721652
2023-01-31,-0.01346718903036237,0.009794319294809117,1,0,0.009794319294809117,1.0501850624522062
2023-02-01,-0.02521823472356932,-0.010911736178467524,1,0,-0.010911736178467524,1.0387257201121602
2023-02-02,-0.010051483206668155,-0.014219171365530747,1,0,-0.014219171365530747,1.023955901096101
2023-02-03,0.010445162894802351,-0.0027356379010197163,1,0,-0.0027356379010197163,1.0211547285240898
2023-02-06,0.015461346633416584,0.0,1,0,0.0,1.0211547285240898
2023-02-07,0.005486284289276888,0.0,1,0,0.0,1.0211547285240898
2023-02-08,0.005486284289276888,-0.0032418952618453734,1,0,-0.0032418952618453734,1.0178442518480766
2023-02-09,0.015511633725294072,0.008256192144108221,1,0,0.008256192144108221,1.0262477695641103
2023-02-10,0.018858560794044577,-0.007692307692307776,1,0,-0.007692307692307776,1.0183535559520787
2023-02-13,0.03150787696924229,0.004501125281320295,1,0,0.004501125281320295,1.0229372928880969
2023-02-14,0.03061986557132168,-0.005476723923325877,1,0,-0.005476723923325877,1.0173349477440745
2023-02-15,0.04330413016270329,0.0010012515644555187,1,0,0.0010012515644555187,1.0183535559520784
2023-02-16,0.044761190297574416,0.0022505626406601476,1,0,0.0022505626406601476,1.0206454244200875
2023-02-17,0.06511976047904189,0.0004990019960078307,1,0,0.0004990019960078307,1.0211547285240894
2023-02-20,0.07730673316708248,0.00024937655860357566,1,0,0.00024937655860357566,1.0214093805760904
2023-02-21,0.053602592869608445,-0.000997257541760277,1,0,-0.000997257541760277,1.0203907723680863
2023-02-22,0.06288994260044944,0.001497379585724934,1,0,0.001497379585724934,1.0219186846800923
2023-02-23,0.06653376526289567,0.0017443309244953298,1,0,0.0017443309244953298,1.0237012490440993
2023-02-24,0.06144278606965203,-0.0007462686567162313,1,0,-0.0007462686567162313,1.0229372928880964
2023-02-27,0.053771471247199276,0.0029873039581775895,1,0,0.0029873039581775895,1.0259931175121084
2023-02-28,0.054355919583023216,-0.0022338049143708627,1,0,-0.0022338049143708627,1.023701249044099
2023-03-01,0.054975124378109586,0.00447761194029872,1,0,0.00447761194029872,1.0282849859801177
2023-03-02,0.05547300643883091,0.006191183754333807,1,0,0.006191183754333807,1.0346512872801432
2023-03-03,0.05094757568299291,0.0022151119862172663,1,0,0.0022151119862172663,1.0369431557481525
2023-03-06,0.046168958742632604,-0.00982318271119842,1,0,-0.00982318271119842,1.0267570736681118
2023-03-07,0.07366071428571419,0.0,1,0,0.0,1.0267570736681118
2023-03-08,0.07242063492063489,0.006696428571428603,1,0,0.006696428571428603,1.0336326790721393
2023-03-09,0.05962059620596216,0.011579206701157752,1,0,0.011579206701157752,1.0456013255161871
2023-03-10,0.04310764734534844,0.004627374573794585,1,0,0.004627374573794585,1.0504397145042066
2023-03-13,0.048969696969696885,0.0036363636363636598,1,0,0.0036363636363636598,1.054259495284222
2023-03-14,0.047101449275362306,0.006763285024154797,1,0,0.006763285024154797,1.0613897527402507
2023-03-15,0.0513435700575815,0.002399232245681393,1,0,0.002399232245681393,1.0639362732602609
2023-03-16,0.028482527525131696,0.021780756342747676,1,0,0.021780756342747676,1.0871096099923536
2023-03-17,0.007495900679316048,0.011946591707659993,1,0,0.011946591707659993,1.1000968646444058
2023-03-20,-0.001388888888888995,-0.021759259259259367,1,0,-0.021759259259259367,1.0761595717563097
2023-03-21,0.017037387600567833,0.007808802650260294,1,0,0.007808802650260294,1.0845630894723435
2023-03-22,0.01267903263676895,0.004930734914299073,1,0,0.004930734914299073,1.0899107825643648
2023-03-23,0.002336448598130758,-0.0030373831775700744,1,0,-0.0030373831775700744,1.0866003058883515
2023-03-24,0.010077337707991463,-0.007968127490040056,1,0,-0.007968127490040056,1.0779421361203165
2023-03-27,0.022442712024568934,0.003543586109142627,1,0,0.003543586109142627,1.081761916900332
2023-03-28,0.017419962335216477,-0.001647834274953075,1,0,-0.001647834274953075,1.0799793525363248
2023-03-29,0.013911813251591632,0.004951662343786856,1,0,0.004951662343786856,1.0853270456283461
2023-03-30,0.0347254809948383,0.0018770530267480101,1,0,0.0018770530267480101,1.0873642620443542
2023-03-31,0.03419203747072608,-0.0023419203747072626,1,0,-0.0023419203747072626,1.084817741524344
2023-04-03,0.023004694835680795,0.01619718309859164,1,0,0.01619718309859164,1.1023887331124145
2023-04-04,0.009702009702009962,-0.0011550011550011119,1,0,-0.0011550011550011119,1.1011154728524095
2023-04-06,0.015957446808510634,-0.005319148936170137,1,0,-0.005319148936170137,1.0952584756563861
2023-04-07,0.02371541501976271,-0.004185073238781589,1,0,-0.004185073238781589,1.090674738720368
2023-04-10,0.022647676862012522,0.010273173009572645,1,0,0.010273173009572645,1.1018794290084126
2023-04-11,0.012710885139819661,0.0018488560203373527,1,0,0.0018488560203373527,1.1039166454244207
2023-04-12,0.011534025374855705,0.010841983852364345,1,0,0.010841983852364345,1.1158852918684685
2023-04-13,-0.006846188954815036,-0.019397535371976304,1,0,-0.019397535371976304,1.0942398674483818
2023-04-14,0.011636025133814565,0.0009308820107052362,1,0,0.0009308820107052362,1.095258475656386
2023-04-17,0.006045105789351357,0.0030225528946756786,1,0,0.0030225528946756786,1.0985689523323992
2023-04-18,0.008576726935558554,-0.0037088548910524377,1,0,-0.0037088548910524377,1.0944945195003828
2023-04-19,0.009539320614239344,0.003489995346672714,1,0,0.003489995346672714,1.098314300280398
2023-04-20,0.011592858798979977,-0.005332715047530634,1,0,-0.005332715047530634,1.0924573030843745
2023-04-21,0.008624708624708655,0.004662004662004504,1,0,0.004662004662004504,1.0975503441243948
2023-04-24,0.0016241299303945134,0.004176334106728685,1,0,0.004176334106728685,1.1021340810604132
2023-04-25,-0.004158964879852234,-0.0013863216266174483,1,0,-0.0013863216266174483,1.100606168748407
2023-04-26,-0.002776492364646055,-0.005090236001851101,1,0,-0.005090236001851101,1.0950038236043844
2023-04-27,0.009534883720930365,0.0255813953488373,1,0,0.0255813953488373,1.1230155493244967
2023-04-28,-0.008390022675736963,0.0013605442176871652,1,0,0.0013605442176871652,1.1245434616365029
2023-05-04,-0.007699275362318958,-0.013134057971014634,1,0,-0.013134057971014634,1.1097736426204436
2023-05-05,-0.0064249655805413974,0.002983019733822978,1,0,0.002983019733822978,1.1130841192964571
2023-05-08,-0.003202928391672466,0.005033173186913542,1,0,0.005033173186913542,1.1186864644404793
2023-05-09,-0.005690871841566025,0.00227634873662641,1,0,0.00227634873662641,1.1212329849604894
2023-05-10,-0.014081308198955145,-0.005223711106064011,1,0,-0.005223711106064011,1.115375987764466
2023-05-11,-0.0031963470319634757,0.0004566210045662267,1,0,0.0004566210045662267,1.115885291868468
2023-05-12,-0.0031948881789135575,0.000684618895481437,1,0,0.000684618895481437,1.116649248024471
2023-05-15,-0.0004561003420752163,-0.007525655644241569,1,0,-0.007525655644241569,1.1082457303084374
2023-05-16,0.0022977941176469674,-0.0011488970588234837,1,0,-0.0011488970588234837,1.1069724700484325
2023-05-17,0.00023004370830448373,-0.004600874166091673,1,0,-0.004600874166091673,1.101879429008412
2023-05-18,0.007626531083891885,0.00554656806101228,1,0,0.00554656806101228,1.1079910782564364
2023-05-19,0.003217651114686415,-0.0027579866697310385,1,0,-0.0027579866697310385,1.1049352536324242
2023-05-22,0.006683567642313815,0.005531228393639065,1,0,0.005531228393639065,1.1110469028804486
2023-05-23,-0.0006876002750401122,-0.008251203300481458,1,0,-0.008251203300481458,1.1018794290084117
2023-05-24,0.006008782066096563,-0.0023110700254217464,1,0,-0.0023110700254217464,1.0993329084884016
2023-05-25,0.009497336113041266,-0.0016214964095437878,1,0,-0.0016214964095437878,1.0975503441243943
2023-05-26,0.0046403712296985145,0.0,1,0,0.0,1.0975503441243943
2023-05-29,0.0058004640371229765,0.007192575406032686,1,0,0.007192575406032686,1.1054445577364262
2023-05-30,0.0020732550103661485,0.00737157337019112,1,0,0.00737157337019112,1.1135934234004587
2023-05-31,-0.002058083695403723,0.00205808369540339,1,0,0.00205808369540339,1.1158852918684676
2023-06-01,-0.005476951163852162,-0.011866727521679499,1,0,-0.011866727521679499,1.1026433851644146
2023-06-02,0.008314087759815125,0.0062355658198613995,1,0,0.0062355658198613995,1.1095189905684422
2023-06-05,0.0018361257746155601,0.0025246729400965062,1,0,0.0025246729400965062,1.1123201631404536
2023-06-06,-0.005265567765567858,-0.006181318681318659,1,0,-0.006181318681318659,1.105444557736426
2023-06-07,0.0059894033632803545,0.0057590416954618195,1,0,0.0057590416954618195,1.1118108590364515
2023-06-08,0.000916170407695871,0.0004580852038480465,1,0,0.0004580852038480465,1.1123201631404538
2023-06-09,0.0016025641025640969,0.003434065934065922,1,0,0.003434065934065922,1.1161399439204691
2023-06-12,0.005475701574264136,-0.004791238877481119,1,0,-0.004791238877481119,1.1107922508284478
2023-06-13,0.008482347546996838,-0.003209536909674515,1,0,-0.003209536909674515,1.1072271221004335
2023-06-14,0.01057957681692745,0.002759889604415866,1,0,0.002759889604415866,1.1102829467244457
2023-06-15,0.011467889908256756,0.0011467889908256534,1,0,0.0011467889908256534,1.1115562069844507
2023-06-16,0.02245131729667804,0.0006872852233676952,1,0,0.0006872852233676952,1.1123201631404538
2023-06-19,0.024954212454212366,-0.001831501831501825,1,0,-0.001831501831501825,1.1102829467244457
2023-06-20,0.01903669724770629,-0.0016055045871561369,1,0,-0.0016055045871561369,1.1085003823604385
2023-06-21,0.022283482655639952,0.0011486331265793126,1,0,0.0011486331265793126,1.1097736426204434
2023-06-26,0.015603487838458108,-0.0064249655805413974,1,0,-0.0064249655805413974,1.102643385164415
2023-06-27,0.021939953810623525,0.0011547344110853786,1,0,0.0011547344110853786,1.10391664542442
2023-06-28,0.023990772779700187,0.0034602076124565784,1,0,0.0034602076124565784,1.1077364262044351
2023-06-29,0.01632183908045981,0.003218390804597737,1,0,0.003218390804597737,1.1113015549324494
2023-06-30,0.010082493125572967,-0.001374885426214556,1,0,-0.001374885426214556,1.1097736426204432
2023-07-03,0.014915098669114446,0.0018357044515833199,1,0,0.0018357044515833199,1.1118108590364515
2023-07-04,0.010994044892350008,-0.00022904260192380121,1,0,-0.00022904260192380121,1.1115562069844507
2023-07-05,0.010309278350515427,-0.004581901489118079,1,0,-0.004581901489118079,1.1064631659444302
2023-07-06,0.010126582278481067,0.005063291139240533,1,0,0.005063291139240533,1.1120655110884525
2023-07-07,0.011220517517746886,0.0006869704602703308,1,0,0.0006869704602703308,1.1128294672444556
2023-07-10,0.009153318077803174,0.0011441647597254523,1,0,0.0011441647597254523,1.1141027275044608
2023-07-11,0.00845714285714294,0.007314285714285829,1,0,0.007314285714285829,1.1222515931684935
2023-07-12,-0.002722940776038185,-0.0018152938506921235,1,0,-0.0018152938506921235,1.1202143767524853
2023-07-13,0.0004546487838144042,-0.0011366219595362326,1,0,-0.0011366219595362326,1.1189411164924803
2023-07-14,0.004779244424214735,0.003641329085116052,1,0,0.003641329085116052,1.1230155493244967
2023-07-17,0.0024943310657596918,0.012018140589569182,1,0,0.012018140589569182,1.1365121080805507
2023-07-18,-0.0067219359175443305,0.0031369034281873986,1,0,0.0031369034281873986,1.140077236808565
2023-07-19,-0.012285012285012442,-0.007594371230735031,1,0,-0.007594371230735031,1.1314190670405302
2023-07-20,-0.005851901868107134,0.001575512041413596,1,0,0.001575512041413596,1.1332016314045374
2023-07-21,-0.006292134831460738,-0.005393258426966252,1,0,-0.005393258426966252,1.127089982156513
2023-07-24,0.0018075011296883048,-0.00022593764121114912,1,0,-0.00022593764121114912,1.1268353301045118
2023-07-25,0.003389830508474745,0.0031638418079096287,1,0,0.0031638418079096287,1.130400458832526
2023-07-26,0.004956071187204314,-0.004054967334985338,1,0,-0.004054967334985338,1.1258167218965076
2023-07-27,0.007011988237955125,-0.0029405111965618014,1,0,-0.0029405111965618014,1.1225062452204944
2023-07-28,0.006805807622504378,0.003402903811252189,1,0,0.003402903811252189,1.1263260260005095
2023-07-31,0.00813927198733877,-0.0020348179968348035,1,0,-0.0020348179968348035,1.1240341575325001
2023-08-01,0.014272768463978291,-0.000906207521522373,1,0,-0.000906207521522373,1.1230155493244962
2023-08-02,0.017687074829932037,-0.004761904761904745,1,0,-0.004761904761904745,1.1176678562324749
2023-08-03,0.018910913647755878,0.0061517429938482415,1,0,0.0061517429938482415,1.1245434616365024
2023-08-04,0.016983695652173836,-0.0013586956521739468,1,0,-0.0013586956521739468,1.1230155493244962
2023-08-07,0.020634920634920784,0.00045351473922905505,1,0,0.00045351473922905505,1.1235248534284983
2023-08-08,0.020852221214868516,-0.003853127833182257,1,0,-0.003853127833182257,1.1191957685444809
2023-08-09,0.025028441410694047,0.0013651877133107337,1,0,0.0013651877133107337,1.120723680856487
2023-08-10,0.02953874119518285,0.0031810952056350317,1,0,0.0031810952056350317,1.1242888095845014
2023-08-11,0.026953567383918298,0.0013590033975086069,1,0,0.0013590033975086069,1.1258167218965076
2023-08-14,0.027369373444921852,0.002714318027595475,1,0,0.002714318027595475,1.1288725465205198
2023-08-15,0.02549063839386423,-0.002481389578163795,1,0,-0.002481389578163795,1.1260713739485086
2023-08-16,0.03256445047489831,-0.0011307100859339059,1,0,-0.0011307100859339059,1.1247981136885037
2023-08-17,0.04958116368575971,0.0011319900384876291,1,0,0.0011319900384876291,1.1260713739485086
2023-08-18,0.027815468113975728,0.0027137042062417294,1,0,0.0027137042062417294,1.129127198572521
2023-08-21,0.023004059539918575,0.0013531799729364913,1,0,0.0013531799729364913,1.1306551108845273
2023-08-22,0.030180180180179983,0.004729729729729737,1,0,0.004729729729729737,1.1360028039765486
2023-08-23,0.029813943062093617,-0.0020174848688635505,1,0,-0.0020174848688635505,1.1337109355085393
2023-08-24,0.03032345013477089,-0.0031446540880503138,1,0,-0.0031446540880503138,1.130145806780525
2023-08-25,0.026363226678684182,0.004731861198738141,1,0,0.004731861198738141,1.1354934998725463
2023-08-28,0.027136129176945634,0.004036779546983782,1,0,0.004036779546983782,1.1400772368085648
2023-08-29,0.019656019656019597,0.002457002457002533,1,0,0.002457002457002533,1.1428784093805762
2023-08-30,-0.005570409982174729,-0.0035650623885917776,1,0,-0.0035650623885917776,1.1388039765485598
2023-08-31,-0.01610017889087656,0.00424865831842558,1,0,0.00424865831842558,1.143642365536579
2023-09-01,-0.020262747717657348,0.0022266755733690857,1,0,0.0022266755733690857,1.1461888860565894
2023-09-04,-0.033103754721173106,0.0006665185514327376,1,0,0.0006665185514327376,1.146952842212592
2023-09-05,-0.03019538188277071,0.00022202486678524203,1,0,0.00022202486678524203,1.1472074942645933
2023-09-06,-0.02663706992230852,0.005771365149833452,1,0,0.005771365149833452,1.1538284476166198
2023-09-07,-0.011476495254910568,0.0006621054954756289,1,0,0.0006621054954756289,1.154592403772623
2023-09-08,-0.012792236435818172,0.0017644464049404451,1,0,0.0017644464049404451,1.156629620188631
2023-09-11,-0.009247027741083214,0.0008806693086746975,1,0,0.0008806693086746975,1.1576482283966352
2023-09-12,0.0006599208095028342,0.004399472063352228,1,0,0.004399472063352228,1.1627412694366555
2023-09-13,0.005475251861585706,0.015330705212439844,1,0,0.015330705212439844,1.180566913076727
2023-09-14,-0.014236410698878266,-0.01962899050905953,1,0,-0.01962899050905953,1.1573935763446341
2023-09-15,0.006380638063806288,-0.001980198019802093,1,0,-0.001980198019802093,1.1551017078766248
2023-09-18,0.007054673721340388,0.00837742504409178,1,0,0.00837742504409178,1.1647784858526635
2023-09-19,0.0021862702229995534,0.004372540445999329,1,0,0.004372540445999329,1.1698715268926843
2023-09-20,-0.0008707009142360222,-0.0015237265999130667,1,0,-0.0015237265999130667,1.168088962528677
2023-09-21,0.01046435578809679,-0.006976237192064527,1,0,-0.006976237192064527,1.1599400968646443
2023-09-22,0.013611416026344747,0.005488474204171423,1,0,0.005488474204171423,1.16630639816467
2023-09-25,0.003493449781659441,-0.0032751091703056012,1,0,-0.0032751091703056012,1.1624866173846549
2023-09-26,0.01139101861993419,-0.022343921139101885,1,0,-0.022343921139101885,1.136512108080551
2023-09-27,0.031817163343042854,-0.01411606542684285,1,0,-0.01411606542684285,1.1204690288044867
2023-09-28,0.04704545454545461,0.0,1,0,0.0,1.1204690288044867
2023-10-09,0.03931818181818181,-0.010909090909090868,1,0,-0.010909090909090868,1.1082457303084379
2023-10-10,0.04802389705882337,0.003676470588235281,1,0,0.003676470588235281,1.1123201631404542
2023-10-11,0.03800366300366287,0.003891941391941378,1,0,0.003891941391941378,1.1166492480244716
2023-10-12,0.03603192702394531,0.021436716077537055,1,0,0.021436716077537055,1.1405865409125675
2023-10-13,0.009823621344049904,-0.0006697923643670389,1,0,-0.0006697923643670389,1.1398225847565644
2023-10-16,0.016532618409293987,0.00536193029490617,1,0,0.00536193029490617,1.1459342340045888
2023-10-17,0.014000000000000012,0.010888888888888948,1,0,0.010888888888888948,1.158412184552639
2023-10-18,0.0037370850736424543,0.009232798417234456,1,0,0.009232798417234456,1.1691075707366816
2023-10-19,-0.0028316270964930945,-0.004574166848181238,1,0,-0.004574166848181238,1.1637598776446603
2023-10-20,-0.005032822757111699,0.0008752735229757835,1,0,0.0008752735229757835,1.1647784858526642
2023-10-23,-0.012680367293397388,-0.0013117621337997987,1,0,-0.0013117621337997987,1.163250573540658
2023-10-24,-0.009851138353765276,0.003502626970227629,1,0,0.003502626970227629,1.1673250063726743
2023-10-25,-0.018760907504362878,0.0013089005235602524,1,0,0.0013089005235602524,1.1688529186846806
2023-10-26,-0.0209150326797386,0.009803921568627416,1,0,0.009803921568627416,1.1803122610247263
2023-10-27,-0.022437971952535052,-0.003883495145631022,1,0,-0.003883495145631022,1.175728524088708
2023-10-30,-0.013861815031405711,-0.004548408057179931,1,0,-0.004548408057179931,1.1703808309966868
2023-10-31,0.0008703220191470518,0.004569190600522077,1,0,0.004569190600522077,1.175728524088708
2023-11-01,-0.004548408057179931,-0.002599090318388453,1,0,-0.002599090318388453,1.1726726994646959
2023-11-02,-0.0034744842562431932,0.0004343105320303575,1,0,0.0004343105320303575,1.173182003568698
2023-11-03,0.01324072064250048,-0.0073800738007380184,1,0,-0.0073800738007380184,1.1645238338006634
2023-11-06,0.0015307238136890167,-0.0026240979663241237,1,0,-0.0026240979663241237,1.1614680091766512
2023-11-07,0.0030695023021267698,-0.00591975443981585,1,0,-0.00591975443981585,1.1545924037726236
2023-11-08,0.011248345831495365,0.001985002205558084,1,0,0.001985002205558084,1.156884272240633
2023-11-09,0.009465111160026352,-0.004402377283733272,1,0,-0.004402377283733272,1.1517912312006124
2023-11-10,0.00530621269069198,0.005969489277028561,1,0,0.005969489277028561,1.15866683660464
2023-11-13,-0.0015384615384614886,0.0028571428571428914,1,0,0.0028571428571428914,1.1619773132806532
2023-11-14,-0.006574621959237192,0.0006574621959236637,1,0,0.0006574621959236637,1.1627412694366561
2023-11-15,0.005256241787122251,0.0026281208935612366,1,0,0.0026281208935612366,1.1657970940606686
2023-11-16,0.00262123197902997,-0.006771515945828033,1,0,-0.006771515945828033,1.1579028804486367
2023-11-17,0.006157906311853978,-0.006817681988123936,1,0,-0.006817681988123936,1.1500086668366052
2023-11-20,0.015057573073516295,0.0015500442869795794,1,0,0.0015500442869795794,1.1517912312006122
2023-11-21,0.01613973026752169,-0.005527304886137396,1,0,-0.005527304886137396,1.145424929900587
2023-11-22,0.021565140062249855,-0.0008892841262784223,1,0,-0.0008892841262784223,1.1444063216925828
2023-11-23,0.02937249666221642,0.008233199821984893,1,0,0.008233199821984893,1.1538284476166205
2023-11-24,0.02207018318252052,0.004855440300154612,1,0,0.004855440300154612,1.159430792760643
2023-11-27,0.018669009444322482,0.010322864045684055,1,0,0.010322864045684055,1.171399439204691
2023-11-28,0.010869565217391353,-0.0008695652173912327,1,0,-0.0008695652173912327,1.170380830996687
2023-11-29,0.01849434290687557,-0.001523063533507285,1,0,-0.001523063533507285,1.16859826663268
2023-11-30,0.010677707561560057,0.0172150795380257,1,0,0.0172150795380257,1.1887157787407605
2023-12-01,-0.005355612682090949,-0.018851756640959727,1,0,-0.018851756640959727,1.1663063981646709
2023-12-04,0.017030567685589526,-0.0010917030567685337,1,0,-0.0010917030567685337,1.165033137904666
2023-12-05,0.014207650273224015,0.002185792349726823,1,0,0.002185792349726823,1.167579658424676
2023-12-06,0.01613958560523443,0.00021810250817888566,1,0,0.00021810250817888566,1.167834310476677
2023-12-07,0.016790231138246847,-0.00850414304404723,1,0,-0.00850414304404723,1.157902880448637
2023-12-08,0.02287222344402906,-0.0008797009016933144,1,0,-0.0008797009016933144,1.1568842722406332
2023-12-11,0.02289236187541266,-0.0022011886418665805,1,0,-0.0022011886418665805,1.154337751720623
2023-12-12,0.021839841164791318,0.012574454003970725,1,0,0.012574454003970725,1.168852918684681
2023-12-13,0.010239651416122042,0.0,1,0,0.0,1.168852918684681
2023-12-14,0.01612200435729849,-0.0032679738562090277,1,0,-0.0032679738562090277,1.165033137904666
2023-12-15,0.02163934426229508,0.0019672131147538963,1,0,0.0019672131147538963,1.1673250063726748
2023-12-18,0.01679755671902261,0.002617801047120505,1,0,0.002617801047120505,1.1703808309966872
2023-12-19,0.006092254134029584,-0.00021758050478681845,1,0,-0.00021758050478681845,1.1701261789446862
2023-12-20,0.008922742110990312,0.006746463547334214,1,0,0.006746463547334214,1.1780203925567179
2023-12-21,0.004323389537397304,0.001080847384349326,1,0,0.001080847384349326,1.179293652816723
2023-12-22,-0.001727488663355703,0.0015115525804361152,1,0,0.0015115525804361152,1.18107621718073
2023-12-25,-0.0017248814144027458,0.002587322121604174,1,0,0.002587322121604174,1.1841320418047423
2023-12-26,-0.009247311827957017,0.006666666666666599,1,0,0.006666666666666599,1.1920262554167738
2023-12-27,-0.012390514847254841,-0.009186071352275227,1,0,-0.009186071352275227,1.1810762171807299
2023-12-28,-0.0004312203536006587,0.0010780508840015912,1,0,0.0010780508840015912,1.1823494774407348
2023-12-29,-0.0004307559767391389,0.003230669825543986,1,0,0.003230669825543986,1.1861692582207504
2024-01-02,-0.0008587376556462578,-0.0038643194504079936,1,0,-0.0038643194504079936,1.181585521284732
2024-01-03,0.002586206896551868,0.004094827586206939,1,0,0.004094827586206939,1.1864239102727514
2024-01-04,0.0025756600128783447,0.0008585533376261889,1,0,0.0008585533376261889,1.1874425184807555
2024-01-05,-0.0008578168561013122,-0.0025734505683037145,1,0,-0.0025734505683037145,1.1843866938567433
2024-01-08,-0.0021500752526337763,-0.0008600301010533995,1,0,-0.0008600301010533995,1.1833680856487394
2024-01-09,0.0004303851947493609,-0.0032278889606198735,1,0,-0.0032278889606198735,1.1795483048687239
2024-01-10,0.004965457685665031,0.0010794473229707169,1,0,0.0010794473229707169,1.180821565128729
2024-01-11,0.0002156566745741273,0.005822730213500105,1,0,0.005822730213500105,1.1876971705327566
2024-01-12,-0.004073756432247055,0.002144082332761643,1,0,0.002144082332761643,1.190243691052767
2024-01-15,-0.005562687205819539,-0.002781343602909936,1,0,-0.002781343602909936,1.1869332143767535
2024-01-16,-0.004720017163698631,-0.00793821068440248,1,0,-0.00793821068440248,1.1775110884527158
2024-01-17,0.0032439446366783198,0.002595155709342656,1,0,0.002595155709342656,1.1805669130767282
2024-01-18,0.0023727351164797295,0.002157031924072461,1,0,0.002157031924072461,1.1831134335967384
2024-01-19,0.00021523891519592553,-0.004950495049504844,1,0,-0.004950495049504844,1.177256436400715
2024-01-22,0.005191434133679396,0.00151416828898987,1,0,0.00151416828898987,1.1790390007647222
2024-01-23,0.004319654427645814,-0.00496760259179263,1,0,-0.00496760259179263,1.1731820035686988
2024-01-24,0.01128717169524629,0.003472975906229747,1,0,0.003472975906229747,1.1772564364007152
2024-01-25,0.022279904823707453,0.0028120268224096634,1,0,0.0028120268224096634,1.1805669130767285
2024-01-26,0.031492666091458066,0.0010785159620361195,1,0,0.0010785159620361195,1.1818401733367334
2024-01-29,0.03512174100409404,0.0028011204481792618,1,0,0.0028011204481792618,1.1851506500127467
2024-01-30,0.04168457241082946,-0.00042973785990541025,1,0,-0.00042973785990541025,1.1846413459087446
2024-01-31,0.0500859845227859,0.004084264832330264,1,0,0.004084264832330264,1.189479734896764
2024-02-01,0.05159494754870475,-0.0025690430314708745,1,0,-0.0025690430314708745,1.1864239102727516
2024-02-02,0.05194247692637899,-0.003863490019317406,1,0,-0.003863490019317406,1.1818401733367334
2024-02-05,0.047403576815341575,0.0017237664296487765,1,0,0.0017237664296487765,1.1838773897527415
2024-02-06,0.053129705312970454,0.0012906001290600155,1,0,0.0012906001290600155,1.1854053020647477
2024-02-07,0.04812030075187956,-0.0036519871106337476,1,0,-0.0036519871106337476,1.1810762171807303
2024-02-08,0.05196205260888309,0.001509271237602361,1,0,0.001509271237602361,1.1828587815447373
2024-02-19,0.0499461786867601,0.0006458557588804315,1,0,0.0006458557588804315,1.1836227377007402
2024-02-20,0.04948364888123935,-0.0019363166953527688,1,0,-0.0019363166953527688,1.1813308692327311
2024-02-21,0.071351584393188,0.0,1,0,0.0,1.1813308692327311
2024-02-22,0.06553136451821495,0.0017245095925846332,1,0,0.0017245095925846332,1.1833680856487394
2024-02-23,0.06821605336776426,0.0,1,0,0.0,1.1833680856487394
2024-02-26,0.06714009038089075,0.0,1,0,0.0,1.1833680856487394
2024-02-27,0.07101355713363455,0.0006455777921239303,1,0,0.0006455777921239303,1.1841320418047425
2024-02-28,0.07526881720430101,0.001935483870967536,1,0,0.001935483870967536,1.1864239102727514
2024-02-29,0.09465550547327739,0.014380768405237276,1,0,0.014380768405237276,1.20348559775682
2024-03-01,0.0950063478628862,0.011849344054168487,1,0,0.011849344054168487,1.2177461126688771
2024-03-04,0.07423672103722279,0.004600585529067391,1,0,0.004600585529067391,1.2233484578128997
2024-03-05,0.08326394671107407,0.00915903413821817,1,0,0.00915903413821817,1.2345531481009446
2024-03-06,0.09096534653465338,0.00763201320132012,1,0,0.00763201320132012,1.2439752740249823
2024-03-07,0.10194472876151495,0.005527123848515947,1,0,0.005527123848515947,1.2508508794290099
2024-03-08,0.09527687296416931,-0.002239413680781732,1,0,-0.002239413680781732,1.2480497068569987
2024-03-11,0.0956947561722099,-0.008161599673536024,1,0,-0.008161599673536024,1.2378636247769579
2024-03-12,0.12240279777823515,0.007200164575190238,1,0,0.007200164575190238,1.2467764465969935
2024-03-13,0.10089869281045738,-0.003472222222222321,1,0,-0.003472222222222321,1.242447361712976
2024-03-14,0.1213363394138145,0.0,1,0,0.0,1.242447361712976
2024-03-15,0.12092641934822734,-0.0004099200655871549,1,0,-0.0004099200655871549,1.241938057608974
2024-03-18,0.11154398195612059,0.0002050440844783008,1,0,0.0002050440844783008,1.2421927096609753
2024-03-19,0.12013120131201327,0.018860188601885985,1,0,0.018860188601885985,1.265620698445069
2024-03-20,0.09597585513078477,-0.005432595573440668,1,0,-0.005432595573440668,1.2587450930410415
2024-03-21,0.07728100343920707,0.0042484321262392655,1,0,0.0042484321262392655,1.264092786133063
2024-03-22,0.063859790491539,-0.0010072522159549901,1,0,-0.0010072522159549901,1.262819525873058
2024-03-25,0.06372252470256123,0.003629764065335994,1,0,0.003629764065335994,1.2674032628090766
2024-03-26,0.06288929073739191,0.004621257785814681,1,0,0.004621257785814681,1.2732602600051
2024-03-27,0.059800000000000075,0.020000000000000018,1,0,0.020000000000000018,1.298725465205202
2024-03-28,0.03843137254901974,0.014705882352941124,1,0,0.014705882352941124,1.3178243691052784
2024-03-29,0.009468599033816583,-0.0073429951690822115,1,0,-0.0073429951690822115,1.3081475911292395
2024-04-01,0.027447926805528544,0.013042631886315048,1,0,0.013042631886315048,1.3252092786133078
2024-04-02,0.010376633358954779,0.016333589546502658,1,0,0.016333589546502658,1.3468547030333944
2024-04-03,-0.006995651351862309,0.01777273586689354,1,0,0.01777273586689354,1.3707919959214903
2024-04-08,-0.009845810886123019,-0.0005573100501579109,1,0,-0.0005573100501579109,1.3700280397654871
2024-04-09,-0.0074349442379182396,-0.0018587360594795044,1,0,-0.0018587360594795044,1.367481519245477
2024-04-10,-0.007448789571694592,0.016014897579143428,1,0,0.016014897579143428,1.3893815957175648
2024-04-11,-0.017595307917888547,-0.012096774193548487,1,0,-0.012096774193548487,1.3725745602854973
2024-04-12,0.010204081632653184,0.015027829313543739,1,0,0.015027829313543739,1.3932013764975801
2024-04-15,-0.011880826174374026,-0.00036556388228836667,1,0,-0.00036556388228836667,1.3926920723935783
2024-04-16,0.00914243920277924,-0.008776741634668128,1,0,-0.008776741634668128,1.3804687738975294
2024-04-17,0.02361187972698775,0.007932115845785015,1,0,0.007932115845785015,1.3914188121335733
2024-04-18,0.0065885797950218095,-0.0031112737920937494,1,0,-0.0031112737920937494,1.387089727249556
2024-04-19,-0.01230034881586195,-0.022397650082614295,1,0,-0.022397650082614295,1.3560221769054315
2024-04-22,-0.007136150234741789,-0.008262910798122136,1,0,-0.008262910798122136,1.3448174866173865
2024-04-23,0.00795303919712187,-0.0011361484567316005,1,0,-0.0011361484567316005,1.3432895743053805
2024-04-24,0.017440758293838732,0.0028436018957345155,1,0,0.0028436018957345155,1.3471093550853956
2024-04-25,0.014744801512287298,0.0017013232514178078,1,0,0.0017013232514178078,1.349401223553405
2024-04-26,0.005850160407623983,-0.0005661445555765754,1,0,-0.0005661445555765754,1.3486372673974019
2024-04-29,0.007175226586102701,-0.013595166163142047,1,0,-0.013595166163142047,1.3303023196533283
2024-04-30,0.01818529862174567,0.010336906584992311,1,0,0.010336906584992311,1.3440535304613834
2024-05-06,0.011746873815839276,-0.0037893141341416303,1,0,-0.0037893141341416303,1.3389604894213631
2024-05-07,0.009128946367439994,-0.0011411182959299992,1,0,-0.0011411182959299992,1.3374325771093571
2024-05-08,0.027418126428027545,0.014851485148514865,1,0,0.014851485148514865,1.3572954371654367
2024-05-09,0.015572232645403306,0.0018761726078799779,1,0,0.0018761726078799779,1.359841957685447
2024-05-10,-0.016853932584269593,-0.0018726591760299671,1,0,-0.0018726591760299671,1.3572954371654369
2024-05-13,-0.014446529080675452,0.0056285178236397115,1,0,0.0056285178236397115,1.3649349987254673
2024-05-14,-0.01847014925373136,0.01585820895522394,1,0,0.01585820895522394,1.386580423145554
2024-05-15,-0.035996326905417875,-0.007162534435261825,1,0,-0.007162534435261825,1.376648993117514
2024-05-16,-0.019237883832778357,0.020902700702922772,1,0,0.020902700702922772,1.4054246749936294
2024-05-17,-0.042761369813371974,0.0054357673491574054,1,0,0.0054357673491574054,1.4130642365536599
2024-05-20,-0.04469273743016766,-0.008830419895476727,1,0,-0.008830419895476727,1.4005862860056097
2024-05-21,-0.03400000000000003,-0.021818181818181848,1,0,-0.021818181818181848,1.3700280397654874
2024-05-22,0.0005576208178439401,-0.017286245353159813,1,0,-0.017286245353159813,1.3463453989293925
2024-05-23,0.00245886135804807,0.006809154529979322,1,0,0.006809154529979322,1.3555128728014294
2024-05-24,-0.0043208716888973875,0.008266015404846838,1,0,0.008266015404846838,1.3667175630894741
2024-05-27,-0.014905906465436991,0.00018632383081795822,1,0,0.00018632383081795822,1.3669722151414752
2024-05-28,-0.024590163934426368,-0.007078986587183311,1,0,-0.007078986587183311,1.3572954371654364
2024-05-29,-0.00881801125703563,0.0007504690431519023,1,0,0.0007504690431519023,1.3583140453734404
2024-05-30,-0.0069366329208848665,-0.0028121484814397357,1,0,-0.0028121484814397357,1.3544942645934253
2024-05-31,-0.001504042113179116,0.003948110547095318,1,0,0.003948110547095318,1.3598419576854466
2024-06-03,-0.005617977528089901,-0.006367041198501844,1,0,-0.006367041198501844,1.351183787917412
2024-06-04,0.014134941575574933,0.016961929890689786,1,0,0.016961929890689786,1.3741024725975037
2024-06-05,-0.0057449962935507415,0.003150481838398944,1,0,0.003150481838398944,1.3784315574815214
2024-06-06,0.0025863661555514117,-0.030112691668206182,1,0,-0.030112691668206182,1.336923273005355
2024-06-07,0.02190476190476187,0.0005714285714286671,1,0,0.0005714285714286671,1.3376872291613582
2024-06-11,0.023034456501046963,0.001522939272796453,1,0,0.001522939272796453,1.3397244455773663
2024-06-12,0.025850598745485565,-0.0022809351834253144,1,0,-0.0022809351834253144,1.3366686209533538
2024-06-13,0.04096018289197967,0.01009716136406924,1,0,0.01009716136406924,1.3501651797094076
2024-06-14,0.028291210863825134,-0.003583553376084403,1,0,-0.003583553376084403,1.3453267907213884
2024-06-17,0.03804656445201582,0.0034071550255536653,1,0,0.0034071550255536653,1.3499105276574068
2024-06-18,0.05621580833804951,0.002263723825693287,1,0,0.002263723825693287,1.352966352281419
2024-06-19,0.04554865424430643,0.013175230566534912,1,0,0.013175230566534912,1.3707919959214905
2024-06-20,0.01393275125394755,-0.015418911387702017,1,0,-0.015418911387702017,1.3496558756054058
2024-06-21,0.02396226415094338,0.0,1,0,0.0,1.3496558756054058
2024-06-24,0.024528301886792336,-0.002452830188679256,1,0,-0.002452830188679256,1.3463453989293925
2024-06-25,0.026858331757140252,-0.009646302250803873,1,0,-0.009646302250803873,1.3333581442773406
2024-06-26,0.029029793735676046,0.008976317799847422,1,0,0.008976317799847422,1.3453267907213888
2024-06-27,0.005489305318947535,0.0026500094643193695,1,0,0.0026500094643193695,1.348891919449403
2024-06-28,0.0185010383235793,0.002643005474797011,1,0,0.002643005474797011,1.3524570481774172
2024-07-01,0.0128036151383919,-0.00018828845791762916,1,0,-0.00018828845791762916,1.352202396125416
2024-07-02,0.018832391713747842,0.013370998116760902,1,0,0.013370998116760902,1.3702826918174884
2024-07-03,0.022300687604534408,-0.002973425013937936,1,0,-0.002973425013937936,1.366208258985472
2024-07-04,0.02050326188257201,0.011556383970176887,1,0,0.011556383970176887,1.381996686209535
2024-07-05,-0.006817763036668478,-0.011424359683065988,1,0,-0.011424359683065988,1.366208258985472
2024-07-08,-0.002795899347623587,0.0016775396085739747,1,0,0.0016775396085739747,1.3685001274534812
2024-07-09,-0.012467435802009597,0.004279866021585477,1,0,0.004279866021585477,1.3743571246495048
2024-07-10,-0.009634982397628389,0.012414304243097973,1,0,0.012414304243097973,1.391418812133573
2024-07-11,-0.010614934114202224,-0.002196193265007418,1,0,-0.002196193265007418,1.3883629875095607
2024-07-12,-0.007703595011005149,0.005869405722670695,1,0,0.005869405722670695,1.3965118531735934
2024-07-15,-0.0014587892049598983,0.020970094821298302,1,0,0.020970094821298302,1.4257968391537106
2024-07-16,-0.0225040185747456,-0.007858546168958869,1,0,-0.007858546168958869,1.4145921488656654
2024-07-17,-0.02232223222322227,-0.017461746174617376,1,0,-0.017461746174617376,1.3898908998215667
2024-07-18,0.00128252106998894,-0.005679736167094274,1,0,-0.005679736167094274,1.381996686209535
2024-07-19,0.013819789939192972,0.0005527915975678255,1,0,0.0005527915975678255,1.382760642365538
2024-07-22,0.0151012891344382,-0.0001841620626149565,1,0,-0.0001841620626149565,1.3825059903135373
2024-07-23,0.015656658684840563,-0.007552035365629095,1,0,-0.007552035365629095,1.3720652561814954
2024-07-24,0.02728285077950998,-0.01410541945063093,1,0,-0.01410541945063093,1.352711700229418
2024-07-25,0.036144578313252795,0.015624999999999778,1,0,0.015624999999999778,1.3738478205455023
2024-07-26,0.024281742354031577,-0.0029657089898054156,1,0,-0.0029657089898054156,1.369773387713486
2024-07-29,0.02770031604387424,0.005763153002416921,1,0,0.005763153002416921,1.3776676013255176
2024-07-30,0.024953789279112737,0.01682070240295741,1,0,0.01682070240295741,1.4008409380576103
2024-07-31,0.006907834939101853,-0.00472641337938573,1,0,-0.00472641337938573,1.3942199847055836
2024-08-01,0.009680365296803606,-0.015525114155251152,1,0,-0.015525114155251152,1.3725745602854968
2024-08-02,0.02133580705009286,-0.007421150278293154,1,0,-0.007421150278293154,1.362388478205456
2024-08-05,0.025420560747663634,-0.008037383177569968,1,0,-0.008037383177569968,1.3514384399694124
2024-08-06,0.03241002449594865,0.007160354249104772,1,0,0.007160354249104772,1.3611152179454509
2024-08-07,0.025818521983161924,0.011412535079513564,1,0,0.011412535079513564,1.376648993117513
2024-08-08,0.01923788383277847,0.0007399186089531717,1,0,0.0007399186089531717,1.3776676013255174
2024-08-09,0.013863216266173817,0.012199630314232879,1,0,0.012199630314232879,1.3944746367575847
2024-08-12,0.006574141709276837,-0.0005478451424397734,1,0,-0.0005478451424397734,1.3937106806015815
2024-08-13,0.011511054266398535,-0.007674036177599097,1,0,-0.007674036177599097,1.3830152944175387
2024-08-14,0.01786043085987843,0.006260357208617062,1,0,0.006260357208617062,1.3916734641855733
2024-08-15,0.027081427264409985,0.006770356816102385,1,0,0.006770356816102385,1.401095590109611
2024-08-16,0.021628498727735535,0.0018175209014903437,1,0,0.0018175209014903437,1.403642110629621
2024-08-19,0.014332365747460107,0.0003628447024675019,1,0,0.0003628447024675019,1.4041514147336234
2024-08-20,0.0190424374319913,0.003808487486398171,1,0,0.003808487486398171,1.4094991078256447
2024-08-21,0.027100271002709952,-0.0056007226738935545,1,0,-0.0056007226738935545,1.4016048942136128
2024-08-22,0.03978924418604657,0.003997093023255793,1,0,0.003997093023255793,1.4072072393576351
2024-08-23,0.03583061889250816,0.0003619254433586683,1,0,0.0003619254433586683,1.4077165434616372
2024-08-26,0.04196816208393628,0.0030752532561506563,1,0,0.0030752532561506563,1.4120456283456548
2024-08-27,0.03715058611361588,-0.0010820559062219015,1,0,-0.0010820559062219015,1.4105177160336486
2024-08-28,0.018956490341216936,-0.001985918035746548,1,0,-0.001985918035746548,1.4077165434616374
2024-08-29,0.02785817655571643,-0.0041606367583212345,1,0,-0.0041606367583212345,1.401859546265614
2024-08-30,0.02997275204359684,-0.0034514078110808866,1,0,-0.0034514078110808866,1.3970211572775946
2024-09-02,0.029347429821363624,-0.0012759752096244137,1,0,-0.0012759752096244137,1.3952385929135875
2024-09-03,0.04307355356816922,0.0007300602299689096,1,0,0.0007300602299689096,1.3962572011215915
2024-09-04,0.05234360751413458,0.004924311508298418,1,0,0.004924311508298418,1.403132806525619
2024-09-05,0.048275862068965614,-0.004537205081669549,1,0,-0.004537205081669549,1.3967665052255938
2024-09-06,0.067092069279854,0.00492251595259785,1,0,0.00492251595259785,1.403642110629621
2024-09-09,0.06875907111756185,0.004354136429608024,1,0,0.004354136429608024,1.4097537598776455
2024-09-10,0.07677023121387294,-0.0014450867052022698,1,0,-0.0014450867052022698,1.4077165434616374
2024-09-11,0.08447901591895812,0.015376266280752615,1,0,0.015376266280752615,1.4293619678817242
2024-09-12,0.07215392838054502,0.0014252627828255093,1,0,0.0014252627828255093,1.4313991842977323
2024-09-13,0.07489770503469129,-0.005337128624799847,1,0,-0.005337128624799847,1.4237596227377016
2024-09-18,0.07315328206045435,0.005008048649615349,1,0,0.005008048649615349,1.43088988019373
2024-09-19,0.06673785371062468,0.01174586225306995,1,0,0.01174586225306995,1.4476969156257973
2024-09-20,0.0529463500439753,0.006684256816182899,1,0,0.006684256816182899,1.457373693601836
2024-09-23,0.054691595317141406,0.00017473353136465697,1,0,0.00017473353136465697,1.457628345653837
2024-09-24,0.06761006289308158,0.0062893081761006275,1,0,0.0062893081761006275,1.4667958195258737
2024-09-25,0.0659722222222221,-0.0015624999999999112,1,0,-0.0015624999999999112,1.4645039510578646
2024-09-26,0.04625282559554855,-0.018605459920013945,1,0,-0.018605459920013945,1.4372561814937554
2024-09-27,0.06502480510276398,0.006732813607370769,1,0,0.006732813607370769,1.4469329594697944
2024-09-30,0.056494192185849945,-0.002111932418162654,1,0,-0.002111932418162654,1.4438771348457822
2024-10-08,0.06313932980599635,-0.004056437389770684,1,0,-0.004056437389770684,1.4380201376497588
2024-10-09,0.038604568797591554,0.01204179210200107,1,0,0.01204179210200107,1.4553364771858281
2024-10-10,0.036745406824147064,0.00962379702537186,1,0,0.00962379702537186,1.4693423400458843
2024-10-11,0.02270363951473131,0.0010398613518198818,1,0,0.0010398613518198818,1.4708702523578905
2024-10-14,0.009349030470914066,0.013331024930747892,1,0,0.013331024930747892,1.490478460361969
2024-10-15,-0.008200922603792904,0.006492397061336197,1,0,0.006492397061336197,1.500155238338008
2024-10-16,-0.028348327957901875,0.01188253267696493,1,0,0.01188253267696493,1.5179808819780793
2024-10-17,-0.041939271934239186,0.005703740983056482,1,0,0.005703740983056482,1.526639051746114
2024-10-18,-0.041201000834028334,0.0038365304420349133,1,0,0.0038365304420349133,1.532496048942137
2024-10-21,-0.0343968095712861,0.003988035892322994,1,0,0.003988035892322994,1.5386076981901615
2024-10-22,-0.023502151605428567,-0.006951340615690138,1,0,-0.006951340615690138,1.5279123120061187
2024-10-23,-0.01433333333333342,-0.0010000000000000009,1,0,-0.0010000000000000009,1.5263843996941124
2024-10-24,-0.004337671004337684,-0.001334668001334638,1,0,-0.001334668001334638,1.5243471832781044
2024-10-25,0.003842298696959734,0.008352823254260011,1,0,0.008352823254260011,1.5370797858781555
2024-10-28,-0.033300198807156955,0.0124254473161034,1,0,0.0124254473161034,1.5561786897782321
2024-10-29,-0.04107347406316475,0.004745540828015038,1,0,0.004745540828015038,1.5635635992862618
2024-10-30,-0.050325732899022646,-0.020032573289902156,1,0,-0.020032573289902156,1.5322413968901365
2024-10-31,-0.022935017450556927,-0.0009971746717634122,1,0,-0.0009971746717634122,1.5307134845781303
2024-11-01,-0.026784228913658392,-0.0013308933621694052,1,0,-0.0013308933621694052,1.528676268162122
2024-11-04,-0.014326170248209258,0.004164584374479308,1,0,0.004164584374479308,1.5350425694621472
2024-11-05,-0.01874585268745843,-0.027040477770404636,1,0,-0.027040477770404636,1.4935342849859812
2024-11-06,0.012276214833759624,0.010230179028132946,1,0,0.010230179028132946,1.5088134081060423
2024-11-07,-0.00995780590717299,-0.0040506329113924044,1,0,-0.0040506329113924044,1.5027017588580178
2024-11-08,0.006778512116590418,-0.01203185900694792,1,0,-0.01203185900694792,1.4846214631659456
2024-11-11,0.02401372212692965,-0.004288164665523175,1,0,-0.004288164665523175,1.47825516186592
2024-11-12,0.03841515934539186,-0.013953488372092981,1,0,-0.013953488372092981,1.4576283456538375
2024-11-13,0.054856743535988794,-0.002271139063591887,1,0,-0.002271139063591887,1.4543178689778242
2024-11-14,0.05340570828226232,0.006478725267028418,1,0,0.006478725267028418,1.4637399949018617
2024-11-15,0.03427279053583865,0.01096033402922747,1,0,0.01096033402922747,1.4797830741779259
2024-11-18,0.025124763379796855,0.015315780416451652,1,0,0.015315780416451652,1.5024471068060168
2024-11-19,0.007118644067796609,0.002372881355932055,1,0,0.002372881355932055,1.5060122355340309
2024-11-20,-0.00794724382820422,0.009130875887723988,1,0,0.009130875887723988,1.519763446342086
2024-11-21,-0.015247989276139462,0.006869973190348544,1,0,0.006869973190348544,1.5302041804741278
2024-11-22,-0.014977533699450984,-0.02895656515227163,1,0,-0.02895656515227163,1.4858947234259503
2024-11-25,0.01593830334190227,0.00428449014567267,1,0,0.00428449014567267,1.4922610247259758
2024-11-26,0.012286689419795271,-0.004948805460750827,1,0,-0.004948805460750827,1.4848761152179462
2024-11-27,0.02126564911678952,0.008231864174240933,1,0,0.008231864174240933,1.4970994137139948
2024-11-28,0.012076883823779694,-0.004932811702670459,1,0,-0.004932811702670459,1.4897145042059654
2024-11-29,0.014358974358974486,0.011452991452991501,1,0,0.011452991452991501,1.5067761916900337
2024-12-02,-0.0005070136893696731,-0.0003380091262463747,1,0,-0.0003380091262463747,1.5062668875860317
