Date,SnapshotDate,SnapshotAgeDays,MemberCount,AvailableCount,WeightCoveragePct
2024-11-04,2024-09-30,35,80,80,99.997
2024-11-05,2024-09-30,36,80,80,99.997
2024-11-06,2024-09-30,37,80,80,99.997
2024-11-07,2024-09-30,38,80,80,99.997
2024-11-08,2024-09-30,39,80,80,99.997
2024-11-11,2024-09-30,42,80,80,99.997
2024-11-12,2024-09-30,43,80,80,99.997
2024-11-13,2024-09-30,44,80,80,99.997
2024-11-14,2024-09-30,45,80,80,99.997
2024-11-15,2024-09-30,46,80,80,99.997
2024-11-18,2024-09-30,49,80,80,99.997
2024-11-19,2024-09-30,50,80,80,99.997
2024-11-20,2024-09-30,51,80,80,99.997
2024-11-21,2024-09-30,52,80,80,99.997
2024-11-22,2024-09-30,53,80,80,99.997
2024-11-25,2024-09-30,56,80,80,99.997
2024-11-26,2024-09-30,57,80,80,99.997
2024-11-27,2024-09-30,58,80,80,99.997
2024-11-28,2024-09-30,59,80,80,99.997
2024-11-29,2024-09-30,60,80,80,99.997
2024-12-02,2024-09-30,63,80,80,99.997
2024-12-03,2024-09-30,64,80,80,99.997
2024-12-04,2024-09-30,65,80,80,99.997
2024-12-05,2024-10-31,35,80,80,100.00300000000001
2024-12-06,2024-10-31,36,80,80,100.00300000000001
2024-12-09,2024-10-31,39,80,80,100.00300000000001
2024-12-10,2024-10-31,40,80,80,100.00300000000001
2024-12-11,2024-10-31,41,80,80,100.00300000000001
2024-12-12,2024-10-31,42,80,80,100.00300000000001
2024-12-13,2024-10-31,43,80,80,100.00300000000001
2024-12-16,2024-10-31,46,80,80,100.00300000000001
2024-12-17,2024-10-31,47,80,80,100.00300000000001
2024-12-18,2024-10-31,48,80,80,100.00300000000001
2024-12-19,2024-10-31,49,80,80,100.00300000000001
2024-12-20,2024-10-31,50,80,80,100.00300000000001
2024-12-23,2024-10-31,53,80,80,100.00300000000001
2024-12-24,2024-10-31,54,80,80,100.00300000000001
2024-12-25,2024-10-31,55,80,80,100.00300000000001
2024-12-26,2024-10-31,56,80,80,100.00300000000001
2024-12-27,2024-10-31,57,80,80,100.00300000000001
2024-12-30,2024-10-31,60,80,80,100.00300000000001
2024-12-31,2024-10-31,61,80,80,100.00300000000001
2025-01-02,2024-10-31,63,80,80,100.00300000000001
2025-01-03,2024-11-29,35,80,80,100.0
2025-01-06,2024-11-29,38,80,80,100.0
2025-01-07,2024-11-29,39,80,80,100.0
2025-01-08,2024-11-29,40,80,80,100.0
2025-01-09,2024-11-29,41,80,80,100.0
2025-01-10,2024-11-29,42,80,80,100.0
2025-01-13,2024-11-29,45,80,80,100.0
2025-01-14,2024-11-29,46,80,80,100.0
2025-01-15,2024-11-29,47,80,80,100.0
2025-01-16,2024-11-29,48,80,80,100.0
2025-01-17,2024-11-29,49,80,80,100.0
2025-01-20,2024-11-29,52,80,80,100.0
2025-01-21,2024-11-29,53,80,80,100.0
2025-01-22,2024-11-29,54,80,80,100.0
2025-01-23,2024-11-29,55,80,80,100.0
2025-01-24,2024-11-29,56,80,80,100.0
2025-01-27,2024-11-29,59,80,80,100.0
2025-02-05,2024-12-31,36,80,80,100.001
2025-02-06,2024-12-31,37,80,80,100.001
2025-02-07,2024-12-31,38,80,80,100.001
2025-02-10,2024-12-31,41,80,80,100.001
2025-02-11,2024-12-31,42,80,80,100.001
2025-02-12,2024-12-31,43,80,80,100.001
2025-02-13,2024-12-31,44,80,80,100.001
2025-02-14,2024-12-31,45,80,80,100.001
2025-02-17,2024-12-31,48,80,80,100.001
2025-02-18,2024-12-31,49,80,80,100.001
2025-02-19,2024-12-31,50,80,80,100.001
2025-02-20,2024-12-31,51,80,80,100.001
2025-02-21,2024-12-31,52,80,80,100.001
2025-02-24,2024-12-31,55,80,80,100.001
2025-02-25,2024-12-31,56,80,80,100.001
2025-02-26,2024-12-31,57,80,80,100.001
2025-02-27,2024-12-31,58,80,80,100.001
2025-02-28,2024-12-31,59,80,80,100.001
2025-03-03,2025-01-27,35,80,80,99.998
2025-03-04,2025-01-27,36,80,80,99.998
2025-03-05,2025-01-27,37,80,80,99.998
2025-03-06,2025-01-27,38,80,80,99.998
2025-03-07,2025-01-27,39,80,80,99.998
2025-03-10,2025-01-27,42,80,80,99.998
2025-03-11,2025-01-27,43,80,80,99.998
2025-03-12,2025-01-27,44,80,80,99.998
2025-03-13,2025-01-27,45,80,80,99.998
2025-03-14,2025-01-27,46,80,80,99.998
2025-03-17,2025-01-27,49,80,80,99.998
2025-03-18,2025-01-27,50,80,80,99.998
2025-03-19,2025-01-27,51,80,80,99.998
2025-03-20,2025-01-27,52,80,80,99.998
2025-03-21,2025-01-27,53,80,80,99.998
2025-03-24,2025-01-27,56,80,80,99.998
2025-03-25,2025-01-27,57,80,80,99.998
2025-03-26,2025-01-27,58,80,80,99.998
2025-03-27,2025-01-27,59,80,80,99.998
2025-03-28,2025-01-27,60,80,80,99.998
2025-03-31,2025-01-27,63,80,80,99.998
2025-04-01,2025-01-27,64,80,80,99.998
2025-04-02,2025-01-27,65,80,80,99.998
2025-04-03,2025-01-27,66,80,80,99.998
2025-04-07,2025-02-28,38,80,80,99.998
2025-04-08,2025-02-28,39,80,80,99.998
2025-04-09,2025-02-28,40,80,80,99.998
2025-04-10,2025-02-28,41,80,80,99.998
2025-04-11,2025-02-28,42,80,80,99.998
2025-04-14,2025-02-28,45,80,80,99.998
2025-04-15,2025-02-28,46,80,80,99.998
2025-04-16,2025-02-28,47,80,80,99.998
2025-04-17,2025-02-28,48,80,80,99.998
2025-04-18,2025-02-28,49,80,80,99.998
2025-04-21,2025-02-28,52,80,80,99.998
2025-04-22,2025-02-28,53,80,80,99.998
2025-04-23,2025-02-28,54,80,80,99.998
2025-04-24,2025-02-28,55,80,80,99.998
2025-04-25,2025-02-28,56,80,80,99.998
2025-04-28,2025-02-28,59,80,80,99.998
2025-04-29,2025-02-28,60,80,80,99.998
2025-04-30,2025-02-28,61,80,80,99.998
2025-05-06,2025-03-31,36,80,80,99.999
2025-05-07,2025-03-31,37,80,80,99.999
2025-05-08,2025-03-31,38,80,80,99.999
2025-05-09,2025-03-31,39,80,80,99.999
2025-05-12,2025-03-31,42,80,80,99.999
2025-05-13,2025-03-31,43,80,80,99.999
2025-05-14,2025-03-31,44,80,80,99.999
2025-05-15,2025-03-31,45,80,80,99.999
2025-05-16,2025-03-31,46,80,80,99.999
2025-05-19,2025-03-31,49,80,80,99.999
2025-05-20,2025-03-31,50,80,80,99.999
2025-05-21,2025-03-31,51,80,80,99.999
2025-05-22,2025-03-31,52,80,80,99.999
2025-05-23,2025-03-31,53,80,80,99.999
2025-05-26,2025-03-31,56,80,80,99.999
2025-05-27,2025-03-31,57,80,80,99.999
2025-05-28,2025-03-31,58,80,80,99.999
2025-05-29,2025-03-31,59,80,80,99.999
2025-05-30,2025-03-31,60,80,80,99.999
2025-06-03,2025-03-31,64,80,80,99.999
2025-06-04,2025-04-30,35,80,80,99.999
2025-06-05,2025-04-30,36,80,80,99.999
2025-06-06,2025-04-30,37,80,80,99.999
2025-06-09,2025-04-30,40,80,80,99.999
2025-06-10,2025-04-30,41,80,80,99.999
2025-06-11,2025-04-30,42,80,80,99.999
2025-06-12,2025-04-30,43,80,80,99.999
2025-06-13,2025-04-30,44,80,80,99.999
2025-06-16,2025-04-30,47,80,80,99.999
2025-06-17,2025-04-30,48,80,80,99.999
2025-06-18,2025-04-30,49,80,80,99.999
2025-06-19,2025-04-30,50,80,80,99.999
2025-06-20,2025-04-30,51,80,80,99.999
2025-06-23,2025-04-30,54,80,80,99.999
2025-06-24,2025-04-30,55,80,80,99.999
2025-06-25,2025-04-30,56,80,80,99.999
2025-06-26,2025-04-30,57,80,80,99.999
2025-06-27,2025-04-30,58,80,80,99.999
2025-06-30,2025-04-30,61,80,80,99.999
2025-07-01,2025-04-30,62,80,80,99.999
2025-07-02,2025-04-30,63,80,80,99.999
2025-07-03,2025-04-30,64,80,80,99.999
2025-07-04,2025-05-30,35,79,79,99.99999999999999
2025-07-07,2025-05-30,38,79,79,99.99999999999999
2025-07-08,2025-05-30,39,79,79,99.99999999999999
2025-07-09,2025-05-30,40,79,79,99.99999999999999
2025-07-10,2025-05-30,41,79,79,99.99999999999999
2025-07-11,2025-05-30,42,79,79,99.99999999999999
2025-07-14,2025-05-30,45,79,79,99.99999999999999
2025-07-15,2025-05-30,46,79,79,99.99999999999999
2025-07-16,2025-05-30,47,79,79,99.99999999999999
2025-07-17,2025-05-30,48,79,79,99.99999999999999
2025-07-18,2025-05-30,49,79,79,99.99999999999999
2025-07-21,2025-05-30,52,79,79,99.99999999999999
2025-07-22,2025-05-30,53,79,79,99.99999999999999
2025-07-23,2025-05-30,54,79,79,99.99999999999999
2025-07-24,2025-05-30,55,79,79,99.99999999999999
2025-07-25,2025-05-30,56,79,79,99.99999999999999
2025-07-28,2025-05-30,59,79,79,99.99999999999999
2025-07-29,2025-05-30,60,79,79,99.99999999999999
2025-07-30,2025-05-30,61,79,79,99.99999999999999
2025-07-31,2025-05-30,62,79,79,99.99999999999999
2025-08-01,2025-05-30,63,79,79,99.99999999999999
2025-08-04,2025-06-30,35,80,80,99.99499999999999
2025-08-05,2025-06-30,36,80,80,99.99499999999999
2025-08-06,2025-06-30,37,80,80,99.99499999999999
2025-08-07,2025-06-30,38,80,80,99.99499999999999
2025-08-08,2025-06-30,39,80,80,99.99499999999999
2025-08-11,2025-06-30,42,80,80,99.99499999999999
2025-08-12,2025-06-30,43,80,80,99.99499999999999
2025-08-13,2025-06-30,44,80,80,99.99499999999999
2025-08-14,2025-06-30,45,80,80,99.99499999999999
2025-08-15,2025-06-30,46,80,80,99.99499999999999
2025-08-18,2025-06-30,49,80,80,99.99499999999999
2025-08-19,2025-06-30,50,80,80,99.99499999999999
2025-08-20,2025-06-30,51,80,80,99.99499999999999
2025-08-21,2025-06-30,52,80,80,99.99499999999999
2025-08-22,2025-06-30,53,80,80,99.99499999999999
2025-08-25,2025-06-30,56,80,80,99.99499999999999
2025-08-26,2025-06-30,57,80,80,99.99499999999999
2025-08-27,2025-06-30,58,80,80,99.99499999999999
2025-08-28,2025-06-30,59,80,80,99.99499999999999
2025-08-29,2025-06-30,60,80,80,99.99499999999999
2025-09-01,2025-06-30,63,80,80,99.99499999999999
2025-09-02,2025-06-30,64,80,80,99.99499999999999
2025-09-03,2025-06-30,65,80,80,99.99499999999999
2025-09-04,2025-07-31,35,80,80,99.997
2025-09-05,2025-07-31,36,80,80,99.997
2025-09-08,2025-07-31,39,80,80,99.997
2025-09-09,2025-07-31,40,80,80,99.997
2025-09-10,2025-07-31,41,80,80,99.997
2025-09-11,2025-07-31,42,80,80,99.997
2025-09-12,2025-07-31,43,80,80,99.997
2025-09-15,2025-07-31,46,80,80,99.997
2025-09-16,2025-07-31,47,80,80,99.997
2025-09-17,2025-07-31,48,80,80,99.997
2025-09-18,2025-07-31,49,80,80,99.997
2025-09-19,2025-07-31,50,80,80,99.997
2025-09-22,2025-07-31,53,80,80,99.997
2025-09-23,2025-07-31,54,80,80,99.997
2025-09-24,2025-07-31,55,80,80,99.997
2025-09-25,2025-07-31,56,80,80,99.997
2025-09-26,2025-07-31,57,80,80,99.997
2025-09-29,2025-07-31,60,80,80,99.997
2025-09-30,2025-07-31,61,80,80,99.997
2025-10-09,2025-08-29,41,80,80,100.006
2025-10-10,2025-08-29,42,80,80,100.006
2025-10-13,2025-08-29,45,80,80,100.006
2025-10-14,2025-08-29,46,80,80,100.006
2025-10-15,2025-08-29,47,80,80,100.006
2025-10-16,2025-08-29,48,80,80,100.006
2025-10-17,2025-08-29,49,80,80,100.006
2025-10-20,2025-08-29,52,80,80,100.006
2025-10-21,2025-08-29,53,80,80,100.006
2025-10-22,2025-08-29,54,80,80,100.006
2025-10-23,2025-08-29,55,80,80,100.006
2025-10-24,2025-08-29,56,80,80,100.006
2025-10-27,2025-08-29,59,80,80,100.006
2025-10-28,2025-08-29,60,80,80,100.006
2025-10-29,2025-08-29,61,80,80,100.006
2025-10-30,2025-08-29,62,80,80,100.006
2025-10-31,2025-08-29,63,80,80,100.006
2025-11-03,2025-08-29,66,80,80,100.006
2025-11-04,2025-09-30,35,80,80,99.99900000000001
2025-11-05,2025-09-30,36,80,80,99.99900000000001
2025-11-06,2025-09-30,37,80,80,99.99900000000001
2025-11-07,2025-09-30,38,80,80,99.99900000000001
2025-11-10,2025-09-30,41,80,80,99.99900000000001
2025-11-11,2025-09-30,42,80,80,99.99900000000001
2025-11-12,2025-09-30,43,80,80,99.99900000000001
2025-11-13,2025-09-30,44,80,80,99.99900000000001
2025-11-14,2025-09-30,45,80,80,99.99900000000001
2025-11-17,2025-09-30,48,80,80,99.99900000000001
2025-11-18,2025-09-30,49,80,80,99.99900000000001
2025-11-19,2025-09-30,50,80,80,99.99900000000001
2025-11-20,2025-09-30,51,80,80,99.99900000000001
2025-11-21,2025-09-30,52,80,80,99.99900000000001
2025-11-24,2025-09-30,55,80,80,99.99900000000001
2025-11-25,2025-09-30,56,80,80,99.99900000000001
2025-11-26,2025-09-30,57,80,80,99.99900000000001
2025-11-27,2025-09-30,58,80,80,99.99900000000001
2025-11-28,2025-09-30,59,80,80,99.99900000000001
2025-12-01,2025-09-30,62,80,80,99.99900000000001
2025-12-02,2025-09-30,63,80,80,99.99900000000001
2025-12-03,2025-09-30,64,80,80,99.99900000000001
2025-12-04,2025-09-30,65,80,80,99.99900000000001
2025-12-05,2025-10-31,35,80,80,100.0
2025-12-08,2025-10-31,38,80,80,100.0
2025-12-09,2025-10-31,39,80,80,100.0
2025-12-10,2025-10-31,40,80,80,100.0
2025-12-11,2025-10-31,41,80,80,100.0
2025-12-12,2025-10-31,42,80,80,100.0
2025-12-15,2025-10-31,45,80,80,100.0
2025-12-16,2025-10-31,46,80,80,100.0
2025-12-17,2025-10-31,47,80,80,100.0
2025-12-18,2025-10-31,48,80,80,100.0
2025-12-19,2025-10-31,49,80,80,100.0
2025-12-22,2025-10-31,52,80,80,100.0
2025-12-23,2025-10-31,53,80,80,100.0
2025-12-24,2025-10-31,54,80,80,100.0
2025-12-25,2025-10-31,55,80,80,100.0
2025-12-26,2025-10-31,56,80,80,100.0
2025-12-29,2025-10-31,59,80,80,100.0
2025-12-30,2025-10-31,60,80,80,100.0
2025-12-31,2025-10-31,61,80,80,100.0
2026-01-05,2025-11-28,38,80,80,99.999
2026-01-06,2025-11-28,39,80,80,99.999
2026-01-07,2025-11-28,40,80,80,99.999
2026-01-08,2025-11-28,41,80,80,99.999
2026-01-09,2025-11-28,42,80,80,99.999
2026-01-12,2025-11-28,45,80,80,99.999
2026-01-13,2025-11-28,46,80,80,99.999
2026-01-14,2025-11-28,47,80,80,99.999
2026-01-15,2025-11-28,48,80,80,99.999
2026-01-16,2025-11-28,49,80,80,99.999
2026-01-19,2025-11-28,52,80,80,99.999
2026-01-20,2025-11-28,53,80,80,99.999
2026-01-21,2025-11-28,54,80,80,99.999
2026-01-22,2025-11-28,55,80,80,99.999
2026-01-23,2025-11-28,56,80,80,99.999
2026-01-26,2025-11-28,59,80,80,99.999
2026-01-27,2025-11-28,60,80,80,99.999
2026-01-28,2025-11-28,61,80,80,99.999
2026-01-29,2025-11-28,62,80,80,99.999
2026-01-30,2025-11-28,63,80,80,99.999
2026-02-02,2025-11-28,66,80,80,99.999
2026-02-03,2025-11-28,67,80,80,99.999
2026-02-04,2025-12-31,35,80,80,99.99699999999999
2026-02-05,2025-12-31,36,80,80,99.99699999999999
2026-02-06,2025-12-31,37,80,80,99.99699999999999
2026-02-09,2025-12-31,40,80,80,99.99699999999999
2026-02-10,2025-12-31,41,80,80,99.99699999999999
2026-02-11,2025-12-31,42,80,80,99.99699999999999
2026-02-12,2025-12-31,43,80,80,99.99699999999999
2026-02-13,2025-12-31,44,80,80,99.99699999999999
2026-02-24,2025-12-31,55,80,80,99.99699999999999
2026-02-25,2025-12-31,56,80,80,99.99699999999999
2026-02-26,2025-12-31,57,80,80,99.99699999999999
2026-02-27,2025-12-31,58,80,80,99.99699999999999
2026-03-02,2025-12-31,61,80,80,99.99699999999999
2026-03-03,2025-12-31,62,80,80,99.99699999999999
2026-03-04,2025-12-31,63,80,80,99.99699999999999
2026-03-05,2025-12-31,64,80,80,99.99699999999999
2026-03-06,2026-01-30,35,80,80,100.0
2026-03-09,2026-01-30,38,80,80,100.0
2026-03-10,2026-01-30,39,80,80,100.0
2026-03-11,2026-01-30,40,80,80,100.0
2026-03-12,2026-01-30,41,80,80,100.0
2026-03-13,2026-01-30,42,80,80,100.0
2026-03-16,2026-01-30,45,80,80,100.0
2026-03-17,2026-01-30,46,80,80,100.0
2026-03-18,2026-01-30,47,80,80,100.0
2026-03-19,2026-01-30,48,80,80,100.0
2026-03-20,2026-01-30,49,80,80,100.0
2026-03-23,2026-01-30,52,80,80,100.0
2026-03-24,2026-01-30,53,80,80,100.0
2026-03-25,2026-01-30,54,80,80,100.0
2026-03-26,2026-01-30,55,80,80,100.0
2026-03-27,2026-01-30,56,80,80,100.0
2026-03-30,2026-01-30,59,80,80,100.0
2026-03-31,2026-01-30,60,80,80,100.0
2026-04-01,2026-01-30,61,80,80,100.0
2026-04-02,2026-01-30,62,80,80,100.0
2026-04-03,2026-02-27,35,80,80,99.997
2026-04-07,2026-02-27,39,80,80,99.997
2026-04-08,2026-02-27,40,80,80,99.997
2026-04-09,2026-02-27,41,80,80,99.997
2026-04-10,2026-02-27,42,80,80,99.997
2026-04-13,2026-02-27,45,80,80,99.997
2026-04-14,2026-02-27,46,80,80,99.997
2026-04-15,2026-02-27,47,80,80,99.997
2026-04-16,2026-02-27,48,80,80,99.997
2026-04-17,2026-02-27,49,80,80,99.997
2026-04-20,2026-02-27,52,80,80,99.997
2026-04-21,2026-02-27,53,80,80,99.997
2026-04-22,2026-02-27,54,80,80,99.997
2026-04-23,2026-02-27,55,80,80,99.997
2026-04-24,2026-02-27,56,80,80,99.997
2026-04-27,2026-02-27,59,80,80,99.997
2026-04-28,2026-02-27,60,80,80,99.997
2026-04-29,2026-02-27,61,80,80,99.997
2026-04-30,2026-02-27,62,80,80,99.997
2026-05-06,2026-03-31,36,80,80,99.99499999999999
2026-05-07,2026-03-31,37,80,80,99.99499999999999
2026-05-08,2026-03-31,38,80,80,99.99499999999999
2026-05-11,2026-03-31,41,80,80,99.99499999999999
2026-05-12,2026-03-31,42,80,80,99.99499999999999
2026-05-13,2026-03-31,43,80,80,99.99499999999999
2026-05-14,2026-03-31,44,80,80,99.99499999999999
2026-05-15,2026-03-31,45,80,80,99.99499999999999
2026-05-18,2026-03-31,48,80,80,99.99499999999999
2026-05-19,2026-03-31,49,80,80,99.99499999999999
2026-05-20,2026-03-31,50,80,80,99.99499999999999
2026-05-21,2026-03-31,51,80,80,99.99499999999999
2026-05-22,2026-03-31,52,80,80,99.99499999999999
2026-05-25,2026-03-31,55,80,80,99.99499999999999
2026-05-26,2026-03-31,56,80,80,99.99499999999999
2026-05-27,2026-03-31,57,80,80,99.99499999999999
2026-05-28,2026-03-31,58,80,80,99.99499999999999
2026-05-29,2026-03-31,59,80,80,99.99499999999999
2026-06-01,2026-03-31,62,80,80,99.99499999999999
2026-06-02,2026-03-31,63,80,80,99.99499999999999
2026-06-03,2026-03-31,64,80,80,99.99499999999999
2026-06-04,2026-04-30,35,80,80,99.99900000000001
2026-06-05,2026-04-30,36,80,80,99.99900000000001
2026-06-08,2026-04-30,39,80,80,99.99900000000001
2026-06-09,2026-04-30,40,80,80,99.99900000000001
2026-06-10,2026-04-30,41,80,80,99.99900000000001
2026-06-11,2026-04-30,42,80,80,99.99900000000001
2026-06-12,2026-04-30,43,80,80,99.99900000000001
2026-06-15,2026-04-30,46,80,80,99.99900000000001
2026-06-16,2026-04-30,47,80,80,99.99900000000001
2026-06-17,2026-04-30,48,80,80,99.99900000000001
2026-06-18,2026-04-30,49,80,80,99.99900000000001
2026-06-22,2026-04-30,53,80,80,99.99900000000001
2026-06-23,2026-04-30,54,80,80,99.99900000000001
2026-06-24,2026-04-30,55,80,80,99.99900000000001
2026-06-25,2026-04-30,56,80,80,99.99900000000001
2026-06-26,2026-04-30,57,80,80,99.99900000000001
2026-06-29,2026-04-30,60,80,80,99.99900000000001
2026-06-30,2026-04-30,61,80,80,99.99900000000001
2026-07-01,2026-04-30,62,80,80,99.99900000000001
2026-07-02,2026-04-30,63,80,80,99.99900000000001
2026-07-03,2026-05-29,35,80,80,99.999
2026-07-06,2026-05-29,38,80,80,99.999
2026-07-07,2026-05-29,39,80,80,99.999
2026-07-08,2026-05-29,40,80,80,99.999
2026-07-09,2026-05-29,41,80,80,99.999
2026-07-10,2026-05-29,42,80,80,99.999
2026-07-13,2026-05-29,45,80,80,99.999
2026-07-14,2026-05-29,46,80,80,99.999
2026-07-15,2026-05-29,47,80,80,99.999
2026-07-16,2026-05-29,48,80,80,99.999
2026-07-17,2026-05-29,49,80,80,99.999
2026-07-20,2026-05-29,52,80,80,99.999
2026-07-21,2026-05-29,53,80,80,99.999
2026-07-22,2026-05-29,54,80,80,99.999
2026-07-23,2026-05-29,55,80,80,99.999
2026-07-24,2026-05-29,56,80,80,99.999
2026-07-27,2026-05-29,59,80,80,99.999
2026-07-28,2026-05-29,60,80,80,99.999
2026-07-29,2026-05-29,61,80,80,99.999
2026-07-30,2026-05-29,62,80,80,99.999
2026-07-31,2026-05-29,63,80,80,99.999
2026-08-03,2026-05-29,66,80,80,99.999
2026-08-04,2026-06-30,35,80,80,100.0
2026-08-05,2026-06-30,36,80,80,100.0
2026-08-06,2026-06-30,37,80,80,100.0
2026-08-07,2026-06-30,38,80,80,100.0
2026-08-10,2026-06-30,41,80,80,100.0
2026-08-11,2026-06-30,42,80,80,100.0
2026-08-12,2026-06-30,43,80,80,100.0
2026-08-13,2026-06-30,44,80,80,100.0
2026-08-14,2026-06-30,45,80,80,100.0
2026-08-17,2026-06-30,48,80,80,100.0
2026-08-18,2026-06-30,49,80,80,100.0
2026-08-19,2026-06-30,50,80,80,100.0
2026-08-20,2026-06-30,51,80,80,100.0
2026-08-21,2026-06-30,52,80,80,100.0
2026-08-24,2026-06-30,55,80,80,100.0
2026-08-25,2026-06-30,56,80,80,100.0
2026-08-26,2026-06-30,57,80,80,100.0
2026-08-27,2026-06-30,58,80,80,100.0
2026-08-28,2026-06-30,59,80,80,100.0
2026-08-31,2026-06-30,62,80,80,100.0
2026-09-01,2026-06-30,63,80,80,100.0
2026-09-02,2026-06-30,64,80,80,100.0
2026-09-03,2026-06-30,65,80,80,100.0
2026-09-04,2026-07-31,35,80,80,100.001
2026-09-07,2026-07-31,38,80,80,100.001
2026-09-08,2026-07-31,39,80,80,100.001
2026-09-09,2026-07-31,40,80,80,100.001
2026-09-10,2026-07-31,41,80,80,100.001
2026-09-11,2026-07-31,42,80,80,100.001
2026-09-14,2026-07-31,45,80,80,100.001
2026-09-15,2026-07-31,46,80,80,100.001
2026-09-16,2026-07-31,47,80,80,100.001
2026-09-17,2026-07-31,48,80,80,100.001
2026-09-18,2026-07-31,49,80,80,100.001
2026-09-21,2026-07-31,52,80,80,100.001
2026-09-22,2026-07-31,53,80,80,100.001
2026-09-23,2026-07-31,54,80,80,100.001
2026-09-24,2026-07-31,55,80,80,100.001
2026-09-28,2026-07-31,59,80,80,100.001
