Horizon,Year,State,Variant,TrainingN,EvaluationN,DesignRank,ConditionNumber,Identifiable
20,2019,START,PRICE,236,33,6,2.2553384331133244,True
20,2019,START,PRICE+SGE,236,33,9,5.4600953275996496,True
20,2019,START,PRICE+FX,236,33,7,2.36516968085349,True
20,2019,START,PRICE+SGE+FX,236,33,10,5.582605096115055,True
20,2019,PERSIST,PRICE,333,115,6,3.544660114537463,True
20,2019,PERSIST,PRICE+SGE,333,115,9,10.311394424957383,True
20,2019,PERSIST,PRICE+FX,333,115,7,3.8586017033786537,True
20,2019,PERSIST,PRICE+SGE+FX,333,115,10,10.467912587943502,True
20,2019,PULLBACK,PRICE,194,56,6,2.999127183478705,True
20,2019,PULLBACK,PRICE+SGE,194,56,9,4.8727645166610545,True
20,2019,PULLBACK,PRICE+FX,194,56,7,3.119426029307446,True
20,2019,PULLBACK,PRICE+SGE+FX,194,56,10,4.932040761048607,True
20,2019,WEAK,PRICE,421,40,6,2.337654455331478,True
20,2019,WEAK,PRICE+SGE,421,40,9,8.486530484421484,True
20,2019,WEAK,PRICE+FX,421,40,7,2.3499254592977716,True
20,2019,WEAK,PRICE+SGE+FX,421,40,10,8.540471455305635,True
20,2020,START,PRICE,253,15,6,2.2584513574135077,True
20,2020,START,PRICE+SGE,253,15,9,5.443821374267066,True
20,2020,START,PRICE+FX,253,15,7,2.3324841024465237,True
20,2020,START,PRICE+SGE+FX,253,15,10,5.572757957950072,True
20,2020,PERSIST,PRICE,466,134,6,3.529620976497195,True
20,2020,PERSIST,PRICE+SGE,466,134,9,10.612095299688528,True
20,2020,PERSIST,PRICE+FX,466,134,7,3.713460927921518,True
20,2020,PERSIST,PRICE+SGE+FX,466,134,10,10.852799958889815,True
20,2020,PULLBACK,PRICE,253,53,6,3.18507552493861,True
20,2020,PULLBACK,PRICE+SGE,253,53,9,4.618507881028357,True
20,2020,PULLBACK,PRICE+FX,253,53,7,3.2274492504604773,True
20,2020,PULLBACK,PRICE+SGE+FX,253,53,10,4.650306357514184,True
20,2020,WEAK,PRICE,456,41,6,2.304047866778778,True
20,2020,WEAK,PRICE+SGE,456,41,9,8.251077971243285,True
20,2020,WEAK,PRICE+FX,456,41,7,2.3179496808809437,True
20,2020,WEAK,PRICE+SGE+FX,456,41,10,8.297572326193052,True
20,2021,START,PRICE,275,63,6,2.2005684056833594,True
20,2021,START,PRICE+SGE,275,63,9,5.396212204071404,True
20,2021,START,PRICE+FX,275,63,7,2.2934353492182784,True
20,2021,START,PRICE+SGE+FX,275,63,10,5.534409093902178,True
20,2021,PERSIST,PRICE,600,53,6,2.8014308060157664,True
20,2021,PERSIST,PRICE+SGE,600,53,9,8.623976161443702,True
20,2021,PERSIST,PRICE+FX,600,53,7,2.9344600216452887,True
20,2021,PERSIST,PRICE+SGE+FX,600,53,10,8.780966446880194,True
20,2021,PULLBACK,PRICE,306,27,6,2.1171442686715993,True
20,2021,PULLBACK,PRICE+SGE,306,27,9,5.290463947991656,True
20,2021,PULLBACK,PRICE+FX,306,27,7,2.416053921982634,True
20,2021,PULLBACK,PRICE+SGE+FX,306,27,10,5.321750387841073,True
20,2021,WEAK,PRICE,490,100,6,2.347915404548254,True
20,2021,WEAK,PRICE+SGE,490,100,9,8.29724285395762,True
20,2021,WEAK,PRICE+FX,490,100,7,2.3559979260290795,True
20,2021,WEAK,PRICE+SGE+FX,490,100,10,8.35104173219267,True
20,2022,START,PRICE,347,32,6,2.0988796902463145,True
20,2022,START,PRICE+SGE,347,32,9,4.979757633955025,True
20,2022,START,PRICE+FX,347,32,7,2.1507207280698366,True
20,2022,START,PRICE+SGE+FX,347,32,10,5.060681244276619,True
20,2022,PERSIST,PRICE,646,123,6,2.8395756119774216,True
20,2022,PERSIST,PRICE+SGE,646,123,9,8.464770554581268,True
20,2022,PERSIST,PRICE+FX,646,123,7,2.9738062107748453,True
20,2022,PERSIST,PRICE+SGE+FX,646,123,10,8.615028509864601,True
20,2022,PULLBACK,PRICE,332,35,6,2.0980010956591615,True
20,2022,PULLBACK,PRICE+SGE,332,35,9,5.491433012485206,True
20,2022,PULLBACK,PRICE+FX,332,35,7,2.530820163855662,True
20,2022,PULLBACK,PRICE+SGE+FX,332,35,10,5.558624783465201,True
20,2022,WEAK,PRICE,589,52,6,2.288040346787339,True
20,2022,WEAK,PRICE+SGE,589,52,9,7.75290520267299,True
20,2022,WEAK,PRICE+FX,589,52,7,2.2936486544005654,True
20,2022,WEAK,PRICE+SGE+FX,589,52,10,7.793842843177654,True
20,2023,START,PRICE,379,1,6,2.0103463158215806,True
20,2023,START,PRICE+SGE,379,1,9,4.995661072728509,True
20,2023,START,PRICE+FX,379,1,7,2.054487102298349,True
20,2023,START,PRICE+SGE+FX,379,1,10,5.066135778865838,True
20,2023,PERSIST,PRICE,763,179,6,2.9121893447253724,True
20,2023,PERSIST,PRICE+SGE,763,179,9,8.50419826671803,True
20,2023,PERSIST,PRICE+FX,763,179,7,3.016640019345298,True
20,2023,PERSIST,PRICE+SGE+FX,763,179,10,8.573841239560323,True
20,2023,PULLBACK,PRICE,360,57,6,2.06746042766935,True
20,2023,PULLBACK,PRICE+SGE,360,57,9,5.297286546191473,True
20,2023,PULLBACK,PRICE+FX,360,57,7,2.201924718563391,True
20,2023,PULLBACK,PRICE+SGE+FX,360,57,10,5.329980287222256,True
20,2023,WEAK,PRICE,654,5,6,2.2874346036757642,True
20,2023,WEAK,PRICE+SGE,654,5,9,7.811352250609777,True
20,2023,WEAK,PRICE+FX,654,5,7,2.2977805881062703,True
20,2023,WEAK,PRICE+SGE+FX,654,5,10,7.846348127508531,True
20,2024,START,PRICE,379,4,6,2.0103463158215806,True
20,2024,START,PRICE+SGE,379,4,9,4.995661072728509,True
20,2024,START,PRICE+FX,379,4,7,2.054487102298349,True
20,2024,START,PRICE+SGE+FX,379,4,10,5.066135778865838,True
20,2024,PERSIST,PRICE,938,158,6,2.8807756072818265,True
20,2024,PERSIST,PRICE+SGE,938,158,9,8.513419598193497,True
20,2024,PERSIST,PRICE+FX,938,158,7,2.952917520105368,True
20,2024,PERSIST,PRICE+SGE+FX,938,158,10,8.54656303884283,True
20,2024,PULLBACK,PRICE,424,52,6,2.088478993297389,True
20,2024,PULLBACK,PRICE+SGE,424,52,9,5.340097304311678,True
20,2024,PULLBACK,PRICE+FX,424,52,7,2.109563866897411,True
20,2024,PULLBACK,PRICE+SGE+FX,424,52,10,5.351962421994618,True
20,2024,WEAK,PRICE,657,7,6,2.2884846610063967,True
20,2024,WEAK,PRICE+SGE,657,7,9,7.8013509525870095,True
20,2024,WEAK,PRICE+FX,657,7,7,2.2987566689524073,True
20,2024,WEAK,PRICE+SGE+FX,657,7,10,7.835852993479004,True
60,2019,START,PRICE,232,33,6,2.242553332624442,True
60,2019,START,PRICE+SGE,232,33,9,5.432636272858239,True
60,2019,START,PRICE+FX,232,33,7,2.355913184308723,True
60,2019,START,PRICE+SGE+FX,232,33,10,5.55707069600766,True
60,2019,PERSIST,PRICE,311,115,6,3.5708455388548583,True
60,2019,PERSIST,PRICE+SGE,311,115,9,10.41172590697811,True
60,2019,PERSIST,PRICE+FX,311,115,7,4.0843676898184125,True
60,2019,PERSIST,PRICE+SGE+FX,311,115,10,10.62302031568591,True
60,2019,PULLBACK,PRICE,181,56,6,3.305255342983948,True
60,2019,PULLBACK,PRICE+SGE,181,56,9,4.913055809770789,True
60,2019,PULLBACK,PRICE+FX,181,56,7,3.479508127517453,True
60,2019,PULLBACK,PRICE+SGE+FX,181,56,10,4.9562167046215855,True
60,2019,WEAK,PRICE,420,40,6,2.33707942757526,True
60,2019,WEAK,PRICE+SGE,420,40,9,8.475431736379115,True
60,2019,WEAK,PRICE+FX,420,40,7,2.3489293899665458,True
60,2019,WEAK,PRICE+SGE+FX,420,40,10,8.529266952303136,True
60,2020,START,PRICE,253,15,6,2.2584513574135077,True
60,2020,START,PRICE+SGE,253,15,9,5.443821374267066,True
60,2020,START,PRICE+FX,253,15,7,2.3324841024465237,True
60,2020,START,PRICE+SGE+FX,253,15,10,5.572757957950072,True
60,2020,PERSIST,PRICE,466,134,6,3.529620976497195,True
60,2020,PERSIST,PRICE+SGE,466,134,9,10.612095299688528,True
60,2020,PERSIST,PRICE+FX,466,134,7,3.713460927921518,True
60,2020,PERSIST,PRICE+SGE+FX,466,134,10,10.852799958889815,True
60,2020,PULLBACK,PRICE,231,53,6,3.1104169285383354,True
60,2020,PULLBACK,PRICE+SGE,231,53,9,5.06136136695689,True
60,2020,PULLBACK,PRICE+FX,231,53,7,3.138192351764255,True
60,2020,PULLBACK,PRICE+SGE+FX,231,53,10,5.1115458845207025,True
60,2020,WEAK,PRICE,438,41,6,2.356199898938978,True
60,2020,WEAK,PRICE+SGE,438,41,9,8.515419310020883,True
60,2020,WEAK,PRICE+FX,438,41,7,2.3691694709659314,True
60,2020,WEAK,PRICE+SGE+FX,438,41,10,8.572654946404459,True
60,2021,START,PRICE,271,63,6,2.206034677702936,True
60,2021,START,PRICE+SGE,271,63,9,5.390286505805372,True
60,2021,START,PRICE+FX,271,63,7,2.2940467438995196,True
60,2021,START,PRICE+SGE+FX,271,63,10,5.514257897803595,True
60,2021,PERSIST,PRICE,600,53,6,2.8014308060157664,True
60,2021,PERSIST,PRICE+SGE,600,53,9,8.623976161443702,True
60,2021,PERSIST,PRICE+FX,600,53,7,2.9344600216452887,True
60,2021,PERSIST,PRICE+SGE+FX,600,53,10,8.780966446880194,True
60,2021,PULLBACK,PRICE,296,27,6,2.127013299773884,True
60,2021,PULLBACK,PRICE+SGE,296,27,9,5.320949143402165,True
60,2021,PULLBACK,PRICE+FX,296,27,7,2.418952965512111,True
60,2021,PULLBACK,PRICE+SGE+FX,296,27,10,5.374301482626526,True
60,2021,WEAK,PRICE,464,100,6,2.3214503475245936,True
60,2021,WEAK,PRICE+SGE,464,100,9,8.290968223278602,True
60,2021,WEAK,PRICE+FX,464,100,7,2.33415405898987,True
60,2021,WEAK,PRICE+SGE+FX,464,100,10,8.333496451262873,True
60,2022,START,PRICE,333,32,6,2.1302911828948794,True
60,2022,START,PRICE+SGE,333,32,9,4.964686386456508,True
60,2022,START,PRICE+FX,333,32,7,2.1826433235478224,True
60,2022,START,PRICE+SGE+FX,333,32,10,5.041233243772916,True
60,2022,PERSIST,PRICE,636,123,6,2.837125218449633,True
60,2022,PERSIST,PRICE+SGE,636,123,9,8.516800884363297,True
60,2022,PERSIST,PRICE+FX,636,123,7,2.972510833919628,True
60,2022,PERSIST,PRICE+SGE+FX,636,123,10,8.66729754606359,True
60,2022,PULLBACK,PRICE,332,35,6,2.0980010956591615,True
60,2022,PULLBACK,PRICE+SGE,332,35,9,5.491433012485206,True
60,2022,PULLBACK,PRICE+FX,332,35,7,2.530820163855662,True
60,2022,PULLBACK,PRICE+SGE+FX,332,35,10,5.558624783465201,True
60,2022,WEAK,PRICE,573,52,6,2.307740394850597,True
60,2022,WEAK,PRICE+SGE,573,52,9,7.791130114597034,True
60,2022,WEAK,PRICE+FX,573,52,7,2.313971627619826,True
60,2022,WEAK,PRICE+SGE+FX,573,52,10,7.8336629565251386,True
60,2023,START,PRICE,379,1,6,2.0103463158215806,True
60,2023,START,PRICE+SGE,379,1,9,4.995661072728509,True
60,2023,START,PRICE+FX,379,1,7,2.054487102298349,True
60,2023,START,PRICE+SGE+FX,379,1,10,5.066135778865838,True
60,2023,PERSIST,PRICE,723,179,6,2.883363031680965,True
60,2023,PERSIST,PRICE+SGE,723,179,9,8.461479225864144,True
60,2023,PERSIST,PRICE+FX,723,179,7,3.0002106164252766,True
60,2023,PERSIST,PRICE+SGE+FX,723,179,10,8.561334037019666,True
60,2023,PULLBACK,PRICE,360,57,6,2.06746042766935,True
60,2023,PULLBACK,PRICE+SGE,360,57,9,5.297286546191473,True
60,2023,PULLBACK,PRICE+FX,360,57,7,2.201924718563391,True
60,2023,PULLBACK,PRICE+SGE+FX,360,57,10,5.329980287222256,True
60,2023,WEAK,PRICE,654,5,6,2.2874346036757642,True
60,2023,WEAK,PRICE+SGE,654,5,9,7.811352250609777,True
60,2023,WEAK,PRICE+FX,654,5,7,2.2977805881062703,True
60,2023,WEAK,PRICE+SGE+FX,654,5,10,7.846348127508531,True
60,2024,START,PRICE,379,4,6,2.0103463158215806,True
60,2024,START,PRICE+SGE,379,4,9,4.995661072728509,True
60,2024,START,PRICE+FX,379,4,7,2.054487102298349,True
60,2024,START,PRICE+SGE+FX,379,4,10,5.066135778865838,True
60,2024,PERSIST,PRICE,920,131,6,2.8946200085819576,True
60,2024,PERSIST,PRICE+SGE,920,131,9,8.628244363069676,True
60,2024,PERSIST,PRICE+FX,920,131,7,2.967173281303766,True
60,2024,PERSIST,PRICE+SGE+FX,920,131,10,8.662828983431886,True
60,2024,PULLBACK,PRICE,405,39,6,2.083739474094158,True
60,2024,PULLBACK,PRICE+SGE,405,39,9,5.244080323852082,True
60,2024,PULLBACK,PRICE+FX,405,39,7,2.1170953083399833,True
60,2024,PULLBACK,PRICE+SGE+FX,405,39,10,5.257090341386959,True
60,2024,WEAK,PRICE,654,7,6,2.2874346036757642,True
60,2024,WEAK,PRICE+SGE,654,7,9,7.811352250609777,True
60,2024,WEAK,PRICE+FX,654,7,7,2.2977805881062703,True
60,2024,WEAK,PRICE+SGE+FX,654,7,10,7.846348127508531,True
