reference,closed_trades,wins,top3_positive_pnl_share,rolling60_positive_excess_share,worst_rolling60_excess,best_1_days_zero_cagr,best_3_days_zero_cagr,best_5_days_zero_cagr
EX15T040,40,28,0.32661418316518587,0.5377906976744186,-0.2817935769439086,0.35102047998922337,0.2496052596219207,0.1846683824201636
EX23T011,40,28,0.3274824025940099,0.5494186046511628,-0.2828062826917348,0.3525983282438021,0.25112426064272886,0.18617117216332568
EX23T051,38,28,0.34350240396483456,0.502906976744186,-0.3071690520952386,0.3385021004333699,0.23817541086947713,0.17395880135800001
EX23T054,40,29,0.3502539562350847,0.5755813953488372,-0.2559142537043517,0.36203079263120297,0.26417473789068247,0.20452682174617043
EX22T015,40,29,0.3504394266364721,0.5581395348837209,-0.2559129227214829,0.3465587791032907,0.24981689569868415,0.19084962993934163
EX24T002,39,28,0.33844373272604716,0.6017441860465116,-0.26901703022817136,0.4061906769481993,0.30050113147564206,0.2313265382899452
EX24T003,40,29,0.3268852398617556,0.625,-0.2518229281243394,0.42986789576097006,0.3225323950961947,0.2522562693037085
EX24T006,39,27,0.31278809057637247,0.5813953488372093,-0.2690198905189105,0.356386233195652,0.2544447041598705,0.1891929287856322
EX24T007,40,28,0.30730172320872556,0.5872093023255814,-0.261189704556545,0.36592582183678135,0.26338930959993645,0.1977357300324829
EX24T010,39,28,0.33844373272604716,0.6017441860465116,-0.26901703022817136,0.4061906769481993,0.30050113147564206,0.2313265382899452
EX24T011,40,29,0.3268852398617556,0.625,-0.2518229281243394,0.42986789576097006,0.3225323950961947,0.2522562693037085
EX24T014,39,27,0.31278809057637247,0.5813953488372093,-0.2690198905189105,0.356386233195652,0.2544447041598705,0.1891929287856322
EX24T015,40,28,0.30730172320872556,0.5872093023255814,-0.261189704556545,0.36592582183678135,0.26338930959993645,0.1977357300324829
EX24T019,38,27,0.36279110353144967,0.563953488372093,-0.2802618794888432,0.349226635623473,0.25211870819553917,0.19292580891888944
EX24T020,39,28,0.3608556711596208,0.561046511627907,-0.2811719491414282,0.34851236550375964,0.2515278779489547,0.1924209726365531
EX25T008,40,29,0.3378381067060739,0.6046511627906976,-0.26910856803665095,0.4067494740509128,0.30108235003910844,0.2319150268877035
EX25T010,40,29,0.3164121308910323,0.5959302325581395,-0.2691136466688333,0.37586127393401725,0.27251733899697905,0.20637055701697204
EX25T012,40,28,0.3121486271367527,0.5843023255813954,-0.2691200728187626,0.3569633958187184,0.25503843301246576,0.18980151524687106
EX25T014,39,28,0.33903708580762354,0.6017441860465116,-0.2691213366810721,0.40349895688101767,0.2980805598555467,0.2290696235175762
EX25T016,39,28,0.3176189029586816,0.5930232558139535,-0.2691199700538578,0.3726779284335102,0.2695745902836657,0.2035803576615538
EX25T017,40,29,0.3115210314386645,0.5988372093023255,-0.2636609150177367,0.38492055981387985,0.2809557209979856,0.21438794656099014
EX25T018,39,27,0.3133762527825339,0.5813953488372093,-0.2691142256819561,0.3538296555244127,0.2521420067868505,0.18705377611884133
EX25T020,39,28,0.33903708580762354,0.6017441860465116,-0.2691213366810721,0.40349895688101767,0.2980805598555467,0.2290696235175762
EX25T022,39,28,0.3176189029586816,0.5930232558139535,-0.2691199700538578,0.3726779284335102,0.2695745902836657,0.2035803576615538
EX25T023,40,29,0.3115210314386645,0.5988372093023255,-0.2636609150177367,0.38492055981387985,0.2809557209979856,0.21438794656099014
EX25T024,39,27,0.3133762527825339,0.5813953488372093,-0.2691142256819561,0.3538296555244127,0.2521420067868505,0.18705377611884133
