factor,outcome,baseline,oos_rows,positive_folds,mse_reduction
etf_drawdown_10,adverse_1,B0,304,3,0.038630057723946676
etf_drawdown_10,adverse_1,B_RANGE,304,3,0.01370874167682723
etf_drawdown_10,adverse_1,B_TREND,304,2,0.015041777650820709
etf_drawdown_10,adverse_1,B_CROSS,304,2,0.016097497880089295
etf_drawdown_10,adverse_5,B0,300,2,0.03870550098156833
etf_drawdown_10,adverse_5,B_RANGE,300,1,0.0035634354924360956
etf_drawdown_10,adverse_5,B_TREND,300,2,0.005641846239264003
etf_drawdown_10,adverse_5,B_CROSS,300,2,0.019697424713596923
etf_range_5,adverse_5,B0,300,3,0.04576022827805171
etf_range_5,adverse_5,B_DRAWDOWN,300,2,0.010876062619735283
etf_range_5,adverse_5,B_RANGE10,300,2,0.004285330396890608
etf_breakout_10,adverse_5,B0,300,3,0.023682519527552404
etf_breakout_10,adverse_5,B_DRAWDOWN,300,0,-0.013131605239929955
