factor,horizon,status,oos_rows,incremental_mse_reduction,positive_folds,evaluated_folds
etf_return_1,1,EVALUATED,303,0.028822556090533302,3,3
etf_return_1,5,EVALUATED,299,-0.002216713487763755,1,3
etf_return_1,10,EVALUATED,294,-0.0019262413047151927,1,3
etf_return_3,1,EVALUATED,303,0.0009852509722796388,2,3
etf_return_3,5,EVALUATED,299,-0.007860941396175214,0,3
etf_return_3,10,EVALUATED,294,-0.0024469894697503047,1,3
etf_return_5,1,BASELINE_MEMBER,0,,0,0
etf_return_5,5,BASELINE_MEMBER,0,,0,0
etf_return_5,10,BASELINE_MEMBER,0,,0,0
etf_return_10,1,EVALUATED,303,-0.007042859744216257,1,3
etf_return_10,5,EVALUATED,299,-0.010344497486756143,1,3
etf_return_10,10,EVALUATED,294,-0.01698663413345014,1,3
etf_return_20,1,EVALUATED,303,-0.007904858324751629,1,3
etf_return_20,5,EVALUATED,299,-0.01815831509596144,1,3
etf_return_20,10,EVALUATED,294,-0.019895314965455935,1,3
etf_return_40,1,EVALUATED,303,-0.044086528298316274,1,3
etf_return_40,5,EVALUATED,299,-0.10734809219349595,1,3
etf_return_40,10,EVALUATED,294,-0.1396244894184968,1,3
etf_volatility_5,1,EVALUATED,303,0.0037863863261818897,2,3
etf_volatility_5,5,EVALUATED,299,-0.0021893293947683468,1,3
etf_volatility_5,10,EVALUATED,294,-0.0035783961872366543,2,3
etf_range_5,1,EVALUATED,303,-0.007333754929095493,0,3
etf_range_5,5,EVALUATED,299,0.019096635860286648,2,3
etf_range_5,10,EVALUATED,294,0.020789556325829794,2,3
etf_volatility_10,1,EVALUATED,303,3.8034292972888295e-06,2,3
etf_volatility_10,5,EVALUATED,299,-0.008660994083561357,1,3
etf_volatility_10,10,EVALUATED,294,-0.011508957844973855,1,3
etf_range_10,1,EVALUATED,303,0.0022879156101989206,1,3
etf_range_10,5,EVALUATED,299,0.023369559932953976,3,3
etf_range_10,10,EVALUATED,294,0.009013086066483766,2,3
etf_volatility_20,1,BASELINE_MEMBER,0,,0,0
etf_volatility_20,5,BASELINE_MEMBER,0,,0,0
etf_volatility_20,10,BASELINE_MEMBER,0,,0,0
etf_range_20,1,EVALUATED,303,0.003599428165759533,1,3
etf_range_20,5,EVALUATED,299,0.010289383542328334,1,3
etf_range_20,10,EVALUATED,294,-0.003341496277303291,1,3
etf_ma_distance_5,1,EVALUATED,303,0.011956980944005657,3,3
etf_ma_distance_5,5,EVALUATED,299,-0.010308013830569118,1,3
etf_ma_distance_5,10,EVALUATED,294,-0.004869915172321493,1,3
etf_ma_distance_10,1,EVALUATED,303,-0.008028937306012507,1,3
etf_ma_distance_10,5,EVALUATED,299,-0.016068023824042932,0,3
etf_ma_distance_10,10,EVALUATED,294,-0.017430980684322472,1,3
etf_ma_distance_20,1,EVALUATED,303,-0.011214725261280423,1,3
etf_ma_distance_20,5,EVALUATED,299,-0.020793111344765913,1,3
etf_ma_distance_20,10,EVALUATED,294,-0.027488324404199682,1,3
etf_ma_distance_40,1,EVALUATED,303,-0.01975524597803191,1,3
etf_ma_distance_40,5,EVALUATED,299,-0.07279838267612604,1,3
etf_ma_distance_40,10,EVALUATED,294,-0.10771849125445154,1,3
etf_drawdown_10,1,EVALUATED,303,-0.004822926892804391,1,3
etf_drawdown_10,5,EVALUATED,299,0.00853136057165138,1,3
etf_drawdown_10,10,EVALUATED,294,0.008092670444056926,1,3
etf_breakout_10,1,EVALUATED,303,-0.009557901337847285,0,3
etf_breakout_10,5,EVALUATED,299,0.003582164445086855,1,3
etf_breakout_10,10,EVALUATED,294,0.010170585038797197,2,3
etf_drawdown_20,1,EVALUATED,303,-0.0021760087836706354,1,3
etf_drawdown_20,5,EVALUATED,299,0.0035790486680848943,1,3
etf_drawdown_20,10,EVALUATED,294,-0.012218035109079928,1,3
etf_breakout_20,1,EVALUATED,303,-0.005366840067762002,0,3
etf_breakout_20,5,EVALUATED,299,-0.002648505648194188,1,3
etf_breakout_20,10,EVALUATED,294,-0.01179917851136314,0,3
etf_drawdown_40,1,EVALUATED,303,-0.009055960656180861,0,3
etf_drawdown_40,5,EVALUATED,299,-0.01622082415737025,1,3
etf_drawdown_40,10,EVALUATED,294,-0.04651885875420847,0,3
etf_breakout_40,1,EVALUATED,303,-0.0047814567367840954,1,3
etf_breakout_40,5,EVALUATED,299,-0.013556634405704537,1,3
etf_breakout_40,10,EVALUATED,294,-0.041675033917856874,1,3
etf_gap,1,EVALUATED,303,-0.012966440062631257,1,3
etf_gap,5,EVALUATED,299,-0.006017514641717181,0,3
etf_gap,10,EVALUATED,294,-0.00011006072413066725,1,3
etf_body,1,EVALUATED,303,0.029473550430056394,2,3
etf_body,5,EVALUATED,299,0.0004972950046443492,2,3
etf_body,10,EVALUATED,294,-0.002886377016412478,0,3
etf_close_location,1,EVALUATED,303,0.024124278663878562,3,3
etf_close_location,5,EVALUATED,299,-0.0031038443361206536,2,3
etf_close_location,10,EVALUATED,294,-0.007939147522771473,0,3
etf_amihud,1,EVALUATED,303,-0.00023501071397369344,1,3
etf_amihud,5,EVALUATED,299,-0.006124712700167789,1,3
etf_amihud,10,EVALUATED,294,-0.009036515343966656,0,3
etf_volume_z_5,1,EVALUATED,303,-0.0029256305545242167,2,3
etf_volume_z_5,5,EVALUATED,299,-0.010784913267078533,1,3
etf_volume_z_5,10,EVALUATED,294,-0.0030171205919820032,1,3
etf_volume_z_20,1,EVALUATED,303,-0.007081127286130862,0,3
etf_volume_z_20,5,EVALUATED,299,-0.014405054643893633,1,3
etf_volume_z_20,10,EVALUATED,294,-0.007581313329320771,0,3
etf_amount_z_5,1,EVALUATED,303,-0.002955427345993966,2,3
etf_amount_z_5,5,EVALUATED,299,-0.009552213971567358,2,3
etf_amount_z_5,10,EVALUATED,294,-0.0024911134380198874,1,3
etf_amount_z_20,1,EVALUATED,303,-0.005124562023146151,1,3
etf_amount_z_20,5,EVALUATED,299,-0.013134471977552353,0,3
etf_amount_z_20,10,EVALUATED,294,-0.007086343828739183,0,3
known_share_change_1,1,EVALUATED,303,-0.024816929884905026,0,3
known_share_change_1,5,EVALUATED,299,-0.017093884186181407,1,3
known_share_change_1,10,EVALUATED,294,-0.005134980522302879,2,3
known_share_change_5,1,EVALUATED,303,-0.1742390862181833,0,3
known_share_change_5,5,EVALUATED,299,-0.06534013517886672,0,3
known_share_change_5,10,EVALUATED,294,-0.0852159876528713,0,3
known_share_change_20,1,EVALUATED,303,-0.06782220456850685,0,3
known_share_change_20,5,EVALUATED,299,-0.3268208112084343,0,3
known_share_change_20,10,EVALUATED,294,-0.07254663366206104,0,3
csi300_return_1,1,EVALUATED,303,0.019363425699318704,2,3
csi300_return_1,5,EVALUATED,299,0.009235575009154617,3,3
csi300_return_1,10,EVALUATED,294,0.00042737668829073705,2,3
etf_excess_csi300_1,1,EVALUATED,303,0.005121200532102077,2,3
etf_excess_csi300_1,5,EVALUATED,299,-0.017001000410390876,0,3
etf_excess_csi300_1,10,EVALUATED,294,-0.003919160984318326,0,3
csi300_return_5,1,EVALUATED,303,-0.008204355372770422,2,3
csi300_return_5,5,EVALUATED,299,0.004562414477529253,2,3
csi300_return_5,10,EVALUATED,294,-0.015498496331592948,0,3
etf_excess_csi300_5,1,EVALUATED,303,-0.03066574139396283,2,3
etf_excess_csi300_5,5,EVALUATED,299,0.005390233301366676,2,3
etf_excess_csi300_5,10,EVALUATED,294,-0.016527849369446068,0,3
csi300_return_20,1,EVALUATED,303,-7.691062876302723e-05,1,3
csi300_return_20,5,EVALUATED,299,-0.0029893849067590406,1,3
csi300_return_20,10,EVALUATED,294,-0.002349886130868173,1,3
etf_excess_csi300_20,1,EVALUATED,303,-0.012692293728175041,1,3
etf_excess_csi300_20,5,EVALUATED,299,-0.024724015877326755,1,3
etf_excess_csi300_20,10,EVALUATED,294,-0.07636690473727814,1,3
csi300_volatility_20,1,EVALUATED,303,-0.0014221570090475755,2,3
csi300_volatility_20,5,EVALUATED,299,-0.0008913765100857507,1,3
csi300_volatility_20,10,EVALUATED,294,0.006038305711662861,1,3
csi500_return_1,1,EVALUATED,303,0.006656346959922788,2,3
csi500_return_1,5,EVALUATED,299,0.00044896787882031663,2,3
csi500_return_1,10,EVALUATED,294,-0.00255118872003135,1,3
etf_excess_csi500_1,1,EVALUATED,303,-0.0077051088407815715,2,3
etf_excess_csi500_1,5,EVALUATED,299,-0.009045469352433333,1,3
etf_excess_csi500_1,10,EVALUATED,294,-0.008115642849962246,0,3
csi500_return_5,1,EVALUATED,303,-0.017555304065000277,0,3
csi500_return_5,5,EVALUATED,299,-0.029119129339402416,1,3
csi500_return_5,10,EVALUATED,294,-0.04400231752571737,1,3
etf_excess_csi500_5,1,EVALUATED,303,-0.03946313642070254,0,3
etf_excess_csi500_5,5,EVALUATED,299,-0.043804701626360076,1,3
etf_excess_csi500_5,10,EVALUATED,294,-0.0556772221171129,0,3
csi500_return_20,1,EVALUATED,303,-0.0022343771281665425,0,3
csi500_return_20,5,EVALUATED,299,-0.01180654867121289,1,3
csi500_return_20,10,EVALUATED,294,-0.017832644391833963,1,3
etf_excess_csi500_20,1,EVALUATED,303,-0.030379574934486175,1,3
etf_excess_csi500_20,5,EVALUATED,299,-0.07834788421249428,1,3
etf_excess_csi500_20,10,EVALUATED,294,-0.07704116406340722,1,3
csi500_volatility_20,1,EVALUATED,303,0.00293936811719242,2,3
csi500_volatility_20,5,EVALUATED,299,0.005114777945987248,3,3
csi500_volatility_20,10,EVALUATED,294,0.005704008695423646,1,3
csi500_minus_csi300_20,1,EVALUATED,303,-0.008038443406616524,1,3
csi500_minus_csi300_20,5,EVALUATED,299,-0.027421028307812234,2,3
csi500_minus_csi300_20,10,EVALUATED,294,-0.04165146408205622,1,3
tsfresh_range__mean,1,EVALUATED,303,0.003599428165759533,1,3
tsfresh_range__mean,5,EVALUATED,299,0.010289383542328334,1,3
tsfresh_range__mean,10,EVALUATED,294,-0.003341496277303291,1,3
tsfresh_range__median,1,EVALUATED,303,0.009520569583875815,3,3
tsfresh_range__median,5,EVALUATED,299,0.03339575438983433,3,3
tsfresh_range__median,10,EVALUATED,294,0.02227595556021511,3,3
tsfresh_range__standard_deviation,1,EVALUATED,303,-0.04202802466405853,1,3
tsfresh_range__standard_deviation,5,EVALUATED,299,-0.09492053103921294,1,3
tsfresh_range__standard_deviation,10,EVALUATED,294,-0.11451800931120304,1,3
tsfresh_range__skewness,1,EVALUATED,303,-0.035649666912523914,1,3
tsfresh_range__skewness,5,EVALUATED,299,-0.1043667926087315,0,3
tsfresh_range__skewness,10,EVALUATED,294,-0.06456905376484534,0,3
tsfresh_range__kurtosis,1,EVALUATED,303,-0.035238236624276054,1,3
tsfresh_range__kurtosis,5,EVALUATED,299,-0.07777978439002231,1,3
tsfresh_range__kurtosis,10,EVALUATED,294,-0.054542311654929954,1,3
tsfresh_range__maximum,1,EVALUATED,303,-0.051241948312919394,1,3
tsfresh_range__maximum,5,EVALUATED,299,-0.1529232797589346,1,3
tsfresh_range__maximum,10,EVALUATED,294,-0.15714267912647295,1,3
tsfresh_range__minimum,1,EVALUATED,303,-0.0059140191654838414,0,3
tsfresh_range__minimum,5,EVALUATED,299,-0.019871821581483484,0,3
tsfresh_range__minimum,10,EVALUATED,294,-0.03918459672792052,0,3
tsfresh_range__mean_abs_change,1,EVALUATED,303,-0.025401733462064202,1,3
tsfresh_range__mean_abs_change,5,EVALUATED,299,-0.09584611329468173,1,3
tsfresh_range__mean_abs_change,10,EVALUATED,294,-0.13402000538003533,1,3
tsfresh_range__abs_energy,1,EVALUATED,303,-0.008950199238682899,1,3
tsfresh_range__abs_energy,5,EVALUATED,299,-0.04788521358412434,1,3
tsfresh_range__abs_energy,10,EVALUATED,294,-0.07181453060487497,1,3
tsfresh_range__autocorrelation__lag_1,1,EVALUATED,303,0.005415324047872261,3,3
tsfresh_range__autocorrelation__lag_1,5,EVALUATED,299,-0.0006700983355061307,2,3
tsfresh_range__autocorrelation__lag_1,10,EVALUATED,294,0.016230847391861314,3,3
"tsfresh_range__linear_trend__attr_""slope""",1,EVALUATED,303,0.00024543325327541776,2,3
"tsfresh_range__linear_trend__attr_""slope""",5,EVALUATED,299,0.012893935184376315,2,3
"tsfresh_range__linear_trend__attr_""slope""",10,EVALUATED,294,-0.002680421090298424,2,3
tsfresh_range__quantile__q_0.1,1,EVALUATED,303,0.0029104584664889632,2,3
tsfresh_range__quantile__q_0.1,5,EVALUATED,299,0.0003466294138952941,2,3
tsfresh_range__quantile__q_0.1,10,EVALUATED,294,-0.006031717242413581,1,3
tsfresh_range__quantile__q_0.9,1,EVALUATED,303,-0.0027241078900428484,1,3
tsfresh_range__quantile__q_0.9,5,EVALUATED,299,-0.006264693826270262,0,3
tsfresh_range__quantile__q_0.9,10,EVALUATED,294,-0.013881110812723252,1,3
tsfresh_return__mean,1,EVALUATED,303,-0.008544105697988913,1,3
tsfresh_return__mean,5,EVALUATED,299,-0.019647940680514564,1,3
tsfresh_return__mean,10,EVALUATED,294,-0.020034589033140593,1,3
tsfresh_return__median,1,EVALUATED,303,-0.005000404871902342,0,3
tsfresh_return__median,5,EVALUATED,299,-0.014211315856754059,2,3
tsfresh_return__median,10,EVALUATED,294,-0.02994148692618781,2,3
tsfresh_return__standard_deviation,1,EVALUATED,303,-0.000495279693398798,0,3
tsfresh_return__standard_deviation,5,EVALUATED,299,-0.0016122985058983907,0,3
tsfresh_return__standard_deviation,10,EVALUATED,294,-0.0016245315484615386,0,3
tsfresh_return__skewness,1,EVALUATED,303,0.0032396055839559734,3,3
tsfresh_return__skewness,5,EVALUATED,299,-0.00025165803791971086,1,3
tsfresh_return__skewness,10,EVALUATED,294,-0.005011557226760166,0,3
tsfresh_return__kurtosis,1,EVALUATED,303,0.0024934940874266065,2,3
tsfresh_return__kurtosis,5,EVALUATED,299,0.01451596317203141,2,3
tsfresh_return__kurtosis,10,EVALUATED,294,0.021447430214842855,2,3
tsfresh_return__maximum,1,EVALUATED,303,-0.000586830810452188,0,3
tsfresh_return__maximum,5,EVALUATED,299,0.0036626528555612214,3,3
tsfresh_return__maximum,10,EVALUATED,294,0.013066128709562363,3,3
tsfresh_return__minimum,1,EVALUATED,303,0.0038021115303643604,3,3
tsfresh_return__minimum,5,EVALUATED,299,0.010978308388014169,3,3
tsfresh_return__minimum,10,EVALUATED,294,0.0037449317016274852,3,3
tsfresh_return__mean_abs_change,1,EVALUATED,303,-0.008654188120128303,0,3
tsfresh_return__mean_abs_change,5,EVALUATED,299,-0.022279563151024417,1,3
tsfresh_return__mean_abs_change,10,EVALUATED,294,0.003957294319165916,2,3
tsfresh_return__abs_energy,1,EVALUATED,303,0.005998501257856059,3,3
tsfresh_return__abs_energy,5,EVALUATED,299,0.018268209369573518,2,3
tsfresh_return__abs_energy,10,EVALUATED,294,0.011778030628019631,2,3
tsfresh_return__autocorrelation__lag_1,1,EVALUATED,303,-0.006689081713798561,1,3
tsfresh_return__autocorrelation__lag_1,5,EVALUATED,299,-0.018772243615969186,1,3
tsfresh_return__autocorrelation__lag_1,10,EVALUATED,294,0.012148101009647472,2,3
"tsfresh_return__linear_trend__attr_""slope""",1,EVALUATED,303,-4.334152349083631e-05,1,3
"tsfresh_return__linear_trend__attr_""slope""",5,EVALUATED,299,-0.0028926292160240674,2,3
"tsfresh_return__linear_trend__attr_""slope""",10,EVALUATED,294,0.0004975803565131498,2,3
tsfresh_return__quantile__q_0.1,1,EVALUATED,303,-0.0007417554363990941,1,3
tsfresh_return__quantile__q_0.1,5,EVALUATED,299,-0.005820293461245463,2,3
tsfresh_return__quantile__q_0.1,10,EVALUATED,294,-0.0038105511538948367,2,3
tsfresh_return__quantile__q_0.9,1,EVALUATED,303,0.00037682327241594926,2,3
tsfresh_return__quantile__q_0.9,5,EVALUATED,299,0.0011479719244484876,2,3
tsfresh_return__quantile__q_0.9,10,EVALUATED,294,-0.018932804254110813,0,3
tsfresh_volume_change__mean,1,EVALUATED,303,-0.004348426880263601,0,3
tsfresh_volume_change__mean,5,EVALUATED,299,-0.008834665258525387,1,3
tsfresh_volume_change__mean,10,EVALUATED,294,-0.014812679793464678,0,3
tsfresh_volume_change__median,1,EVALUATED,303,-0.0359462614797208,0,3
tsfresh_volume_change__median,5,EVALUATED,299,-0.06513408955360656,1,3
tsfresh_volume_change__median,10,EVALUATED,294,-0.05266647103017319,1,3
tsfresh_volume_change__standard_deviation,1,EVALUATED,303,-0.010971694087606787,1,3
tsfresh_volume_change__standard_deviation,5,EVALUATED,299,-0.02588891262363835,2,3
tsfresh_volume_change__standard_deviation,10,EVALUATED,294,-0.01475301257385997,2,3
tsfresh_volume_change__skewness,1,EVALUATED,303,-0.00204425718917145,1,3
tsfresh_volume_change__skewness,5,EVALUATED,299,-0.007594878996096233,0,3
tsfresh_volume_change__skewness,10,EVALUATED,294,-0.0011881802619169157,2,3
tsfresh_volume_change__kurtosis,1,EVALUATED,303,-0.002946814061811187,0,3
tsfresh_volume_change__kurtosis,5,EVALUATED,299,-0.002688688639784109,1,3
tsfresh_volume_change__kurtosis,10,EVALUATED,294,-0.01473888222360209,1,3
tsfresh_volume_change__maximum,1,EVALUATED,303,-0.05194909274543691,0,3
tsfresh_volume_change__maximum,5,EVALUATED,299,-0.08152840132365236,1,3
tsfresh_volume_change__maximum,10,EVALUATED,294,-0.033009529305797036,1,3
tsfresh_volume_change__minimum,1,EVALUATED,303,-0.0009578258945543983,2,3
tsfresh_volume_change__minimum,5,EVALUATED,299,0.00704489427733479,3,3
tsfresh_volume_change__minimum,10,EVALUATED,294,0.001782308997705706,2,3
tsfresh_volume_change__mean_abs_change,1,EVALUATED,303,-0.005362782609715566,1,3
tsfresh_volume_change__mean_abs_change,5,EVALUATED,299,-0.002865240826172011,1,3
tsfresh_volume_change__mean_abs_change,10,EVALUATED,294,-0.004112339774323015,1,3
tsfresh_volume_change__abs_energy,1,EVALUATED,303,-0.009726097484531016,0,3
tsfresh_volume_change__abs_energy,5,EVALUATED,299,-0.03903678441455671,1,3
tsfresh_volume_change__abs_energy,10,EVALUATED,294,-0.012466430698393705,1,3
tsfresh_volume_change__autocorrelation__lag_1,1,EVALUATED,303,-0.005290559504296688,1,3
tsfresh_volume_change__autocorrelation__lag_1,5,EVALUATED,299,-0.015464554150257381,0,3
tsfresh_volume_change__autocorrelation__lag_1,10,EVALUATED,294,0.010338937914737278,3,3
"tsfresh_volume_change__linear_trend__attr_""slope""",1,EVALUATED,303,-0.00898381448386365,1,3
"tsfresh_volume_change__linear_trend__attr_""slope""",5,EVALUATED,299,-0.0038423807267593535,2,3
"tsfresh_volume_change__linear_trend__attr_""slope""",10,EVALUATED,294,0.003788064218779863,1,3
tsfresh_volume_change__quantile__q_0.1,1,EVALUATED,303,-0.005950537728709682,0,3
tsfresh_volume_change__quantile__q_0.1,5,EVALUATED,299,-0.018774168270365266,1,3
tsfresh_volume_change__quantile__q_0.1,10,EVALUATED,294,-0.022815627083952794,2,3
tsfresh_volume_change__quantile__q_0.9,1,EVALUATED,303,-0.016340839596205692,0,3
tsfresh_volume_change__quantile__q_0.9,5,EVALUATED,299,-0.021832982145879587,1,3
tsfresh_volume_change__quantile__q_0.9,10,EVALUATED,294,-0.022106555908704806,1,3
