Factor,Label,ExcludedMonth,N,RawIC
market__large_return_1,return_1,2025-07,279,0.15525576383863868
market__large_return_1,return_1,2025-08,281,0.1696078196745508
market__large_return_1,return_1,2025-09,280,0.16321392048057032
market__large_return_1,return_1,2025-10,285,0.1346973967571396
market__large_return_1,return_1,2025-11,282,0.17022983245466827
market__large_return_1,return_1,2025-12,280,0.15404267659675647
market__large_return_1,return_1,2026-01,282,0.1732143915419267
market__large_return_1,return_1,2026-02,288,0.14327999962875612
market__large_return_1,return_1,2026-03,280,0.1592113069193088
market__large_return_1,return_1,2026-04,281,0.159135814137424
market__large_return_1,return_1,2026-05,284,0.15585287811451673
market__large_return_1,return_1,2026-06,282,0.1658569383513826
market__large_return_1,return_1,2026-07,279,0.1600478181062139
market__large_return_1,return_1,2026-08,281,0.14907991577554597
market__large_return_1,return_1,2026-09,284,0.172466826930355
market__large_return_1,return_3,2025-07,273,0.1171630293378
market__large_return_1,return_3,2025-08,275,0.12164371404775746
market__large_return_1,return_3,2025-09,274,0.11001617657667405
market__large_return_1,return_3,2025-10,279,0.11131592455881403
market__large_return_1,return_3,2025-11,276,0.13972275993572347
market__large_return_1,return_3,2025-12,276,0.12061907407205244
market__large_return_1,return_3,2026-01,276,0.13274022865565743
market__large_return_1,return_3,2026-02,282,0.12699293926322602
market__large_return_1,return_3,2026-03,274,0.13239387075258016
market__large_return_1,return_3,2026-04,275,0.1257287392222746
market__large_return_1,return_3,2026-05,278,0.11304865325033905
market__large_return_1,return_3,2026-06,278,0.119009385696591
market__large_return_1,return_3,2026-07,273,0.16292624062570882
market__large_return_1,return_3,2026-08,275,0.11725521185464272
market__large_return_1,return_3,2026-09,280,0.11966198128597023
market__large_return_1,return_5,2025-07,267,0.036299668176132366
market__large_return_1,return_5,2025-08,269,0.053606519326085685
market__large_return_1,return_5,2025-09,268,0.04436342712010123
market__large_return_1,return_5,2025-10,273,0.04157771858227034
market__large_return_1,return_5,2025-11,270,0.059208572959721116
market__large_return_1,return_5,2025-12,272,0.0499848683396491
market__large_return_1,return_5,2026-01,270,0.06461514168466007
market__large_return_1,return_5,2026-02,276,0.033986396879725385
market__large_return_1,return_5,2026-03,268,0.040816142048229455
market__large_return_1,return_5,2026-04,269,0.060655847360427326
market__large_return_1,return_5,2026-05,272,0.05112384257706565
market__large_return_1,return_5,2026-06,274,0.0690550527006024
market__large_return_1,return_5,2026-07,267,0.07651257835366666
market__large_return_1,return_5,2026-08,269,0.033122188487887554
market__large_return_1,return_5,2026-09,276,0.039541113723011764
market__large_return_1,return_10,2025-07,252,-0.022869560718166298
market__large_return_1,return_10,2025-08,254,-0.006117969269186619
market__large_return_1,return_10,2025-09,253,-0.025064801682398403
market__large_return_1,return_10,2025-10,258,-0.007261174847818591
market__large_return_1,return_10,2025-11,255,-0.0037980546549328392
market__large_return_1,return_10,2025-12,262,-0.01840688514187744
market__large_return_1,return_10,2026-01,255,0.006507642427049561
market__large_return_1,return_10,2026-02,261,-0.014883133888135204
market__large_return_1,return_10,2026-03,253,0.00630084282942893
market__large_return_1,return_10,2026-04,254,-0.010273018360498473
market__large_return_1,return_10,2026-05,257,-0.01101215387747715
market__large_return_1,return_10,2026-06,264,-0.03189546661101292
market__large_return_1,return_10,2026-07,252,0.018229359992741254
market__large_return_1,return_10,2026-08,254,-0.018649755504579594
market__large_return_1,return_10,2026-09,266,0.005215179139283444
market__large_return_1,adverse_5,2025-07,267,-0.05815914129535216
market__large_return_1,adverse_5,2025-08,269,-0.0761329862040808
market__large_return_1,adverse_5,2025-09,268,-0.06303614623136755
market__large_return_1,adverse_5,2025-10,273,-0.05231656645114935
market__large_return_1,adverse_5,2025-11,270,-0.07237563486194756
market__large_return_1,adverse_5,2025-12,272,-0.06566092665213581
market__large_return_1,adverse_5,2026-01,270,-0.07650207426022924
market__large_return_1,adverse_5,2026-02,276,-0.05610958334947737
market__large_return_1,adverse_5,2026-03,268,-0.06169359866396244
market__large_return_1,adverse_5,2026-04,269,-0.0670601772865637
market__large_return_1,adverse_5,2026-05,272,-0.052871866094735855
market__large_return_1,adverse_5,2026-06,274,-0.07571350109486998
market__large_return_1,adverse_5,2026-07,267,-0.10650436181778725
market__large_return_1,adverse_5,2026-08,269,-0.05033643832527983
market__large_return_1,adverse_5,2026-09,276,-0.050250625279365115
market__large_return_1,range_5,2025-07,267,0.12038712410743445
market__large_return_1,range_5,2025-08,269,0.09806481841104268
market__large_return_1,range_5,2025-09,268,0.13283962377661002
market__large_return_1,range_5,2025-10,273,0.10587775256087835
market__large_return_1,range_5,2025-11,270,0.11930448672516464
market__large_return_1,range_5,2025-12,272,0.11272681084923325
market__large_return_1,range_5,2026-01,270,0.11135863774994625
market__large_return_1,range_5,2026-02,276,0.11832080021689191
market__large_return_1,range_5,2026-03,268,0.10682043605954189
market__large_return_1,range_5,2026-04,269,0.12368825019882003
market__large_return_1,range_5,2026-05,272,0.11836502980414418
market__large_return_1,range_5,2026-06,274,0.12473220210446488
market__large_return_1,range_5,2026-07,267,0.09655343288625721
market__large_return_1,range_5,2026-08,269,0.1179628499386586
market__large_return_1,range_5,2026-09,276,0.13952198170688204
market__large_return_1,persistence_3,2025-07,273,0.11296041707311506
market__large_return_1,persistence_3,2025-08,275,0.13955985192567913
market__large_return_1,persistence_3,2025-09,274,0.12592240875099203
market__large_return_1,persistence_3,2025-10,279,0.0936350902103235
market__large_return_1,persistence_3,2025-11,276,0.1335948302376428
market__large_return_1,persistence_3,2025-12,276,0.11841513534450986
market__large_return_1,persistence_3,2026-01,276,0.1433191230314024
market__large_return_1,persistence_3,2026-02,282,0.12210297426495649
market__large_return_1,persistence_3,2026-03,274,0.12363052346731032
market__large_return_1,persistence_3,2026-04,275,0.13512821765336364
market__large_return_1,persistence_3,2026-05,278,0.12179822547273672
market__large_return_1,persistence_3,2026-06,278,0.12415867418892632
market__large_return_1,persistence_3,2026-07,273,0.14487113060120066
market__large_return_1,persistence_3,2026-08,275,0.0996952702478541
market__large_return_1,persistence_3,2026-09,280,0.1299007317883646
EX01__tail_return_90,return_1,2025-07,279,0.21172604284723626
EX01__tail_return_90,return_1,2025-08,281,0.2096952739144441
EX01__tail_return_90,return_1,2025-09,280,0.2164470122100189
EX01__tail_return_90,return_1,2025-10,285,0.19470073783004724
EX01__tail_return_90,return_1,2025-11,282,0.21394217007353888
EX01__tail_return_90,return_1,2025-12,280,0.20987370192638044
EX01__tail_return_90,return_1,2026-01,282,0.18248957357805823
EX01__tail_return_90,return_1,2026-02,288,0.19724535824470227
EX01__tail_return_90,return_1,2026-03,280,0.22145322718287871
EX01__tail_return_90,return_1,2026-04,281,0.21088760253437674
EX01__tail_return_90,return_1,2026-05,284,0.19317072868043783
EX01__tail_return_90,return_1,2026-06,282,0.19987103715223403
EX01__tail_return_90,return_1,2026-07,279,0.22350324285700326
EX01__tail_return_90,return_1,2026-08,281,0.2083625953894593
EX01__tail_return_90,return_1,2026-09,284,0.2108535530485197
EX01__tail_return_90,return_3,2025-07,273,0.1411048028734156
EX01__tail_return_90,return_3,2025-08,275,0.15062047223003705
EX01__tail_return_90,return_3,2025-09,274,0.15696864400246152
EX01__tail_return_90,return_3,2025-10,279,0.14911488450166652
EX01__tail_return_90,return_3,2025-11,276,0.14801974385737623
EX01__tail_return_90,return_3,2025-12,276,0.16634938251224565
EX01__tail_return_90,return_3,2026-01,276,0.144705824640936
EX01__tail_return_90,return_3,2026-02,282,0.1448010194278995
EX01__tail_return_90,return_3,2026-03,274,0.14206854592144438
EX01__tail_return_90,return_3,2026-04,275,0.15682386917921534
EX01__tail_return_90,return_3,2026-05,278,0.13038510790376245
EX01__tail_return_90,return_3,2026-06,278,0.17084612469978472
EX01__tail_return_90,return_3,2026-07,273,0.1894875447575865
EX01__tail_return_90,return_3,2026-08,275,0.1415656137389569
EX01__tail_return_90,return_3,2026-09,280,0.1500757061666368
EX01__tail_return_90,return_5,2025-07,267,0.03607523690742573
EX01__tail_return_90,return_5,2025-08,269,0.04088186509081122
EX01__tail_return_90,return_5,2025-09,268,0.04517535281357867
EX01__tail_return_90,return_5,2025-10,273,0.02839168490983308
EX01__tail_return_90,return_5,2025-11,270,0.0362060222407882
EX01__tail_return_90,return_5,2025-12,272,0.048595598098138536
EX01__tail_return_90,return_5,2026-01,270,0.04624736045020462
EX01__tail_return_90,return_5,2026-02,276,0.033454515056496346
EX01__tail_return_90,return_5,2026-03,268,0.02180510320123058
EX01__tail_return_90,return_5,2026-04,269,0.030863618132804332
EX01__tail_return_90,return_5,2026-05,272,0.02093483475549194
EX01__tail_return_90,return_5,2026-06,274,0.06503365236316921
EX01__tail_return_90,return_5,2026-07,267,0.06955213240195321
EX01__tail_return_90,return_5,2026-08,269,0.03630501800959421
EX01__tail_return_90,return_5,2026-09,276,0.04474358292631477
EX01__tail_return_90,return_10,2025-07,252,0.005615842690735955
EX01__tail_return_90,return_10,2025-08,254,0.0121427574981597
EX01__tail_return_90,return_10,2025-09,253,0.02456463347410469
EX01__tail_return_90,return_10,2025-10,258,0.011247494673037374
EX01__tail_return_90,return_10,2025-11,255,0.001185824744506708
EX01__tail_return_90,return_10,2025-12,262,0.011049091524913875
EX01__tail_return_90,return_10,2026-01,255,0.0003104803961142251
EX01__tail_return_90,return_10,2026-02,261,0.007575021262639047
EX01__tail_return_90,return_10,2026-03,253,0.031211101685220132
EX01__tail_return_90,return_10,2026-04,254,0.027065359378691874
EX01__tail_return_90,return_10,2026-05,257,-0.013331940615891632
EX01__tail_return_90,return_10,2026-06,264,0.010749257102893983
EX01__tail_return_90,return_10,2026-07,252,0.07970857860622305
EX01__tail_return_90,return_10,2026-08,254,-0.006672753333124233
EX01__tail_return_90,return_10,2026-09,266,0.012837513545489601
EX01__tail_return_90,adverse_5,2025-07,267,-0.1027084544099433
EX01__tail_return_90,adverse_5,2025-08,269,-0.12184616467104498
EX01__tail_return_90,adverse_5,2025-09,268,-0.12631562870567628
EX01__tail_return_90,adverse_5,2025-10,273,-0.11078062136925101
EX01__tail_return_90,adverse_5,2025-11,270,-0.09632602072587203
EX01__tail_return_90,adverse_5,2025-12,272,-0.12238628495233876
EX01__tail_return_90,adverse_5,2026-01,270,-0.09616280390909285
EX01__tail_return_90,adverse_5,2026-02,276,-0.09866626371213645
EX01__tail_return_90,adverse_5,2026-03,268,-0.12774575540276192
EX01__tail_return_90,adverse_5,2026-04,269,-0.1122204341878125
EX01__tail_return_90,adverse_5,2026-05,272,-0.09724703241578436
EX01__tail_return_90,adverse_5,2026-06,274,-0.14719702668861262
EX01__tail_return_90,adverse_5,2026-07,267,-0.1970888517305708
EX01__tail_return_90,adverse_5,2026-08,269,-0.11139523475369673
EX01__tail_return_90,adverse_5,2026-09,276,-0.11731189331551996
EX01__tail_return_90,range_5,2025-07,267,0.08193934098788379
EX01__tail_return_90,range_5,2025-08,269,0.057306231668700136
EX01__tail_return_90,range_5,2025-09,268,0.05836628577391629
EX01__tail_return_90,range_5,2025-10,273,0.07570789349531698
EX01__tail_return_90,range_5,2025-11,270,0.08017480825697317
EX01__tail_return_90,range_5,2025-12,272,0.06877664320301588
EX01__tail_return_90,range_5,2026-01,270,0.07924162262182653
EX01__tail_return_90,range_5,2026-02,276,0.06566784653789681
EX01__tail_return_90,range_5,2026-03,268,0.04062486071388772
EX01__tail_return_90,range_5,2026-04,269,0.06545215677881025
EX01__tail_return_90,range_5,2026-05,272,0.06962403690113511
EX01__tail_return_90,range_5,2026-06,274,0.04962307830059778
EX01__tail_return_90,range_5,2026-07,267,-0.010531698022003938
EX01__tail_return_90,range_5,2026-08,269,0.0739404410689211
EX01__tail_return_90,range_5,2026-09,276,0.08790294606930514
EX01__tail_return_90,persistence_3,2025-07,273,0.210278387278293
EX01__tail_return_90,persistence_3,2025-08,275,0.22703682147005597
EX01__tail_return_90,persistence_3,2025-09,274,0.23996891713103308
EX01__tail_return_90,persistence_3,2025-10,279,0.21420138654329568
EX01__tail_return_90,persistence_3,2025-11,276,0.22154289095801763
EX01__tail_return_90,persistence_3,2025-12,276,0.2318223517413137
EX01__tail_return_90,persistence_3,2026-01,276,0.21858885457298471
EX01__tail_return_90,persistence_3,2026-02,282,0.21207877964238714
EX01__tail_return_90,persistence_3,2026-03,274,0.23353509604860812
EX01__tail_return_90,persistence_3,2026-04,275,0.2371081263577812
EX01__tail_return_90,persistence_3,2026-05,278,0.20337809793007575
EX01__tail_return_90,persistence_3,2026-06,278,0.22122306525926638
EX01__tail_return_90,persistence_3,2026-07,273,0.2624344630190661
EX01__tail_return_90,persistence_3,2026-08,275,0.21845267510701086
EX01__tail_return_90,persistence_3,2026-09,280,0.22387708685601757
external__spx_1,return_1,2025-07,279,0.12877393716203198
external__spx_1,return_1,2025-08,281,0.1355297492516841
external__spx_1,return_1,2025-09,280,0.11959065634241237
external__spx_1,return_1,2025-10,285,0.13864412297482967
external__spx_1,return_1,2025-11,282,0.13698066072490017
external__spx_1,return_1,2025-12,280,0.11989459869613826
external__spx_1,return_1,2026-01,282,0.12452089263348527
external__spx_1,return_1,2026-02,288,0.15857558844166197
external__spx_1,return_1,2026-03,280,0.11297139061803879
external__spx_1,return_1,2026-04,281,0.15949703848472957
external__spx_1,return_1,2026-05,284,0.12218018500177903
external__spx_1,return_1,2026-06,282,0.14436775729173426
external__spx_1,return_1,2026-07,279,0.1585321767027731
external__spx_1,return_1,2026-08,281,0.1050562571037689
external__spx_1,return_1,2026-09,284,0.138881041563924
external__spx_1,return_3,2025-07,273,0.03948808573329791
external__spx_1,return_3,2025-08,275,0.04487432951792894
external__spx_1,return_3,2025-09,274,0.040990487380121766
external__spx_1,return_3,2025-10,279,0.052317115539572114
external__spx_1,return_3,2025-11,276,0.014840249108369808
external__spx_1,return_3,2025-12,276,0.04791341712401169
external__spx_1,return_3,2026-01,276,0.0446616263698
external__spx_1,return_3,2026-02,282,0.06276659317391817
external__spx_1,return_3,2026-03,274,0.029136524399484075
external__spx_1,return_3,2026-04,275,0.03777807237970429
external__spx_1,return_3,2026-05,278,0.011769455131224137
external__spx_1,return_3,2026-06,278,0.01320519628644889
external__spx_1,return_3,2026-07,273,0.03439147744028908
external__spx_1,return_3,2026-08,275,0.017511318646703557
external__spx_1,return_3,2026-09,280,0.04728358837233749
external__spx_1,return_5,2025-07,267,0.09066842774890616
external__spx_1,return_5,2025-08,269,0.09148479009178043
external__spx_1,return_5,2025-09,268,0.08958073734471679
external__spx_1,return_5,2025-10,273,0.08049847803237738
external__spx_1,return_5,2025-11,270,0.05992454960707877
external__spx_1,return_5,2025-12,272,0.09849162491073706
external__spx_1,return_5,2026-01,270,0.07432234185034005
external__spx_1,return_5,2026-02,276,0.1004989108273885
external__spx_1,return_5,2026-03,268,0.06872237536991918
external__spx_1,return_5,2026-04,269,0.06883357037827675
external__spx_1,return_5,2026-05,272,0.06543481958789842
external__spx_1,return_5,2026-06,274,0.07458757801822295
external__spx_1,return_5,2026-07,267,0.09233025539081616
external__spx_1,return_5,2026-08,269,0.058302496807584196
external__spx_1,return_5,2026-09,276,0.08191952096409544
external__spx_1,return_10,2025-07,252,0.12565937549880984
external__spx_1,return_10,2025-08,254,0.11652123161656293
external__spx_1,return_10,2025-09,253,0.11334631352437316
external__spx_1,return_10,2025-10,258,0.10909899571892322
external__spx_1,return_10,2025-11,255,0.08800069187807344
external__spx_1,return_10,2025-12,262,0.11248247017686369
external__spx_1,return_10,2026-01,255,0.11442840078851933
external__spx_1,return_10,2026-02,261,0.1550931921547467
external__spx_1,return_10,2026-03,253,0.06749794182113261
external__spx_1,return_10,2026-04,254,0.1021354063798718
external__spx_1,return_10,2026-05,257,0.1218327832958715
external__spx_1,return_10,2026-06,264,0.1284594930762157
external__spx_1,return_10,2026-07,252,0.13240601406624378
external__spx_1,return_10,2026-08,254,0.09459231110587796
external__spx_1,return_10,2026-09,266,0.09895727731824995
external__spx_1,adverse_5,2025-07,267,-0.10251513692540912
external__spx_1,adverse_5,2025-08,269,-0.12418646680905063
external__spx_1,adverse_5,2025-09,268,-0.09987657647891435
external__spx_1,adverse_5,2025-10,273,-0.11154238483250932
external__spx_1,adverse_5,2025-11,270,-0.07701787011771691
external__spx_1,adverse_5,2025-12,272,-0.10649606528141087
external__spx_1,adverse_5,2026-01,270,-0.1107343816429471
external__spx_1,adverse_5,2026-02,276,-0.12263514477659089
external__spx_1,adverse_5,2026-03,268,-0.08720968834456073
external__spx_1,adverse_5,2026-04,269,-0.1102217739577238
external__spx_1,adverse_5,2026-05,272,-0.08775751807653329
external__spx_1,adverse_5,2026-06,274,-0.08961778885915621
external__spx_1,adverse_5,2026-07,267,-0.10513447779593799
external__spx_1,adverse_5,2026-08,269,-0.08110008430669458
external__spx_1,adverse_5,2026-09,276,-0.12600964464371656
external__spx_1,range_5,2025-07,267,-0.08232177614142593
external__spx_1,range_5,2025-08,269,-0.09941125781785749
external__spx_1,range_5,2025-09,268,-0.08565452132116369
external__spx_1,range_5,2025-10,273,-0.08888314165625323
external__spx_1,range_5,2025-11,270,-0.07087292857227896
external__spx_1,range_5,2025-12,272,-0.0853746785451494
external__spx_1,range_5,2026-01,270,-0.09833971689003362
external__spx_1,range_5,2026-02,276,-0.08122466848294482
external__spx_1,range_5,2026-03,268,-0.06953328709706358
external__spx_1,range_5,2026-04,269,-0.0828399539732895
external__spx_1,range_5,2026-05,272,-0.10508484127677292
external__spx_1,range_5,2026-06,274,-0.08883717715084521
external__spx_1,range_5,2026-07,267,-0.08741881096879692
external__spx_1,range_5,2026-08,269,-0.08638264135508024
external__spx_1,range_5,2026-09,276,-0.1153731066646046
external__spx_1,persistence_3,2025-07,273,0.11054365604654459
external__spx_1,persistence_3,2025-08,275,0.13045086428980399
external__spx_1,persistence_3,2025-09,274,0.11138190499275684
external__spx_1,persistence_3,2025-10,279,0.13833667004690067
external__spx_1,persistence_3,2025-11,276,0.10867750307287767
external__spx_1,persistence_3,2025-12,276,0.11194790834017711
external__spx_1,persistence_3,2026-01,276,0.11427647921304607
external__spx_1,persistence_3,2026-02,282,0.13248598535546227
external__spx_1,persistence_3,2026-03,274,0.1000208207636686
external__spx_1,persistence_3,2026-04,275,0.1332916823782277
external__spx_1,persistence_3,2026-05,278,0.08625756926020949
external__spx_1,persistence_3,2026-06,278,0.10823991124817715
external__spx_1,persistence_3,2026-07,273,0.12521618450818148
external__spx_1,persistence_3,2026-08,275,0.09526821283600356
external__spx_1,persistence_3,2026-09,280,0.13231797714516405
daily__range_mean_5,return_1,2025-07,279,-0.04051442858934388
daily__range_mean_5,return_1,2025-08,281,-0.015279528182421523
daily__range_mean_5,return_1,2025-09,280,-0.025016061429998727
daily__range_mean_5,return_1,2025-10,285,-0.0237755109050486
daily__range_mean_5,return_1,2025-11,282,-0.02195971955587831
daily__range_mean_5,return_1,2025-12,280,-0.02862590281920804
daily__range_mean_5,return_1,2026-01,282,-0.0018541456274944771
daily__range_mean_5,return_1,2026-02,288,-0.04593176495810578
daily__range_mean_5,return_1,2026-03,280,-0.02505979389174428
daily__range_mean_5,return_1,2026-04,281,-0.010008776473599374
daily__range_mean_5,return_1,2026-05,284,-0.03739459033137881
daily__range_mean_5,return_1,2026-06,282,-0.0405051891330471
daily__range_mean_5,return_1,2026-07,279,0.0388252736978984
daily__range_mean_5,return_1,2026-08,281,-0.033436097491460724
daily__range_mean_5,return_1,2026-09,284,-0.04879995442244248
daily__range_mean_5,return_3,2025-07,273,-0.183685815928406
daily__range_mean_5,return_3,2025-08,275,-0.15312616711208274
daily__range_mean_5,return_3,2025-09,274,-0.15594324372807714
daily__range_mean_5,return_3,2025-10,279,-0.16131020562224027
daily__range_mean_5,return_3,2025-11,276,-0.15162245625765522
daily__range_mean_5,return_3,2025-12,276,-0.17330540937187677
daily__range_mean_5,return_3,2026-01,276,-0.16241734200488994
daily__range_mean_5,return_3,2026-02,282,-0.18841974866104177
daily__range_mean_5,return_3,2026-03,274,-0.15916339158654957
daily__range_mean_5,return_3,2026-04,275,-0.15121308194989783
daily__range_mean_5,return_3,2026-05,278,-0.1537195372620056
daily__range_mean_5,return_3,2026-06,278,-0.17814055532305076
daily__range_mean_5,return_3,2026-07,273,-0.0978931664378009
daily__range_mean_5,return_3,2026-08,275,-0.1755935868937771
daily__range_mean_5,return_3,2026-09,280,-0.19370122128241815
daily__range_mean_5,return_5,2025-07,267,-0.24353756743300267
daily__range_mean_5,return_5,2025-08,269,-0.21705697567213783
daily__range_mean_5,return_5,2025-09,268,-0.21229091550651216
daily__range_mean_5,return_5,2025-10,273,-0.2329860340080366
daily__range_mean_5,return_5,2025-11,270,-0.19781652173754913
daily__range_mean_5,return_5,2025-12,272,-0.22776950381572286
daily__range_mean_5,return_5,2026-01,270,-0.20383763954624298
daily__range_mean_5,return_5,2026-02,276,-0.26625483833132413
daily__range_mean_5,return_5,2026-03,268,-0.19219109418101668
daily__range_mean_5,return_5,2026-04,269,-0.2151079223177654
daily__range_mean_5,return_5,2026-05,272,-0.2069131561960141
daily__range_mean_5,return_5,2026-06,274,-0.24204211614433788
daily__range_mean_5,return_5,2026-07,267,-0.16410318647423913
daily__range_mean_5,return_5,2026-08,269,-0.23871753973588658
daily__range_mean_5,return_5,2026-09,276,-0.2483232968488841
daily__range_mean_5,return_10,2025-07,252,-0.2757185074870854
daily__range_mean_5,return_10,2025-08,254,-0.25479699831754926
daily__range_mean_5,return_10,2025-09,253,-0.25349721601005415
daily__range_mean_5,return_10,2025-10,258,-0.28297898581130865
daily__range_mean_5,return_10,2025-11,255,-0.2092360467809171
daily__range_mean_5,return_10,2025-12,262,-0.2517722794771889
daily__range_mean_5,return_10,2026-01,255,-0.22092114404817045
daily__range_mean_5,return_10,2026-02,261,-0.3134117615296873
daily__range_mean_5,return_10,2026-03,253,-0.16253551310038816
daily__range_mean_5,return_10,2026-04,254,-0.2709631709893506
daily__range_mean_5,return_10,2026-05,257,-0.2206375554248484
daily__range_mean_5,return_10,2026-06,264,-0.2685128057966855
daily__range_mean_5,return_10,2026-07,252,-0.21787797051957805
daily__range_mean_5,return_10,2026-08,254,-0.2606033755197015
daily__range_mean_5,return_10,2026-09,266,-0.28239849145866575
daily__range_mean_5,adverse_5,2025-07,267,0.39624589376917163
daily__range_mean_5,adverse_5,2025-08,269,0.39374765345485785
daily__range_mean_5,adverse_5,2025-09,268,0.43886592604093616
daily__range_mean_5,adverse_5,2025-10,273,0.43907773790483945
daily__range_mean_5,adverse_5,2025-11,270,0.431737988890182
daily__range_mean_5,adverse_5,2025-12,272,0.4295288265993111
daily__range_mean_5,adverse_5,2026-01,270,0.4268067735903561
daily__range_mean_5,adverse_5,2026-02,276,0.46055377285304167
daily__range_mean_5,adverse_5,2026-03,268,0.44245654722248706
daily__range_mean_5,adverse_5,2026-04,269,0.4307017811566108
daily__range_mean_5,adverse_5,2026-05,272,0.444547542225096
daily__range_mean_5,adverse_5,2026-06,274,0.45279081184051234
daily__range_mean_5,adverse_5,2026-07,267,0.3712026786893137
daily__range_mean_5,adverse_5,2026-08,269,0.4578874897486311
daily__range_mean_5,adverse_5,2026-09,276,0.43537994473007036
daily__range_mean_5,range_5,2025-07,267,0.562387227501926
daily__range_mean_5,range_5,2025-08,269,0.5500366815242251
daily__range_mean_5,range_5,2025-09,268,0.6152494284768463
daily__range_mean_5,range_5,2025-10,273,0.6724234331576538
daily__range_mean_5,range_5,2025-11,270,0.6288246599938118
daily__range_mean_5,range_5,2025-12,272,0.598052533531153
daily__range_mean_5,range_5,2026-01,270,0.6552063661900559
daily__range_mean_5,range_5,2026-02,276,0.6227753599406401
daily__range_mean_5,range_5,2026-03,268,0.6066711262201169
daily__range_mean_5,range_5,2026-04,269,0.6260814884684385
daily__range_mean_5,range_5,2026-05,272,0.6263038567683672
daily__range_mean_5,range_5,2026-06,274,0.6103487753122789
daily__range_mean_5,range_5,2026-07,267,0.5654342127329055
daily__range_mean_5,range_5,2026-08,269,0.6314493209294296
daily__range_mean_5,range_5,2026-09,276,0.5823335854225825
daily__range_mean_5,persistence_3,2025-07,273,-0.1569537868459099
daily__range_mean_5,persistence_3,2025-08,275,-0.08596245622140469
daily__range_mean_5,persistence_3,2025-09,274,-0.11616330477586738
daily__range_mean_5,persistence_3,2025-10,279,-0.1276030319629335
daily__range_mean_5,persistence_3,2025-11,276,-0.12316969980051508
daily__range_mean_5,persistence_3,2025-12,276,-0.137473030672564
daily__range_mean_5,persistence_3,2026-01,276,-0.10173970720996656
daily__range_mean_5,persistence_3,2026-02,282,-0.14432857989024236
daily__range_mean_5,persistence_3,2026-03,274,-0.12057127449524908
daily__range_mean_5,persistence_3,2026-04,275,-0.10676332825954604
daily__range_mean_5,persistence_3,2026-05,278,-0.12523867303006847
daily__range_mean_5,persistence_3,2026-06,278,-0.1384928086872766
daily__range_mean_5,persistence_3,2026-07,273,-0.06839523976744157
daily__range_mean_5,persistence_3,2026-08,275,-0.14293610481449723
daily__range_mean_5,persistence_3,2026-09,280,-0.15395433872212153
daily__close_location,return_1,2025-07,279,0.13457709372184326
daily__close_location,return_1,2025-08,281,0.13101163560526857
daily__close_location,return_1,2025-09,280,0.14813727471479396
daily__close_location,return_1,2025-10,285,0.1191993907861863
daily__close_location,return_1,2025-11,282,0.15392122389863552
daily__close_location,return_1,2025-12,280,0.13732310130475425
daily__close_location,return_1,2026-01,282,0.12496596620769516
daily__close_location,return_1,2026-02,288,0.14174488348067357
daily__close_location,return_1,2026-03,280,0.14605678194620356
daily__close_location,return_1,2026-04,281,0.14190817944815462
daily__close_location,return_1,2026-05,284,0.13267832606883723
daily__close_location,return_1,2026-06,282,0.12723241849542033
daily__close_location,return_1,2026-07,279,0.1324615166380592
daily__close_location,return_1,2026-08,281,0.1367059097233308
daily__close_location,return_1,2026-09,284,0.15121777742180725
daily__close_location,return_3,2025-07,273,0.09784823747665786
daily__close_location,return_3,2025-08,275,0.11481607776070912
daily__close_location,return_3,2025-09,274,0.10699007507552871
daily__close_location,return_3,2025-10,279,0.10784404230231391
daily__close_location,return_3,2025-11,276,0.13876437311248266
daily__close_location,return_3,2025-12,276,0.10578988704114593
daily__close_location,return_3,2026-01,276,0.11420193053609705
daily__close_location,return_3,2026-02,282,0.11807836962604529
daily__close_location,return_3,2026-03,274,0.12604777727984315
daily__close_location,return_3,2026-04,275,0.10984343907605248
daily__close_location,return_3,2026-05,278,0.09293523465437671
daily__close_location,return_3,2026-06,278,0.10997069428143456
daily__close_location,return_3,2026-07,273,0.14767894590589128
daily__close_location,return_3,2026-08,275,0.10845329166104345
daily__close_location,return_3,2026-09,280,0.11625139200089551
daily__close_location,return_5,2025-07,267,0.008371649648737564
daily__close_location,return_5,2025-08,269,0.019248452596382516
daily__close_location,return_5,2025-09,268,0.012054841448306998
daily__close_location,return_5,2025-10,273,-0.0060908096716962845
daily__close_location,return_5,2025-11,270,0.04528610081862675
daily__close_location,return_5,2025-12,272,-0.004600860751634045
daily__close_location,return_5,2026-01,270,0.02325062798835749
daily__close_location,return_5,2026-02,276,0.01789171854658788
daily__close_location,return_5,2026-03,268,0.012419951952605111
daily__close_location,return_5,2026-04,269,-0.0008717713647752766
daily__close_location,return_5,2026-05,272,0.0017909444200758825
daily__close_location,return_5,2026-06,274,0.01805111408896295
daily__close_location,return_5,2026-07,267,0.040294039855588576
daily__close_location,return_5,2026-08,269,0.006698870178346876
daily__close_location,return_5,2026-09,276,0.00727180392330221
daily__close_location,return_10,2025-07,252,-0.03639441726181337
daily__close_location,return_10,2025-08,254,-0.020658987011284914
daily__close_location,return_10,2025-09,253,-0.02264326780841685
daily__close_location,return_10,2025-10,258,-0.03335540673826583
daily__close_location,return_10,2025-11,255,-0.002805006755238338
daily__close_location,return_10,2025-12,262,-0.03732894970711488
daily__close_location,return_10,2026-01,255,-0.019458771222672797
daily__close_location,return_10,2026-02,261,-0.015330680697957887
daily__close_location,return_10,2026-03,253,-0.0073121881949030606
daily__close_location,return_10,2026-04,254,-0.0455481404154222
daily__close_location,return_10,2026-05,257,-0.04907833447324963
daily__close_location,return_10,2026-06,264,-0.03839906538216708
daily__close_location,return_10,2026-07,252,0.01762575635664686
daily__close_location,return_10,2026-08,254,-0.03666210064012214
daily__close_location,return_10,2026-09,266,-0.02626672279601587
daily__close_location,adverse_5,2025-07,267,-0.02611543068982967
daily__close_location,adverse_5,2025-08,269,-0.06785734985724028
daily__close_location,adverse_5,2025-09,268,-0.04844797390632382
daily__close_location,adverse_5,2025-10,273,-0.031132219049469563
daily__close_location,adverse_5,2025-11,270,-0.05802155986104488
daily__close_location,adverse_5,2025-12,272,-0.034902573978572174
daily__close_location,adverse_5,2026-01,270,-0.04027485655560232
daily__close_location,adverse_5,2026-02,276,-0.03496316925694865
daily__close_location,adverse_5,2026-03,268,-0.05380759598435123
daily__close_location,adverse_5,2026-04,269,-0.03426945694596419
daily__close_location,adverse_5,2026-05,272,-0.023217488971366548
daily__close_location,adverse_5,2026-06,274,-0.04959106941898039
daily__close_location,adverse_5,2026-07,267,-0.10309183692154486
daily__close_location,adverse_5,2026-08,269,-0.0402181530678644
daily__close_location,adverse_5,2026-09,276,-0.03364842037094463
daily__close_location,range_5,2025-07,267,0.10319756845024798
daily__close_location,range_5,2025-08,269,0.055214134564221855
daily__close_location,range_5,2025-09,268,0.1019445932738562
daily__close_location,range_5,2025-10,273,0.10580075771600049
daily__close_location,range_5,2025-11,270,0.1146772592683628
daily__close_location,range_5,2025-12,272,0.0938346821637554
daily__close_location,range_5,2026-01,270,0.11204468173891684
daily__close_location,range_5,2026-02,276,0.11563590809903766
daily__close_location,range_5,2026-03,268,0.08046116767830343
daily__close_location,range_5,2026-04,269,0.1175731496360703
daily__close_location,range_5,2026-05,272,0.10465895449970233
daily__close_location,range_5,2026-06,274,0.09704327697463874
daily__close_location,range_5,2026-07,267,0.03751968533461146
daily__close_location,range_5,2026-08,269,0.09520499075573512
daily__close_location,range_5,2026-09,276,0.10988786074966814
daily__close_location,persistence_3,2025-07,273,0.0940951240184207
daily__close_location,persistence_3,2025-08,275,0.14912545371120312
daily__close_location,persistence_3,2025-09,274,0.153406633034862
daily__close_location,persistence_3,2025-10,279,0.11887887560544905
daily__close_location,persistence_3,2025-11,276,0.15408258433307337
daily__close_location,persistence_3,2025-12,276,0.13533144163400504
daily__close_location,persistence_3,2026-01,276,0.13844650962558028
daily__close_location,persistence_3,2026-02,282,0.14436572692962402
daily__close_location,persistence_3,2026-03,274,0.14937951266974459
daily__close_location,persistence_3,2026-04,275,0.1506662153262462
daily__close_location,persistence_3,2026-05,278,0.1181520168317543
daily__close_location,persistence_3,2026-06,278,0.1290365494376457
daily__close_location,persistence_3,2026-07,273,0.15812362978473227
daily__close_location,persistence_3,2026-08,275,0.1316007110114442
daily__close_location,persistence_3,2026-09,280,0.1389022523138076
market__small_relative5,return_1,2025-07,279,0.005547650951106251
market__small_relative5,return_1,2025-08,281,0.007528486356452139
market__small_relative5,return_1,2025-09,280,0.0096441011264376
market__small_relative5,return_1,2025-10,285,0.008963151703468758
market__small_relative5,return_1,2025-11,282,-0.0025174107083831936
market__small_relative5,return_1,2025-12,280,0.005403418976548717
market__small_relative5,return_1,2026-01,282,-0.013389446433237173
market__small_relative5,return_1,2026-02,288,-0.006406022625810867
market__small_relative5,return_1,2026-03,280,0.009310914433513685
market__small_relative5,return_1,2026-04,281,0.0009648577341889809
market__small_relative5,return_1,2026-05,284,-0.0033481202971118243
market__small_relative5,return_1,2026-06,282,-0.00194939466694441
market__small_relative5,return_1,2026-07,279,-0.02843834571137461
market__small_relative5,return_1,2026-08,281,0.00646601582852778
market__small_relative5,return_1,2026-09,284,-0.0006181785082122805
market__small_relative5,return_3,2025-07,273,0.07545255208732614
market__small_relative5,return_3,2025-08,275,0.06050074586965
market__small_relative5,return_3,2025-09,274,0.08230715427059057
market__small_relative5,return_3,2025-10,279,0.06231237329248573
market__small_relative5,return_3,2025-11,276,0.05532700977385106
market__small_relative5,return_3,2025-12,276,0.08628298853404974
market__small_relative5,return_3,2026-01,276,0.037695841408533735
market__small_relative5,return_3,2026-02,282,0.04766305380254324
market__small_relative5,return_3,2026-03,274,0.052825008881929716
market__small_relative5,return_3,2026-04,275,0.08733907294403706
market__small_relative5,return_3,2026-05,278,0.0678449427612027
market__small_relative5,return_3,2026-06,278,0.0767343765363454
market__small_relative5,return_3,2026-07,273,0.0381237111154337
market__small_relative5,return_3,2026-08,275,0.07384288170364031
market__small_relative5,return_3,2026-09,280,0.07993573522661676
market__small_relative5,return_5,2025-07,267,0.16047016761101043
market__small_relative5,return_5,2025-08,269,0.13388267272148963
market__small_relative5,return_5,2025-09,268,0.1491091436563788
market__small_relative5,return_5,2025-10,273,0.14884387395780624
market__small_relative5,return_5,2025-11,270,0.12802587690606834
market__small_relative5,return_5,2025-12,272,0.16227222378757358
market__small_relative5,return_5,2026-01,270,0.10486658249133075
market__small_relative5,return_5,2026-02,276,0.13851604244119298
market__small_relative5,return_5,2026-03,268,0.12050615108319153
market__small_relative5,return_5,2026-04,269,0.16786950250899418
market__small_relative5,return_5,2026-05,272,0.15448158037148538
market__small_relative5,return_5,2026-06,274,0.14871001953084617
market__small_relative5,return_5,2026-07,267,0.1256483041564346
market__small_relative5,return_5,2026-08,269,0.16487022213440772
market__small_relative5,return_5,2026-09,276,0.1554878370707779
market__small_relative5,return_10,2025-07,252,0.13713037929216693
market__small_relative5,return_10,2025-08,254,0.11953528478086949
market__small_relative5,return_10,2025-09,253,0.11067934689981934
market__small_relative5,return_10,2025-10,258,0.15156649986077186
market__small_relative5,return_10,2025-11,255,0.10654093330245484
market__small_relative5,return_10,2025-12,262,0.1176298478920642
market__small_relative5,return_10,2026-01,255,0.08718084182491895
market__small_relative5,return_10,2026-02,261,0.13712380450995879
market__small_relative5,return_10,2026-03,253,0.06495729535784311
market__small_relative5,return_10,2026-04,254,0.1275868823767408
market__small_relative5,return_10,2026-05,257,0.12043451950049767
market__small_relative5,return_10,2026-06,264,0.1319919910780087
market__small_relative5,return_10,2026-07,252,0.10149426761240378
market__small_relative5,return_10,2026-08,254,0.1647252882043546
market__small_relative5,return_10,2026-09,266,0.11391304209219254
market__small_relative5,adverse_5,2025-07,267,-0.11748872195151193
market__small_relative5,adverse_5,2025-08,269,-0.10051058436171599
market__small_relative5,adverse_5,2025-09,268,-0.12146174659101719
market__small_relative5,adverse_5,2025-10,273,-0.10764256077189714
market__small_relative5,adverse_5,2025-11,270,-0.10705633785311126
market__small_relative5,adverse_5,2025-12,272,-0.1211607921815795
market__small_relative5,adverse_5,2026-01,270,-0.14530977028478662
market__small_relative5,adverse_5,2026-02,276,-0.11404163655943875
market__small_relative5,adverse_5,2026-03,268,-0.09045285653810477
market__small_relative5,adverse_5,2026-04,269,-0.12488336630103994
market__small_relative5,adverse_5,2026-05,272,-0.13343552337377967
market__small_relative5,adverse_5,2026-06,274,-0.10126323827653529
market__small_relative5,adverse_5,2026-07,267,-0.046159854894466536
market__small_relative5,adverse_5,2026-08,269,-0.11530792067319091
market__small_relative5,adverse_5,2026-09,276,-0.11933810040859673
market__small_relative5,range_5,2025-07,267,-0.03813491468063081
market__small_relative5,range_5,2025-08,269,-0.03542263897365712
market__small_relative5,range_5,2025-09,268,-0.05392298355347442
market__small_relative5,range_5,2025-10,273,-0.08271424796757558
market__small_relative5,range_5,2025-11,270,-0.05893786075407221
market__small_relative5,range_5,2025-12,272,-0.05337315170178204
market__small_relative5,range_5,2026-01,270,-0.17972903149105837
market__small_relative5,range_5,2026-02,276,-0.07859762275081691
market__small_relative5,range_5,2026-03,268,-0.011469738729600816
market__small_relative5,range_5,2026-04,269,-0.06246709451503325
market__small_relative5,range_5,2026-05,272,-0.06280218587576954
market__small_relative5,range_5,2026-06,274,-0.07505808060552586
market__small_relative5,range_5,2026-07,267,0.04502640972715203
market__small_relative5,range_5,2026-08,269,-0.05506605756841566
market__small_relative5,range_5,2026-09,276,-0.06839343045904026
market__small_relative5,persistence_3,2025-07,273,0.03755788882281767
market__small_relative5,persistence_3,2025-08,275,0.0189456423719606
market__small_relative5,persistence_3,2025-09,274,0.026809990073598515
market__small_relative5,persistence_3,2025-10,279,0.03391596963594508
market__small_relative5,persistence_3,2025-11,276,0.02776919349787172
market__small_relative5,persistence_3,2025-12,276,0.03645216377466604
market__small_relative5,persistence_3,2026-01,276,0.02499805237855492
market__small_relative5,persistence_3,2026-02,282,0.019898285096707095
market__small_relative5,persistence_3,2026-03,274,0.029989492375906222
market__small_relative5,persistence_3,2026-04,275,0.041374115642287206
market__small_relative5,persistence_3,2026-05,278,0.03466265418428096
market__small_relative5,persistence_3,2026-06,278,0.02392387440984045
market__small_relative5,persistence_3,2026-07,273,0.00453847730013701
market__small_relative5,persistence_3,2026-08,275,0.04407580684329232
market__small_relative5,persistence_3,2026-09,280,0.024105899854923018
daily__range,return_1,2025-07,279,-0.03451423519511452
daily__range,return_1,2025-08,281,-0.009920078789514735
daily__range,return_1,2025-09,280,-0.04066572286564409
daily__range,return_1,2025-10,285,-0.0045115126384597665
daily__range,return_1,2025-11,282,-0.02799331811946099
daily__range,return_1,2025-12,280,-0.01945055901710556
daily__range,return_1,2026-01,282,-0.003742270547152273
daily__range,return_1,2026-02,288,-0.02009367150327861
daily__range,return_1,2026-03,280,-0.022316675228754596
daily__range,return_1,2026-04,281,0.0012260832306089796
daily__range,return_1,2026-05,284,-0.03158554136963191
daily__range,return_1,2026-06,282,-0.025272834318542683
daily__range,return_1,2026-07,279,0.05255460658869297
daily__range,return_1,2026-08,281,-0.006697765883525409
daily__range,return_1,2026-09,284,-0.029350906017882393
daily__range,return_3,2025-07,273,-0.13927202107585707
daily__range,return_3,2025-08,275,-0.12056670781349342
daily__range,return_3,2025-09,274,-0.12975212445238227
daily__range,return_3,2025-10,279,-0.10012752952449333
daily__range,return_3,2025-11,276,-0.1370124590515019
daily__range,return_3,2025-12,276,-0.12272835394747426
daily__range,return_3,2026-01,276,-0.15738059449550823
daily__range,return_3,2026-02,282,-0.14029115173823392
daily__range,return_3,2026-03,274,-0.1439184415891837
daily__range,return_3,2026-04,275,-0.12259552481258845
daily__range,return_3,2026-05,278,-0.13277375132995026
daily__range,return_3,2026-06,278,-0.13787908068948604
daily__range,return_3,2026-07,273,-0.05700096107004513
daily__range,return_3,2026-08,275,-0.13634069984999803
daily__range,return_3,2026-09,280,-0.15245226744355922
daily__range,return_5,2025-07,267,-0.16690584527295807
daily__range,return_5,2025-08,269,-0.1357195237318811
daily__range,return_5,2025-09,268,-0.16199904429205303
daily__range,return_5,2025-10,273,-0.15598449199549014
daily__range,return_5,2025-11,270,-0.15656064678853104
daily__range,return_5,2025-12,272,-0.15095702161219193
daily__range,return_5,2026-01,270,-0.16403522195404202
daily__range,return_5,2026-02,276,-0.17876576497646737
daily__range,return_5,2026-03,268,-0.15396995131220645
daily__range,return_5,2026-04,269,-0.13419616113860128
daily__range,return_5,2026-05,272,-0.16086848276407698
daily__range,return_5,2026-06,274,-0.1705241242040147
daily__range,return_5,2026-07,267,-0.09239687735928323
daily__range,return_5,2026-08,269,-0.1632395894196308
daily__range,return_5,2026-09,276,-0.17608172716763526
daily__range,return_10,2025-07,252,-0.22401191394782252
daily__range,return_10,2025-08,254,-0.21011447621593218
daily__range,return_10,2025-09,253,-0.22907561456003772
daily__range,return_10,2025-10,258,-0.21484280148654414
daily__range,return_10,2025-11,255,-0.20863029759147753
daily__range,return_10,2025-12,262,-0.2142919339389894
daily__range,return_10,2026-01,255,-0.22491677281148684
daily__range,return_10,2026-02,261,-0.26310432569974557
daily__range,return_10,2026-03,253,-0.1588563781305993
daily__range,return_10,2026-04,254,-0.2191195235680404
daily__range,return_10,2026-05,257,-0.20486833770699484
daily__range,return_10,2026-06,264,-0.2387728348844641
daily__range,return_10,2026-07,252,-0.16976550789126574
daily__range,return_10,2026-08,254,-0.22282640733614412
daily__range,return_10,2026-09,266,-0.233638048906451
daily__range,adverse_5,2025-07,267,0.32334892553176775
daily__range,adverse_5,2025-08,269,0.32927913404409903
daily__range,adverse_5,2025-09,268,0.3870910326462635
daily__range,adverse_5,2025-10,273,0.3515291904211899
daily__range,adverse_5,2025-11,270,0.37829883238604234
daily__range,adverse_5,2025-12,272,0.353763191433192
daily__range,adverse_5,2026-01,270,0.3738630741492385
daily__range,adverse_5,2026-02,276,0.3782435454460453
daily__range,adverse_5,2026-03,268,0.38001920151979024
daily__range,adverse_5,2026-04,269,0.3562547258432065
daily__range,adverse_5,2026-05,272,0.3874238867113751
daily__range,adverse_5,2026-06,274,0.37356022950885354
daily__range,adverse_5,2026-07,267,0.29238672736991383
daily__range,adverse_5,2026-08,269,0.37699248273411473
daily__range,adverse_5,2026-09,276,0.37147221090490773
daily__range,range_5,2025-07,267,0.5175865203844762
daily__range,range_5,2025-08,269,0.5187291547220526
daily__range,range_5,2025-09,268,0.5815334588076284
daily__range,range_5,2025-10,273,0.5892815857392929
daily__range,range_5,2025-11,270,0.5716539321527043
daily__range,range_5,2025-12,272,0.5576499688720222
daily__range,range_5,2026-01,270,0.5705400622779462
daily__range,range_5,2026-02,276,0.5775865070418517
daily__range,range_5,2026-03,268,0.5533322901386305
daily__range,range_5,2026-04,269,0.5792222283871843
daily__range,range_5,2026-05,272,0.5727333226790574
daily__range,range_5,2026-06,274,0.5600312096662462
daily__range,range_5,2026-07,267,0.5047397548037459
daily__range,range_5,2026-08,269,0.5787407448507155
daily__range,range_5,2026-09,276,0.5453249810933064
daily__range,persistence_3,2025-07,273,-0.11227313567734214
daily__range,persistence_3,2025-08,275,-0.053807074112792716
daily__range,persistence_3,2025-09,274,-0.0918357716408544
daily__range,persistence_3,2025-10,279,-0.06883290501052984
daily__range,persistence_3,2025-11,276,-0.10325792616364107
daily__range,persistence_3,2025-12,276,-0.07883374039370264
daily__range,persistence_3,2026-01,276,-0.0881997131873387
daily__range,persistence_3,2026-02,282,-0.0942989629203105
daily__range,persistence_3,2026-03,274,-0.09555582808947553
daily__range,persistence_3,2026-04,275,-0.07286838659031204
daily__range,persistence_3,2026-05,278,-0.09628437694301975
daily__range,persistence_3,2026-06,278,-0.09564966368370763
daily__range,persistence_3,2026-07,273,-0.028833546219081782
daily__range,persistence_3,2026-08,275,-0.09980286358859962
daily__range,persistence_3,2026-09,280,-0.1017742452174831
daily__range_mean_20,return_1,2025-07,279,-0.0604931552267093
daily__range_mean_20,return_1,2025-08,281,-0.030099883597843914
daily__range_mean_20,return_1,2025-09,280,-0.04109129438400549
daily__range_mean_20,return_1,2025-10,285,-0.03683002346098705
daily__range_mean_20,return_1,2025-11,282,-0.022374427452359763
daily__range_mean_20,return_1,2025-12,280,-0.03394158354437974
daily__range_mean_20,return_1,2026-01,282,-0.016722092600058417
daily__range_mean_20,return_1,2026-02,288,-0.07228652985824714
daily__range_mean_20,return_1,2026-03,280,-0.023631655687866134
daily__range_mean_20,return_1,2026-04,281,-0.0242236620272367
daily__range_mean_20,return_1,2026-05,284,-0.03578470554448715
daily__range_mean_20,return_1,2026-06,282,-0.04632099916260662
daily__range_mean_20,return_1,2026-07,279,0.02182509176910894
daily__range_mean_20,return_1,2026-08,281,-0.05760678992529745
daily__range_mean_20,return_1,2026-09,284,-0.057267690284721465
daily__range_mean_20,return_3,2025-07,273,-0.1769934313247744
daily__range_mean_20,return_3,2025-08,275,-0.13936281795441707
daily__range_mean_20,return_3,2025-09,274,-0.13332608022320314
daily__range_mean_20,return_3,2025-10,279,-0.14473744555288298
daily__range_mean_20,return_3,2025-11,276,-0.10422772121023756
daily__range_mean_20,return_3,2025-12,276,-0.14393102589233492
daily__range_mean_20,return_3,2026-01,276,-0.12019073945074207
daily__range_mean_20,return_3,2026-02,282,-0.1819618094117155
daily__range_mean_20,return_3,2026-03,274,-0.11159008217851436
daily__range_mean_20,return_3,2026-04,275,-0.13985503545997843
daily__range_mean_20,return_3,2026-05,278,-0.13297231208563265
daily__range_mean_20,return_3,2026-06,278,-0.14038971527961935
daily__range_mean_20,return_3,2026-07,273,-0.08368944619247792
daily__range_mean_20,return_3,2026-08,275,-0.16317469055262232
daily__range_mean_20,return_3,2026-09,280,-0.16145513027632713
daily__range_mean_20,return_5,2025-07,267,-0.21309828735509076
daily__range_mean_20,return_5,2025-08,269,-0.1759588599625439
daily__range_mean_20,return_5,2025-09,268,-0.1553499228357857
daily__range_mean_20,return_5,2025-10,273,-0.18290144301587663
daily__range_mean_20,return_5,2025-11,270,-0.12426176376806956
daily__range_mean_20,return_5,2025-12,272,-0.1744971145489128
daily__range_mean_20,return_5,2026-01,270,-0.13267828172564533
daily__range_mean_20,return_5,2026-02,276,-0.23733400988400388
daily__range_mean_20,return_5,2026-03,268,-0.11904328848270933
daily__range_mean_20,return_5,2026-04,269,-0.17114648909927302
daily__range_mean_20,return_5,2026-05,272,-0.16160643073203662
daily__range_mean_20,return_5,2026-06,274,-0.17974031216676417
daily__range_mean_20,return_5,2026-07,267,-0.12752390604338473
daily__range_mean_20,return_5,2026-08,269,-0.18240769239424107
daily__range_mean_20,return_5,2026-09,276,-0.18650795123014166
daily__range_mean_20,return_10,2025-07,252,-0.23325407198610043
daily__range_mean_20,return_10,2025-08,254,-0.2060780591219401
daily__range_mean_20,return_10,2025-09,253,-0.16646436981938523
daily__range_mean_20,return_10,2025-10,258,-0.20367939587919678
daily__range_mean_20,return_10,2025-11,255,-0.1482247278832793
daily__range_mean_20,return_10,2025-12,262,-0.19143153875127572
daily__range_mean_20,return_10,2026-01,255,-0.16309561718388144
daily__range_mean_20,return_10,2026-02,261,-0.3004144140495812
daily__range_mean_20,return_10,2026-03,253,-0.1040672781514959
daily__range_mean_20,return_10,2026-04,254,-0.21021480080625815
daily__range_mean_20,return_10,2026-05,257,-0.1836061216179531
daily__range_mean_20,return_10,2026-06,264,-0.2151810812044688
daily__range_mean_20,return_10,2026-07,252,-0.18094233268319534
daily__range_mean_20,return_10,2026-08,254,-0.17090147502778147
daily__range_mean_20,return_10,2026-09,266,-0.20406528298698834
daily__range_mean_20,adverse_5,2025-07,267,0.33668399051432746
daily__range_mean_20,adverse_5,2025-08,269,0.33939156494237654
daily__range_mean_20,adverse_5,2025-09,268,0.3719636044024347
daily__range_mean_20,adverse_5,2025-10,273,0.38686379574556856
daily__range_mean_20,adverse_5,2025-11,270,0.3662135670206964
daily__range_mean_20,adverse_5,2025-12,272,0.3639501926456072
daily__range_mean_20,adverse_5,2026-01,270,0.3518730831509951
daily__range_mean_20,adverse_5,2026-02,276,0.414155847717199
daily__range_mean_20,adverse_5,2026-03,268,0.3634550884052464
daily__range_mean_20,adverse_5,2026-04,269,0.3758362408930749
daily__range_mean_20,adverse_5,2026-05,272,0.3793064275997436
daily__range_mean_20,adverse_5,2026-06,274,0.380018031680234
daily__range_mean_20,adverse_5,2026-07,267,0.31337211905098594
daily__range_mean_20,adverse_5,2026-08,269,0.411914931920179
daily__range_mean_20,adverse_5,2026-09,276,0.3738611703790875
daily__range_mean_20,range_5,2025-07,267,0.4576353679772129
daily__range_mean_20,range_5,2025-08,269,0.47402578187131256
daily__range_mean_20,range_5,2025-09,268,0.5287532098498361
daily__range_mean_20,range_5,2025-10,273,0.5867844049467064
daily__range_mean_20,range_5,2025-11,270,0.5999396425191017
daily__range_mean_20,range_5,2025-12,272,0.5261182815448063
daily__range_mean_20,range_5,2026-01,270,0.6127915182497549
daily__range_mean_20,range_5,2026-02,276,0.5608601475435567
daily__range_mean_20,range_5,2026-03,268,0.552395285175559
daily__range_mean_20,range_5,2026-04,269,0.5590030023365206
daily__range_mean_20,range_5,2026-05,272,0.5792368040034633
daily__range_mean_20,range_5,2026-06,274,0.553578684089633
daily__range_mean_20,range_5,2026-07,267,0.49943826529261265
daily__range_mean_20,range_5,2026-08,269,0.587891398028445
daily__range_mean_20,range_5,2026-09,276,0.522247684821849
daily__range_mean_20,persistence_3,2025-07,273,-0.17064421143640657
daily__range_mean_20,persistence_3,2025-08,275,-0.09950828049285249
daily__range_mean_20,persistence_3,2025-09,274,-0.11236076556570869
daily__range_mean_20,persistence_3,2025-10,279,-0.12695955398809367
daily__range_mean_20,persistence_3,2025-11,276,-0.1078889438054526
daily__range_mean_20,persistence_3,2025-12,276,-0.12409198045848327
daily__range_mean_20,persistence_3,2026-01,276,-0.10511729352655096
daily__range_mean_20,persistence_3,2026-02,282,-0.16281164752880511
daily__range_mean_20,persistence_3,2026-03,274,-0.10605446964159927
daily__range_mean_20,persistence_3,2026-04,275,-0.12022739950986237
daily__range_mean_20,persistence_3,2026-05,278,-0.12182433342216
daily__range_mean_20,persistence_3,2026-06,278,-0.13072772435214536
daily__range_mean_20,persistence_3,2026-07,273,-0.0773625856276162
daily__range_mean_20,persistence_3,2026-08,275,-0.15846131438914945
daily__range_mean_20,persistence_3,2026-09,280,-0.14270340305297874
EX01__tail_return_60,return_1,2025-07,279,0.09347415204435877
EX01__tail_return_60,return_1,2025-08,281,0.09475677597773902
EX01__tail_return_60,return_1,2025-09,280,0.1013798962552972
EX01__tail_return_60,return_1,2025-10,285,0.08770596290756334
EX01__tail_return_60,return_1,2025-11,282,0.10615603134867777
EX01__tail_return_60,return_1,2025-12,280,0.09859754529302309
EX01__tail_return_60,return_1,2026-01,282,0.09425399290185058
EX01__tail_return_60,return_1,2026-02,288,0.07737791726495302
EX01__tail_return_60,return_1,2026-03,280,0.1036475372046164
EX01__tail_return_60,return_1,2026-04,281,0.101154561355708
EX01__tail_return_60,return_1,2026-05,284,0.10686240550657661
EX01__tail_return_60,return_1,2026-06,282,0.06432872241195357
EX01__tail_return_60,return_1,2026-07,279,0.11698867287595012
EX01__tail_return_60,return_1,2026-08,281,0.08843620492916984
EX01__tail_return_60,return_1,2026-09,284,0.10683036294175303
EX01__tail_return_60,return_3,2025-07,273,0.07590001326258615
EX01__tail_return_60,return_3,2025-08,275,0.08463719801051711
EX01__tail_return_60,return_3,2025-09,274,0.09022361424440432
EX01__tail_return_60,return_3,2025-10,279,0.09208735903128062
EX01__tail_return_60,return_3,2025-11,276,0.09325637444368584
EX01__tail_return_60,return_3,2025-12,276,0.11295328641034938
EX01__tail_return_60,return_3,2026-01,276,0.10713083994098731
EX01__tail_return_60,return_3,2026-02,282,0.07620509304843677
EX01__tail_return_60,return_3,2026-03,274,0.09381113693707265
EX01__tail_return_60,return_3,2026-04,275,0.0954529730661841
EX01__tail_return_60,return_3,2026-05,278,0.07435933679672245
EX01__tail_return_60,return_3,2026-06,278,0.10850654067324778
EX01__tail_return_60,return_3,2026-07,273,0.14583101103099694
EX01__tail_return_60,return_3,2026-08,275,0.08682633445336708
EX01__tail_return_60,return_3,2026-09,280,0.09758688979681318
EX01__tail_return_60,return_5,2025-07,267,0.013232319320183572
EX01__tail_return_60,return_5,2025-08,269,0.021787104874801295
EX01__tail_return_60,return_5,2025-09,268,0.03000701688742322
EX01__tail_return_60,return_5,2025-10,273,0.013838160998009358
EX01__tail_return_60,return_5,2025-11,270,0.01782513915747177
EX01__tail_return_60,return_5,2025-12,272,0.023763840502687948
EX01__tail_return_60,return_5,2026-01,270,0.023375222676094886
EX01__tail_return_60,return_5,2026-02,276,-0.0009960312870453548
EX01__tail_return_60,return_5,2026-03,268,0.01733550064468749
EX01__tail_return_60,return_5,2026-04,269,0.014771937546440045
EX01__tail_return_60,return_5,2026-05,272,0.01738590094087614
EX01__tail_return_60,return_5,2026-06,274,0.059658761978801156
EX01__tail_return_60,return_5,2026-07,267,0.06142194470881396
EX01__tail_return_60,return_5,2026-08,269,0.027918340875947117
EX01__tail_return_60,return_5,2026-09,276,0.022948960407622926
EX01__tail_return_60,return_10,2025-07,252,0.009459163306511429
EX01__tail_return_60,return_10,2025-08,254,0.023239260003654887
EX01__tail_return_60,return_10,2025-09,253,0.03758576664524597
EX01__tail_return_60,return_10,2025-10,258,0.03594599630410543
EX01__tail_return_60,return_10,2025-11,255,0.021944526599589845
EX01__tail_return_60,return_10,2025-12,262,0.02792632561777737
EX01__tail_return_60,return_10,2026-01,255,0.03186101647291912
EX01__tail_return_60,return_10,2026-02,261,0.01256295399793869
EX01__tail_return_60,return_10,2026-03,253,0.05699519882135565
EX01__tail_return_60,return_10,2026-04,254,0.018380093397290298
EX01__tail_return_60,return_10,2026-05,257,-0.0066696996422676135
EX01__tail_return_60,return_10,2026-06,264,0.024835664350126935
EX01__tail_return_60,return_10,2026-07,252,0.10510098186078248
EX01__tail_return_60,return_10,2026-08,254,0.013715895195354154
EX01__tail_return_60,return_10,2026-09,266,0.04421037400399261
EX01__tail_return_60,adverse_5,2025-07,267,-0.06742196068891106
EX01__tail_return_60,adverse_5,2025-08,269,-0.09343542082798648
EX01__tail_return_60,adverse_5,2025-09,268,-0.10171915577331202
EX01__tail_return_60,adverse_5,2025-10,273,-0.08656875759168392
EX01__tail_return_60,adverse_5,2025-11,270,-0.087578628594763
EX01__tail_return_60,adverse_5,2025-12,272,-0.10645734926706998
EX01__tail_return_60,adverse_5,2026-01,270,-0.10987502996832814
EX01__tail_return_60,adverse_5,2026-02,276,-0.06602427647099503
EX01__tail_return_60,adverse_5,2026-03,268,-0.11449888875658713
EX01__tail_return_60,adverse_5,2026-04,269,-0.09685829298811287
EX01__tail_return_60,adverse_5,2026-05,272,-0.08886976601950315
EX01__tail_return_60,adverse_5,2026-06,274,-0.1258390535119818
EX01__tail_return_60,adverse_5,2026-07,267,-0.15938852384456284
EX01__tail_return_60,adverse_5,2026-08,269,-0.0944810832412093
EX01__tail_return_60,adverse_5,2026-09,276,-0.08021106814348292
EX01__tail_return_60,range_5,2025-07,267,0.002275368443855404
EX01__tail_return_60,range_5,2025-08,269,-0.024247001428846157
EX01__tail_return_60,range_5,2025-09,268,-0.021161576878160563
EX01__tail_return_60,range_5,2025-10,273,-0.005845031755576398
EX01__tail_return_60,range_5,2025-11,270,-0.007513004867652074
EX01__tail_return_60,range_5,2025-12,272,-0.02334699729281047
EX01__tail_return_60,range_5,2026-01,270,-0.012345167178755867
EX01__tail_return_60,range_5,2026-02,276,-0.014324010323846458
EX01__tail_return_60,range_5,2026-03,268,-0.037791959084357216
EX01__tail_return_60,range_5,2026-04,269,-0.004346717037093163
EX01__tail_return_60,range_5,2026-05,272,0.009760706894561768
EX01__tail_return_60,range_5,2026-06,274,-0.023110700948441608
EX01__tail_return_60,range_5,2026-07,267,-0.06700321483780936
EX01__tail_return_60,range_5,2026-08,269,-0.020754026611434287
EX01__tail_return_60,range_5,2026-09,276,0.014628242143037935
EX01__tail_return_60,persistence_3,2025-07,273,0.09575726033267577
EX01__tail_return_60,persistence_3,2025-08,275,0.11904503529876484
EX01__tail_return_60,persistence_3,2025-09,274,0.14141029011316944
EX01__tail_return_60,persistence_3,2025-10,279,0.1109565257639994
EX01__tail_return_60,persistence_3,2025-11,276,0.12349655894890346
EX01__tail_return_60,persistence_3,2025-12,276,0.13980159703410114
EX01__tail_return_60,persistence_3,2026-01,276,0.1377428237808653
EX01__tail_return_60,persistence_3,2026-02,282,0.09903394920266366
EX01__tail_return_60,persistence_3,2026-03,274,0.13333285216697083
EX01__tail_return_60,persistence_3,2026-04,275,0.13004874790385715
EX01__tail_return_60,persistence_3,2026-05,278,0.12080095004725916
EX01__tail_return_60,persistence_3,2026-06,278,0.11024409924451146
EX01__tail_return_60,persistence_3,2026-07,273,0.1603147624997169
EX01__tail_return_60,persistence_3,2026-08,275,0.10772337399887585
EX01__tail_return_60,persistence_3,2026-09,280,0.13494745946660927
