Factor,Horizon,PairedRows,Spearman,HighMinusLow,PositiveFolds,EvaluatedFolds,MseReduction
market_return_5,1,420,-0.09879859822075572,-0.002382224394939205,2,3,0.009182759455449774
market_return_5,5,416,0.044480760190373066,0.009740567343548832,2,3,0.000523491960159661
market_return_5,10,411,0.0044241573579921045,0.011260531188376175,0,3,-0.01695224759064784
small_vs_large_5,1,420,-0.03127333525444346,-0.0013601648595909293,1,3,-0.005008442637976396
small_vs_large_5,5,416,0.11011447002595431,0.011130658029375922,1,3,-0.05022374281511999
small_vs_large_5,10,411,0.049191008880206395,0.004591408741310707,1,3,-0.06381638858174954
growth_vs_large_5,1,420,-0.058365543686732295,-0.0029334749638011202,2,3,-0.0002119215190581336
growth_vs_large_5,5,416,0.038424987322358,-0.001797473719179858,0,3,-0.04302993062584215
growth_vs_large_5,10,411,0.016663530958428846,-0.0008510619803084084,2,3,-0.06520186315934295
market_drawdown_20,1,406,-0.03832393359623614,-0.0001618372292983136,1,3,0.0004557568837531001
market_drawdown_20,5,402,0.09970906897620686,0.009774335524979819,2,3,-0.0010343220502433415
market_drawdown_20,10,397,0.09847624333234017,0.014469313494114084,0,3,-0.01869600991778797
known_share_change_1,1,423,0.01343016194394495,0.0015005300945311866,1,3,-0.002245094566869721
known_share_change_1,5,419,0.0008919145923119412,0.0013681523163222922,0,3,-0.04493232007805292
known_share_change_1,10,414,0.0342321869366968,0.0009039222072523487,0,3,-0.04732826123932976
known_share_change_5,1,419,-0.009595752284200136,-0.0008005898553206873,0,3,-0.07569921093039245
known_share_change_5,5,415,0.0012938297523321207,-0.0007629579273976715,0,3,-0.18091904199676434
known_share_change_5,10,410,0.10971647927999294,0.009381451528591973,0,3,-0.6325232333786159
share_acceleration,1,419,0.005229080088585337,0.0009789324457651714,0,3,-0.02177621082445569
share_acceleration,5,415,0.04916602458726061,0.010307003949769904,1,3,-0.011653147985128065
share_acceleration,10,410,-0.016679044240043298,-0.005485120651354085,0,3,-0.013349590131326305
share_price_feedback,1,419,0.05460815952176604,0.005156948958934697,3,3,0.01449802448584736
share_price_feedback,5,415,0.012666098253586363,0.0047030656328116704,1,3,-1.4772551440803912
share_price_feedback,10,410,-0.008007122630844887,-0.0034301973193264657,1,3,-0.05243955922968868
selloff_amount_1,1,405,0.087138837422949,,1,3,-0.038336140259528806
selloff_amount_1,5,401,-0.030615478412621046,,1,3,-0.0020468618458668875
selloff_amount_1,10,396,-0.002717696175864829,,2,3,0.002745145262300963
joint_selloff_5,1,420,0.06477373388517066,0.0008078294077080266,2,3,0.019860397987554013
joint_selloff_5,5,416,-0.0427951432683604,-0.006091903292153495,1,3,0.012625350943705427
joint_selloff_5,10,411,-0.034639756843020536,-0.009291117564102596,1,3,0.001288119663481968
relative_selloff_10,1,415,-0.025314582127619358,-0.0008732676574924538,1,3,-0.009345162862816059
relative_selloff_10,5,411,-0.020337760702930138,-0.00355322349573663,1,3,-0.01026632853736853
relative_selloff_10,10,406,0.00871646847021805,0.0004090052942390624,2,3,0.004663823026571312
joint_selloff_1,1,424,0.08691983139725216,0.0022360273739853156,2,3,0.017580266895860563
joint_selloff_1,5,420,0.03574763672595394,0.0015125551084687874,2,3,0.017199274585080082
joint_selloff_1,10,415,-0.009688816845849216,-0.0031049667209275805,2,3,0.005068210917579252
