Date,test_start,state,range_median,training_q25,training_q75,future_5d_open_return,roundtrip_20bp_proxy
2025-07-01,2025-07-01,LOW,0.0109249068376809,0.0142418451650932,0.019029167614946302,0.0203327171903882,0.018332717190388197
2025-07-02,2025-07-01,LOW,0.0109249068376809,0.0142418451650932,0.019029167614946302,0.0119926199261992,0.0099926199261992
2025-07-03,2025-07-01,LOW,0.0099779371407112,0.0142418451650932,0.019029167614946302,0.0073800738007379,0.0053800738007379
2025-07-04,2025-07-01,LOW,0.0094473838288635,0.0142418451650932,0.019029167614946302,0.0073800738007379,0.0053800738007379
2025-07-07,2025-07-01,LOW,0.0099779371407112,0.0142418451650932,0.019029167614946302,0.0127970749542962,0.0107970749542962
2025-07-08,2025-07-01,LOW,0.0099779371407112,0.0142418451650932,0.019029167614946302,0.0027173913043476,0.0007173913043476
2025-07-09,2025-07-01,LOW,0.0111845877417859,0.0142418451650932,0.019029167614946302,0.0045578851412946,0.0025578851412946003
2025-07-10,2025-07-01,LOW,0.0111845877417859,0.0142418451650932,0.019029167614946302,0.0146520146520146,0.0126520146520146
2025-07-11,2025-07-01,LOW,0.0106763475707716,0.0142418451650932,0.019029167614946302,0.0512820512820511,0.0492820512820511
2025-07-14,2025-07-01,LOW,0.0120390600615328,0.0142418451650932,0.019029167614946302,0.0451263537906134,0.0431263537906134
2025-07-15,2025-07-01,LOW,0.0124209575429087,0.0142418451650932,0.019029167614946302,0.0776874435411021,0.0756874435411021
2025-07-16,2025-07-01,LOW,0.0124209575429087,0.0142418451650932,0.019029167614946302,0.0344827586206895,0.0324827586206895
2025-07-17,2025-07-01,LOW,0.0120390600615328,0.0142418451650932,0.019029167614946302,0.0351985559566785,0.0331985559566785
2025-07-18,2025-07-01,LOW,0.0109143743119629,0.0142418451650932,0.019029167614946302,-0.0060975609756096,-0.0080975609756096
2025-07-21,2025-07-01,LOW,0.0109143743119629,0.0142418451650932,0.019029167614946302,-0.0146804835924005,-0.0166804835924005
2025-07-22,2025-07-01,LOW,0.0109143743119629,0.0142418451650932,0.019029167614946302,-0.0435875943000838,-0.0455875943000838
2025-07-23,2025-07-01,LOW,0.0109143743119629,0.0142418451650932,0.019029167614946302,-0.0043859649122806,-0.0063859649122806
2025-07-24,2025-07-01,LOW,0.0116084563657837,0.0142418451650932,0.019029167614946302,-0.0287707061900609,-0.0307707061900609
2025-07-25,2025-07-01,LOW,0.0106398325059002,0.0142418451650932,0.019029167614946302,-0.021034180543383,-0.023034180543383
2025-07-28,2025-07-01,LOW,0.0097889873101028,0.0142418451650932,0.019029167614946302,-0.009640666082384,-0.011640666082384
2025-07-29,2025-07-01,LOW,0.0106398325059002,0.0142418451650932,0.019029167614946302,-0.0035056967572304,-0.0055056967572304
2025-07-30,2025-07-01,LOW,0.0109533008921953,0.0142418451650932,0.019029167614946302,0.0079295154185021,0.005929515418502101
2025-07-31,2025-07-01,LOW,0.0116084563657837,0.0142418451650932,0.019029167614946302,0.0224416517055654,0.020441651705565403
2025-08-01,2025-07-01,LOW,0.0120710962838216,0.0142418451650932,0.019029167614946302,0.0376007162041183,0.035600716204118296
2025-08-04,2025-07-01,LOW,0.0120710962838216,0.0142418451650932,0.019029167614946302,0.029203539823009,0.027203539823009
2025-08-05,2025-07-01,LOW,0.0116084563657837,0.0142418451650932,0.019029167614946302,0.0307827616534739,0.028782761653473897
2025-08-06,2025-07-01,LOW,0.0109533008921953,0.0142418451650932,0.019029167614946302,0.0288461538461539,0.0268461538461539
2025-08-07,2025-07-01,LOW,0.0109533008921953,0.0142418451650932,0.019029167614946302,0.0184372256365232,0.016437225636523202
2025-08-08,2025-07-01,LOW,0.0117965544777589,0.0142418451650932,0.019029167614946302,0.0362381363244175,0.034238136324417495
2025-08-11,2025-07-01,LOW,0.0109533008921953,0.0142418451650932,0.019029167614946302,0.0318142734307824,0.029814273430782398
2025-08-12,2025-07-01,LOW,0.0102592188383745,0.0142418451650932,0.019029167614946302,0.0264505119453926,0.0244505119453926
2025-08-13,2025-07-01,LOW,0.0102592188383745,0.0142418451650932,0.019029167614946302,0.0220900594732371,0.020090059473237103
2025-08-14,2025-07-01,LOW,0.0109533008921953,0.0142418451650932,0.019029167614946302,0.0344827586206897,0.0324827586206897
2025-08-15,2025-07-01,LOW,0.0117965544777589,0.0142418451650932,0.019029167614946302,0.0049958368026643,0.0029958368026642996
2025-08-18,2025-07-01,LOW,0.0117965544777589,0.0142418451650932,0.019029167614946302,0.0275,0.025500000000000002
2025-08-19,2025-07-01,LOW,0.0110701160496029,0.0142418451650932,0.019029167614946302,0.022443890274314,0.020443890274314
2025-08-20,2025-07-01,LOW,0.0110701160496029,0.0142418451650932,0.019029167614946302,0.0099750623441396,0.0079750623441396
2025-08-21,2025-07-01,LOW,0.0115327559676407,0.0142418451650932,0.019029167614946302,0.0241666666666668,0.0221666666666668
2025-08-22,2025-07-01,LOW,0.0123485026705352,0.0142418451650932,0.019029167614946302,0.0173985086992543,0.0153985086992543
2025-08-25,2025-07-01,LOW,0.0124466634797541,0.0142418451650932,0.019029167614946302,0.0024330900243307,0.0004330900243306999
2025-08-26,2025-07-01,LOW,0.0128777995698771,0.0142418451650932,0.019029167614946302,-0.0170731707317072,-0.019073170731707202
2025-08-27,2025-07-01,LOW,0.0133048774101421,0.0142418451650932,0.019029167614946302,-0.0106995884773664,-0.0126995884773664
2025-08-28,2025-07-01,LOW,0.0133048774101421,0.0142418451650932,0.019029167614946302,-0.0268510984540277,-0.028851098454027703
2025-08-29,2025-07-01,LOW,0.0133048774101421,0.0142418451650932,0.019029167614946302,0.003257328990228,0.0012573289902280001
2025-09-01,2025-07-01,LOW,0.0128689470353965,0.0142418451650932,0.019029167614946302,0.0072815533980583,0.0052815533980583
2025-09-02,2025-07-01,LOW,0.0133167082294264,0.0142418451650932,0.019029167614946302,0.0264681555004135,0.0244681555004135
2025-09-03,2025-07-01,LOW,0.0141355463347164,0.0142418451650932,0.019029167614946302,0.0316139767054908,0.029613976705490798
2025-09-04,2025-07-01,MID,0.0151301699906304,0.0142418451650932,0.019029167614946302,0.0769230769230771,0.07492307692307709
2025-09-05,2025-07-01,MID,0.0151301699906304,0.0142418451650932,0.019029167614946302,0.0178571428571427,0.0158571428571427
2025-09-08,2025-07-01,MID,0.0151301699906304,0.0142418451650932,0.019029167614946302,0.0040160642570279,0.0020160642570278995
2025-09-09,2025-07-01,MID,0.0157650180373294,0.0142418451650932,0.019029167614946302,0.0048348106365834,0.0028348106365834
2025-09-10,2025-07-01,MID,0.0164301223858562,0.0142418451650932,0.019029167614946302,0.0258064516129032,0.0238064516129032
2025-09-11,2025-07-01,MID,0.0164301223858562,0.0142418451650932,0.019029167614946302,-0.0077639751552794,-0.0097639751552794
2025-09-12,2025-07-01,MID,0.0164301223858562,0.0142418451650932,0.019029167614946302,0.029505582137161,0.027505582137161
2025-09-15,2025-07-01,MID,0.0164301223858562,0.0142418451650932,0.019029167614946302,0.0336,0.031599999999999996
2025-09-16,2025-07-01,MID,0.017691215518013,0.0142418451650932,0.019029167614946302,0.0384923817161184,0.0364923817161184
2025-09-17,2025-07-01,HIGH,0.0198065879151786,0.0142418451650932,0.019029167614946302,0.0283018867924529,0.0263018867924529
2025-09-18,2025-07-01,HIGH,0.0213906721777621,0.0142418451650932,0.019029167614946302,0.0336463223787166,0.0316463223787166
2025-09-19,2025-07-01,HIGH,0.0213906721777621,0.0142418451650932,0.019029167614946302,0.0147172734314486,0.0127172734314486
2025-09-22,2025-07-01,HIGH,0.0198065879151786,0.0142418451650932,0.019029167614946302,0.0301857585139317,0.0281857585139317
2025-09-23,2025-07-01,HIGH,0.0234604814702259,0.0142418451650932,0.019029167614946302,0.0664092664092663,0.0644092664092663
2025-09-24,2025-07-01,HIGH,0.021527393979588,0.0142418451650932,0.019029167614946302,0.0726299694189602,0.0706299694189602
2025-09-25,2025-07-01,HIGH,0.0198065879151786,0.0142418451650932,0.019029167614946302,0.0454201362604087,0.0434201362604087
2025-09-26,2025-07-01,HIGH,0.0198065879151786,0.0142418451650932,0.019029167614946302,0.0603053435114504,0.0583053435114504
2025-09-29,2025-07-01,HIGH,0.0213358316813459,0.0142418451650932,0.019029167614946302,0.02854996243426,0.02654996243426
2025-09-30,2025-07-01,HIGH,0.0213358316813459,0.0142418451650932,0.019029167614946302,0.0296886314265025,0.027688631426502498
2025-10-09,2025-07-01,HIGH,0.0219796915243878,0.0142418451650932,0.019029167614946302,-0.007127583749109,-0.009127583749109
2025-10-10,2025-07-01,HIGH,0.0219796915243878,0.0142418451650932,0.019029167614946302,-0.0304127443881245,-0.0324127443881245
2025-10-13,2025-07-01,HIGH,0.0219796915243878,0.0142418451650932,0.019029167614946302,-0.0244780417566594,-0.026478041756659403
2025-10-14,2025-07-01,HIGH,0.0228043769113149,0.0142418451650932,0.019029167614946302,0.0043827611395179,0.0023827611395178996
2025-10-15,2025-07-01,HIGH,0.024326819164265,0.0142418451650932,0.019029167614946302,-0.0534458509142052,-0.0554458509142052
2025-10-16,2025-07-01,HIGH,0.0254946671024094,0.0142418451650932,0.019029167614946302,-0.0251256281407035,-0.027125628140703503
2025-10-17,2025-07-01,HIGH,0.0254946671024094,0.0142418451650932,0.019029167614946302,0.041075429424944,0.039075429424944
2025-10-20,2025-07-01,HIGH,0.0254946671024094,0.0142418451650932,0.019029167614946302,0.0273062730627304,0.0253062730627304
2025-10-21,2025-07-01,HIGH,0.0267458729914492,0.0142418451650932,0.019029167614946302,0.0065454545454544,0.0045454545454544
2025-10-22,2025-07-01,HIGH,0.0267458729914492,0.0142418451650932,0.019029167614946302,0.0854383358098067,0.0834383358098067
2025-10-23,2025-07-01,HIGH,0.0254946671024094,0.0142418451650932,0.019029167614946302,0.0530191458026507,0.0510191458026507
2025-10-24,2025-07-01,HIGH,0.0247851909354828,0.0142418451650932,0.019029167614946302,0.0193687230989958,0.0173687230989958
2025-10-27,2025-07-01,HIGH,0.0247851909354828,0.0142418451650932,0.019029167614946302,0.0466954022988506,0.0446954022988506
2025-10-28,2025-07-01,HIGH,0.0247851909354828,0.0142418451650932,0.019029167614946302,0.0209537572254336,0.018953757225433597
2025-10-29,2025-07-01,HIGH,0.0247851909354828,0.0142418451650932,0.019029167614946302,0.0527036276522929,0.0507036276522929
2025-10-30,2025-07-01,HIGH,0.0254946671024094,0.0142418451650932,0.019029167614946302,0.0839160839160839,0.0819160839160839
2025-10-31,2025-07-01,HIGH,0.0254946671024094,0.0142418451650932,0.019029167614946302,0.1111893033075297,0.1091893033075297
2025-11-03,2025-07-01,HIGH,0.0265229615745079,0.0142418451650932,0.019029167614946302,0.0803019903912147,0.0783019903912147
2025-11-04,2025-07-01,HIGH,0.0274956386896686,0.0142418451650932,0.019029167614946302,0.078556263269639,0.076556263269639
2025-11-05,2025-07-01,HIGH,0.0279021427547092,0.0142418451650932,0.019029167614946302,-0.0214564369310794,-0.023456436931079398
2025-11-06,2025-07-01,HIGH,0.0279021427547092,0.0142418451650932,0.019029167614946302,-0.0290322580645162,-0.031032258064516198
2025-11-07,2025-07-01,HIGH,0.0279021427547092,0.0142418451650932,0.019029167614946302,-0.063964534515516,-0.065964534515516
2025-11-10,2025-07-01,HIGH,0.0288229686386789,0.0142418451650932,0.019029167614946302,-0.0641677255400253,-0.0661677255400253
2025-11-11,2025-07-01,HIGH,0.0288229686386789,0.0142418451650932,0.019029167614946302,-0.0511811023622047,-0.053181102362204705
2025-11-12,2025-07-01,HIGH,0.0288229686386789,0.0142418451650932,0.019029167614946302,-0.0372093023255812,-0.0392093023255812
2025-11-13,2025-07-01,HIGH,0.0288229686386789,0.0142418451650932,0.019029167614946302,-0.0710963455149501,-0.0730963455149501
2025-11-14,2025-07-01,HIGH,0.027759392848367,0.0142418451650932,0.019029167614946302,-0.084573748308525,-0.086573748308525
2025-11-17,2025-07-01,HIGH,0.0273528887833263,0.0142418451650932,0.019029167614946302,-0.0672097759674134,-0.0692097759674134
2025-11-18,2025-07-01,HIGH,0.0258134854075814,0.0142418451650932,0.019029167614946302,-0.0394190871369294,-0.0414190871369294
2025-11-19,2025-07-01,HIGH,0.0258134854075814,0.0142418451650932,0.019029167614946302,-0.0489993098688752,-0.0509993098688752
2025-11-20,2025-07-01,HIGH,0.0256998556998557,0.0142418451650932,0.019029167614946302,-0.0193133047210299,-0.0213133047210299
2025-11-21,2025-07-01,HIGH,0.0273528887833263,0.0142418451650932,0.019029167614946302,0.0347376201034737,0.0327376201034737
2025-11-24,2025-07-01,HIGH,0.0273528887833263,0.0142418451650932,0.019029167614946302,0.0262008733624452,0.024200873362445197
2025-11-25,2025-07-01,HIGH,0.0273528887833263,0.0142418451650932,0.019029167614946302,0.0050395968322534,0.0030395968322534
2025-11-26,2025-07-01,HIGH,0.0262353557169972,0.0142418451650932,0.019029167614946302,0.0101596516690856,0.0081596516690856
2025-11-27,2025-07-01,HIGH,0.0246624841441255,0.0142418451650932,0.019029167614946302,0.0167760758570385,0.0147760758570385
2025-11-28,2025-07-01,HIGH,0.0246624841441255,0.0142418451650932,0.019029167614946302,0.0321428571428572,0.0301428571428572
2025-12-01,2025-07-01,HIGH,0.0240460628695922,0.0142418451650932,0.019029167614946302,0.0184397163120566,0.016439716312056603
2025-12-02,2025-07-01,HIGH,0.0237310158648424,0.0142418451650932,0.019029167614946302,0.0279369627507164,0.0259369627507164
2025-12-03,2025-07-01,HIGH,0.0233273924271633,0.0142418451650932,0.019029167614946302,0.0352011494252875,0.0332011494252875
2025-12-04,2025-07-01,HIGH,0.0226662148934568,0.0142418451650932,0.019029167614946302,0.0294117647058824,0.0274117647058824
2025-12-05,2025-07-01,HIGH,0.0226662148934568,0.0142418451650932,0.019029167614946302,0.0249134948096885,0.022913494809688503
2025-12-08,2025-07-01,HIGH,0.0219037364713023,0.0142418451650932,0.019029167614946302,0.0201949860724235,0.0181949860724235
2025-12-09,2025-07-01,HIGH,0.0205480125704276,0.0142418451650932,0.019029167614946302,-0.0069686411149826,-0.0089686411149826
2025-12-10,2025-07-01,MID,0.0189027392763349,0.0142418451650932,0.019029167614946302,-0.0006939625260237,-0.0026939625260237
2025-12-11,2025-07-01,MID,0.0189027392763349,0.0142418451650932,0.019029167614946302,0.0034843205574912,0.0014843205574911998
2025-12-12,2025-07-01,HIGH,0.0199876645984405,0.0142418451650932,0.019029167614946302,-0.0121539500337609,-0.0141539500337609
2025-12-15,2025-07-01,HIGH,0.0199672742171305,0.0142418451650932,0.019029167614946302,0.014334470989761,0.012334470989761
2025-12-16,2025-07-01,HIGH,0.0199672742171305,0.0142418451650932,0.019029167614946302,0.049122807017544,0.047122807017544
2025-12-17,2025-07-01,HIGH,0.0202380727958996,0.0142418451650932,0.019029167614946302,0.0472222222222222,0.0452222222222222
2025-12-18,2025-07-01,MID,0.0175015359597991,0.0142418451650932,0.019029167614946302,0.054861111111111,0.052861111111111
2025-12-19,2025-07-01,MID,0.0169417959810315,0.0142418451650932,0.019029167614946302,0.0403280929596718,0.0383280929596718
2025-12-22,2025-07-01,MID,0.0169417959810315,0.0142418451650932,0.019029167614946302,0.003364737550471,0.001364737550471
2025-12-23,2025-07-01,MID,0.0160055671537926,0.0142418451650932,0.019029167614946302,-0.0013377926421405,-0.0033377926421405
2025-12-24,2025-07-01,MID,0.0169417959810315,0.0142418451650932,0.019029167614946302,-0.0106100795755967,-0.0126100795755967
2025-12-25,2025-07-01,MID,0.0160055671537926,0.0142418451650932,0.019029167614946302,-0.0085582620144831,-0.0105582620144831
2025-12-26,2025-07-01,MID,0.0160055671537926,0.0142418451650932,0.019029167614946302,0.0013140604467805,-0.0006859395532194999
2025-12-29,2025-07-01,MID,0.0168977392359438,0.0142418451650932,0.019029167614946302,0.039570757880617,0.037570757880617
2025-12-30,2025-07-01,MID,0.0168977392359438,0.0142418451650932,0.019029167614946302,0.0207635632953784,0.0187635632953784
2025-12-31,2025-07-01,MID,0.0168977392359438,0.0142418451650932,0.019029167614946302,0.0670241286863271,0.06502412868632709
2026-01-05,2026-01-01,MID,0.0168977392359438,0.0120390600615328,0.0216184929536956,0.0571049136786188,0.0551049136786188
2026-01-06,2026-01-01,MID,0.0166398553573702,0.0120390600615328,0.0216184929536956,0.0866141732283463,0.0846141732283463
2026-01-07,2026-01-01,MID,0.0168977392359438,0.0120390600615328,0.0216184929536956,0.0374193548387096,0.035419354838709595
2026-01-08,2026-01-01,MID,0.0171380738391048,0.0120390600615328,0.0216184929536956,0.1443569553805774,0.1423569553805774
2026-01-09,2026-01-01,MID,0.0182747321739555,0.0120390600615328,0.0216184929536956,0.0628140703517587,0.0608140703517587
2026-01-12,2026-01-01,MID,0.0177048302198147,0.0120390600615328,0.0216184929536956,0.1432160804020099,0.1412160804020099
2026-01-13,2026-01-01,MID,0.0177048302198147,0.0120390600615328,0.0216184929536956,0.0646135265700482,0.06261352657004819
2026-01-14,2026-01-01,MID,0.0187974318095777,0.0120390600615328,0.0216184929536956,0.1063432835820894,0.1043432835820894
2026-01-15,2026-01-01,MID,0.0187974318095777,0.0120390600615328,0.0216184929536956,0.0091743119266054,0.007174311926605399
2026-01-16,2026-01-01,MID,0.0187974318095777,0.0120390600615328,0.0216184929536956,0.0478723404255319,0.0458723404255319
2026-01-19,2026-01-01,MID,0.0196903379959353,0.0120390600615328,0.0216184929536956,-0.0258241758241759,-0.0278241758241759
2026-01-20,2026-01-01,MID,0.0200873162753663,0.0120390600615328,0.0216184929536956,0.0034032898468518,0.0014032898468518
2026-01-21,2026-01-01,HIGH,0.0219272009154005,0.0120390600615328,0.0216184929536956,-0.0078695896571107,-0.0098695896571107
2026-01-22,2026-01-01,HIGH,0.025163423858172,0.0120390600615328,0.0216184929536956,-0.0272727272727273,-0.029272727272727297
2026-01-23,2026-01-01,HIGH,0.0259404109868701,0.0120390600615328,0.0216184929536956,-0.0078962210941906,-0.0098962210941906
2026-01-26,2026-01-01,HIGH,0.0259404109868701,0.0120390600615328,0.0216184929536956,-0.0129723632261702,-0.0149723632261702
2026-01-27,2026-01-01,HIGH,0.0281389030506643,0.0120390600615328,0.0216184929536956,0.0197851893725269,0.017785189372526898
2026-01-28,2026-01-01,HIGH,0.0281389030506643,0.0120390600615328,0.0216184929536956,0.0164305949008498,0.0144305949008498
2026-01-29,2026-01-01,HIGH,0.0291319183488428,0.0120390600615328,0.0216184929536956,-0.0029205607476634,-0.0049205607476634
2026-01-30,2026-01-01,HIGH,0.0313732817210894,0.0120390600615328,0.0216184929536956,0.0028425241614553,0.0008425241614553
2026-02-02,2026-01-01,HIGH,0.0313732817210894,0.0120390600615328,0.0216184929536956,0.024,0.022
2026-02-03,2026-01-01,HIGH,0.034689193257074,0.0120390600615328,0.0216184929536956,-0.0022172949002217,-0.0042172949002217
2026-02-04,2026-01-01,HIGH,0.034689193257074,0.0120390600615328,0.0216184929536956,0.0144927536231884,0.0124927536231884
2026-02-05,2026-01-01,HIGH,0.0378476632731137,0.0120390600615328,0.0216184929536956,0.0826010544815465,0.0806010544815465
2026-02-06,2026-01-01,HIGH,0.0357406561619852,0.0120390600615328,0.0216184929536956,0.054421768707483,0.052421768707482996
2026-02-09,2026-01-01,HIGH,0.0357406561619852,0.0120390600615328,0.0216184929536956,0.0636160714285714,0.061616071428571395
2026-02-10,2026-01-01,HIGH,0.0340060083594565,0.0120390600615328,0.0216184929536956,0.0666666666666666,0.0646666666666666
2026-02-11,2026-01-01,HIGH,0.0313732817210894,0.0120390600615328,0.0216184929536956,0.0725274725274724,0.07052747252747239
2026-02-12,2026-01-01,HIGH,0.0313732817210894,0.0120390600615328,0.0216184929536956,0.0524891774891773,0.0504891774891773
2026-02-13,2026-01-01,HIGH,0.0291319183488428,0.0120390600615328,0.0216184929536956,0.0790322580645161,0.0770322580645161
2026-02-24,2026-01-01,HIGH,0.0291319183488428,0.0120390600615328,0.0216184929536956,-0.0078698845750261,-0.0098698845750261
2026-02-25,2026-01-01,HIGH,0.0282623119952901,0.0120390600615328,0.0216184929536956,0.0515625000000001,0.0495625000000001
2026-02-26,2026-01-01,HIGH,0.0282623119952901,0.0120390600615328,0.0216184929536956,0.059938524590164,0.057938524590164
2026-02-27,2026-01-01,HIGH,0.0277563797569688,0.0120390600615328,0.0216184929536956,0.0467866323907455,0.0447866323907455
2026-03-02,2026-01-01,HIGH,0.0282623119952901,0.0120390600615328,0.0216184929536956,0.0493273542600896,0.0473273542600896
2026-03-03,2026-01-01,HIGH,0.0307131820822988,0.0120390600615328,0.0216184929536956,0.1189846641988365,0.1169846641988365
2026-03-04,2026-01-01,HIGH,0.0307280559518847,0.0120390600615328,0.0216184929536956,0.0336800396235761,0.0316800396235761
2026-03-05,2026-01-01,HIGH,0.0324418807679558,0.0120390600615328,0.0216184929536956,-0.0014499758337361,-0.0034499758337361
2026-03-06,2026-01-01,HIGH,0.0340208822290425,0.0120390600615328,0.0216184929536956,-0.0122789783889979,-0.0142789783889979
2026-03-09,2026-01-01,HIGH,0.0340208822290425,0.0120390600615328,0.0216184929536956,-0.0617283950617283,-0.0637283950617283
2026-03-10,2026-01-01,HIGH,0.0340208822290425,0.0120390600615328,0.0216184929536956,-0.0982986767485822,-0.1002986767485822
2026-03-11,2026-01-01,HIGH,0.0324418807679558,0.0120390600615328,0.0216184929536956,-0.08672735984667,-0.08872735984667
2026-03-12,2026-01-01,HIGH,0.0324418807679558,0.0120390600615328,0.0216184929536956,-0.0871248789932236,-0.0891248789932236
2026-03-13,2026-01-01,HIGH,0.0324418807679558,0.0120390600615328,0.0216184929536956,-0.0999502734957732,-0.10195027349577321
2026-03-16,2026-01-01,HIGH,0.0324418807679558,0.0120390600615328,0.0216184929536956,-0.068825910931174,-0.070825910931174
2026-03-17,2026-01-01,HIGH,0.0333321664086466,0.0120390600615328,0.0216184929536956,-0.0183438155136267,-0.020343815513626698
2026-03-18,2026-01-01,HIGH,0.0333321664086466,0.0120390600615328,0.0216184929536956,-0.0015739769150051,-0.0035739769150051
2026-03-19,2026-01-01,HIGH,0.0333321664086466,0.0120390600615328,0.0216184929536956,-0.0296924708377517,-0.0316924708377517
2026-03-20,2026-01-01,HIGH,0.0332579659586757,0.0120390600615328,0.0216184929536956,0.0215469613259668,0.019546961325966797
2026-03-23,2026-01-01,HIGH,0.0336058391736051,0.0120390600615328,0.0216184929536956,0.0195652173913043,0.017565217391304302
2026-03-24,2026-01-01,HIGH,0.0345346608633552,0.0120390600615328,0.0216184929536956,0.00213561131874,0.00013561131874
2026-03-25,2026-01-01,HIGH,0.0345346608633552,0.0120390600615328,0.0216184929536956,-0.0225959012086179,-0.024595901208617897
2026-03-26,2026-01-01,HIGH,0.0336058391736051,0.0120390600615328,0.0216184929536956,0.0032786885245901,0.0012786885245901001
2026-03-27,2026-01-01,HIGH,0.0336058391736051,0.0120390600615328,0.0216184929536956,-0.0075716603569496,-0.009571660356949601
2026-03-30,2026-01-01,HIGH,0.0332991526951505,0.0120390600615328,0.0216184929536956,-0.0085287846481875,-0.0105287846481875
2026-03-31,2026-01-01,HIGH,0.0332991526951505,0.0120390600615328,0.0216184929536956,0.001598295151838,-0.00040170484816199996
2026-04-01,2026-01-01,HIGH,0.0324830675044305,0.0120390600615328,0.0216184929536956,0.0225806451612902,0.020580645161290198
2026-04-02,2026-01-01,HIGH,0.0332991526951505,0.0120390600615328,0.0216184929536956,0.0174291938997821,0.015429193899782099
2026-04-03,2026-01-01,HIGH,0.030644089456869,0.0120390600615328,0.0216184929536956,0.0179836512261581,0.0159836512261581
2026-04-07,2026-01-01,HIGH,0.0274921251405197,0.0120390600615328,0.0216184929536956,0.010752688172043,0.008752688172043
2026-04-08,2026-01-01,HIGH,0.0274921251405197,0.0120390600615328,0.0216184929536956,0.0106382978723404,0.0086382978723404
2026-04-09,2026-01-01,HIGH,0.0274921251405197,0.0120390600615328,0.0216184929536956,0.0047318611987381,0.0027318611987381
2026-04-10,2026-01-01,HIGH,0.0274921251405197,0.0120390600615328,0.0216184929536956,0.033190578158458,0.031190578158458
2026-04-13,2026-01-01,HIGH,0.0265392637538261,0.0120390600615328,0.0216184929536956,0.0578158458244111,0.0558158458244111
2026-04-14,2026-01-01,HIGH,0.0261414665439432,0.0120390600615328,0.0216184929536956,0.0372340425531916,0.0352340425531916
2026-04-15,2026-01-01,HIGH,0.0253650259693772,0.0120390600615328,0.0216184929536956,0.0657894736842106,0.0637894736842106
2026-04-16,2026-01-01,HIGH,0.0253650259693772,0.0120390600615328,0.0216184929536956,0.0460491889063316,0.044049188906331596
2026-04-17,2026-01-01,HIGH,0.0253650259693772,0.0120390600615328,0.0216184929536956,0.022279792746114,0.020279792746114002
2026-04-20,2026-01-01,HIGH,0.0253650259693772,0.0120390600615328,0.0216184929536956,-0.0035425101214574,-0.0055425101214574
2026-04-21,2026-01-01,HIGH,0.0239239515389812,0.0120390600615328,0.0216184929536956,-0.0087179487179486,-0.0107179487179486
2026-04-22,2026-01-01,HIGH,0.0239239515389812,0.0120390600615328,0.0216184929536956,-0.0296296296296295,-0.0316296296296295
2026-04-23,2026-01-01,HIGH,0.0253650259693772,0.0120390600615328,0.0216184929536956,-0.0230115057528764,-0.025011505752876403
2026-04-24,2026-01-01,HIGH,0.0252342767429212,0.0120390600615328,0.0216184929536956,0.035478966041561,0.033478966041561
2026-04-27,2026-01-01,HIGH,0.0236637876790619,0.0120390600615328,0.0216184929536956,0.0452006094464194,0.043200609446419395
2026-04-28,2026-01-01,HIGH,0.0225068233127042,0.0120390600615328,0.0216184929536956,0.081738230729436,0.079738230729436
2026-04-29,2026-01-01,HIGH,0.0225068233127042,0.0120390600615328,0.0216184929536956,0.0661577608142494,0.0641577608142494
2026-04-30,2026-01-01,HIGH,0.0225068233127042,0.0120390600615328,0.0216184929536956,0.086021505376344,0.084021505376344
2026-05-06,2026-01-01,HIGH,0.0225068233127042,0.0120390600615328,0.0216184929536956,0.0768477728830152,0.0748477728830152
2026-05-07,2026-01-01,HIGH,0.0229871681223838,0.0120390600615328,0.0216184929536956,0.0208940719144801,0.0188940719144801
2026-05-08,2026-01-01,HIGH,0.0229293244015163,0.0120390600615328,0.0216184929536956,-0.0277379244380679,-0.0297379244380679
2026-05-11,2026-01-01,HIGH,0.0229293244015163,0.0120390600615328,0.0216184929536956,-0.0071599045346062,-0.0091599045346062
2026-05-12,2026-01-01,HIGH,0.0229293244015163,0.0120390600615328,0.0216184929536956,0.0014144271570015,-0.0005855728429985001
2026-05-13,2026-01-01,HIGH,0.024086288767874,0.0120390600615328,0.0216184929536956,-0.0231818181818183,-0.025181818181818298
2026-05-14,2026-01-01,HIGH,0.0252342767429212,0.0120390600615328,0.0216184929536956,-0.0280818657782009,-0.0300818657782009
2026-05-15,2026-01-01,HIGH,0.0262017687164765,0.0120390600615328,0.0216184929536956,0.0324643384161338,0.0304643384161338
2026-05-18,2026-01-01,HIGH,0.0274629032712208,0.0120390600615328,0.0216184929536956,0.002403846153846,0.000403846153846
2026-05-19,2026-01-01,HIGH,0.0278067774611325,0.0120390600615328,0.0216184929536956,-0.0409604519774011,-0.0429604519774011
2026-05-20,2026-01-01,HIGH,0.0278067774611325,0.0120390600615328,0.0216184929536956,-0.0493252675663098,-0.0513252675663098
2026-05-21,2026-01-01,HIGH,0.0278067774611325,0.0120390600615328,0.0216184929536956,0.019588638589618,0.017588638589617997
2026-05-22,2026-01-01,HIGH,0.0278067774611325,0.0120390600615328,0.0216184929536956,-0.0190566936636493,-0.021056693663649304
2026-05-25,2026-01-01,HIGH,0.0262017687164765,0.0120390600615328,0.0216184929536956,-0.0196642685851318,-0.021664268585131798
2026-05-26,2026-01-01,HIGH,0.0262017687164765,0.0120390600615328,0.0216184929536956,0.0245459008345607,0.0225459008345607
2026-05-27,2026-01-01,HIGH,0.0260628825661492,0.0120390600615328,0.0216184929536956,0.0166421928536464,0.0146421928536464
2026-05-28,2026-01-01,HIGH,0.0278067774611325,0.0120390600615328,0.0216184929536956,-0.0028818443804033,-0.004881844380403301
2026-05-29,2026-01-01,HIGH,0.0280500643350099,0.0120390600615328,0.0216184929536956,-0.0378824672170957,-0.0398824672170957
2026-06-01,2026-01-01,HIGH,0.0301280338325336,0.0120390600615328,0.0216184929536956,-0.0048923679060666,-0.0068923679060666
2026-06-02,2026-01-01,HIGH,0.0324487259971652,0.0120390600615328,0.0216184929536956,-0.0143747005270724,-0.0163747005270724
2026-06-03,2026-01-01,HIGH,0.0301280338325336,0.0120390600615328,0.0216184929536956,-0.0380356283100625,-0.0400356283100625
2026-06-04,2026-01-01,HIGH,0.0292624355169411,0.0120390600615328,0.0216184929536956,-0.0255298651252408,-0.027529865125240797
2026-06-05,2026-01-01,HIGH,0.0307627049415069,0.0120390600615328,0.0216184929536956,0.0161534578495707,0.014153457849570701
2026-06-08,2026-01-01,HIGH,0.0324487259971652,0.0120390600615328,0.0216184929536956,0.0167158308751229,0.014715830875122899
2026-06-09,2026-01-01,HIGH,0.033909633585867,0.0120390600615328,0.0216184929536956,0.0277102576567815,0.025710257656781497
2026-06-10,2026-01-01,HIGH,0.0341279210802943,0.0120390600615328,0.0216184929536956,0.0675675675675675,0.0655675675675675
2026-06-11,2026-01-01,HIGH,0.0324487259971652,0.0120390600615328,0.0216184929536956,0.0785961443400888,0.0765961443400888
2026-06-12,2026-01-01,HIGH,0.0307627049415069,0.0120390600615328,0.0216184929536956,0.1217088922006954,0.1197088922006954
2026-06-15,2026-01-01,HIGH,0.0307627049415069,0.0120390600615328,0.0216184929536956,0.0459381044487425,0.0439381044487425
2026-06-16,2026-01-01,HIGH,0.0307627049415069,0.0120390600615328,0.0216184929536956,0.0397350993377483,0.037735099337748296
2026-06-17,2026-01-01,HIGH,0.0307627049415069,0.0120390600615328,0.0216184929536956,0.0314111579934366,0.029411157993436597
2026-06-18,2026-01-01,HIGH,0.0301830456938319,0.0120390600615328,0.0216184929536956,-0.0513290559120074,-0.0533290559120074
2026-06-22,2026-01-01,HIGH,0.0307627049415069,0.0120390600615328,0.0216184929536956,-0.0837023914968999,-0.0857023914968999
2026-06-23,2026-01-01,HIGH,0.0326357866080564,0.0120390600615328,0.0216184929536956,-0.0351363846509475,-0.0371363846509475
2026-06-24,2026-01-01,HIGH,0.0307627049415069,0.0120390600615328,0.0216184929536956,-0.0923566878980891,-0.0943566878980891
2026-06-25,2026-01-01,HIGH,0.0307627049415069,0.0120390600615328,0.0216184929536956,-0.1254545454545456,-0.1274545454545456
2026-06-26,2026-01-01,HIGH,0.0320580865350986,0.0120390600615328,0.0216184929536956,-0.0463768115942028,-0.048376811594202804
2026-06-29,2026-01-01,HIGH,0.0343149816911855,0.0120390600615328,0.0216184929536956,-0.0763653939101014,-0.0783653939101014
2026-06-30,2026-01-01,HIGH,0.0320580865350986,0.0120390600615328,0.0216184929536956,-0.1106851940584571,-0.1126851940584571
2026-07-01,2026-07-01,HIGH,0.0320580865350986,0.0146762486377562,0.0261414665439432,-0.1012531328320802,-0.10325313283208021
2026-07-02,2026-07-01,HIGH,0.0343149816911855,0.0146762486377562,0.0261414665439432,-0.056133056133056,-0.058133056133056
2026-07-03,2026-07-01,HIGH,0.0343149816911855,0.0146762486377562,0.0261414665439432,-0.1018237082066869,-0.1038237082066869
2026-07-06,2026-07-01,HIGH,0.0351976871292806,0.0146762486377562,0.0261414665439432,-0.1130298273155415,-0.1150298273155415
2026-07-07,2026-07-01,HIGH,0.0351976871292806,0.0146762486377562,0.0261414665439432,-0.0630387931034482,-0.0650387931034482
2026-07-08,2026-07-01,HIGH,0.0358181778342081,0.0146762486377562,0.0261414665439432,-0.0658114891243725,-0.0678114891243725
2026-07-09,2026-07-01,HIGH,0.0370867434379923,0.0146762486377562,0.0261414665439432,-0.1079295154185021,-0.1099295154185021
2026-07-10,2026-07-01,HIGH,0.0388797009925056,0.0146762486377562,0.0261414665439432,-0.1071630005640157,-0.1091630005640157
2026-07-13,2026-07-01,HIGH,0.0396505388774111,0.0146762486377562,0.0261414665439432,-0.0772861356932153,-0.0792861356932153
2026-07-14,2026-07-01,HIGH,0.0398168338602039,0.0146762486377562,0.0261414665439432,-0.0770557791834388,-0.0790557791834388
2026-07-15,2026-07-01,HIGH,0.0396919866823975,0.0146762486377562,0.0261414665439432,-0.0573134328358209,-0.059313432835820905
2026-07-16,2026-07-01,HIGH,0.0396919866823975,0.0146762486377562,0.0261414665439432,0.0141975308641975,0.0121975308641975
2026-07-17,2026-07-01,HIGH,0.0399908692276569,0.0146762486377562,0.0261414665439432,-0.0012634238787112,-0.0032634238787112
2026-07-20,2026-07-01,HIGH,0.0404073248276146,0.0146762486377562,0.0261414665439432,0.0377237851662404,0.0357237851662404
2026-07-21,2026-07-01,HIGH,0.0404073248276146,0.0146762486377562,0.0261414665439432,-0.021183800623053,-0.023183800623053002
2026-07-22,2026-07-01,HIGH,0.0404073248276146,0.0146762486377562,0.0261414665439432,0.0056998100063332,0.0036998100063332
2026-07-23,2026-07-01,HIGH,0.0410948759714578,0.0146762486377562,0.0261414665439432,-0.0261716372489347,-0.0281716372489347
2026-07-24,2026-07-01,HIGH,0.0404073248276146,0.0146762486377562,0.0261414665439432,0.0088551549652118,0.0068551549652118
2026-07-27,2026-07-01,HIGH,0.0410948759714578,0.0146762486377562,0.0261414665439432,0.0018484288354898,-0.00015157116451020003
2026-07-28,2026-07-01,HIGH,0.0410948759714578,0.0146762486377562,0.0261414665439432,0.0439210693825589,0.0419210693825589
2026-07-29,2026-07-01,HIGH,0.0410948759714578,0.0146762486377562,0.0261414665439432,0.0516372795969772,0.049637279596977196
2026-07-30,2026-07-01,HIGH,0.0410948759714578,0.0146762486377562,0.0261414665439432,0.0462499999999999,0.0442499999999999
2026-07-31,2026-07-01,HIGH,0.0410948759714578,0.0146762486377562,0.0261414665439432,0.0746081504702194,0.0726081504702194
2026-08-03,2026-07-01,HIGH,0.0405508562144644,0.0146762486377562,0.0261414665439432,0.0418204182041821,0.0398204182041821
2026-08-04,2026-07-01,HIGH,0.0405508562144644,0.0146762486377562,0.0261414665439432,0.025609756097561,0.023609756097560997
2026-08-05,2026-07-01,HIGH,0.0397891031111648,0.0146762486377562,0.0261414665439432,0.0275449101796407,0.025544910179640702
2026-08-06,2026-07-01,HIGH,0.0388716771571466,0.0146762486377562,0.0261414665439432,0.010752688172043,0.008752688172043
2026-08-07,2026-07-01,HIGH,0.0378500023605979,0.0146762486377562,0.0261414665439432,0.0023337222870478,0.00033372228704779986
2026-08-10,2026-07-01,HIGH,0.03629491077463,0.0146762486377562,0.0261414665439432,0.038370720188902,0.036370720188902
2026-08-11,2026-07-01,HIGH,0.0348987846888666,0.0146762486377562,0.0261414665439432,0.0237812128418548,0.021781212841854802
2026-08-12,2026-07-01,HIGH,0.032800814179274,0.0146762486377562,0.0261414665439432,-0.0273892773892773,-0.029389277389277303
2026-08-13,2026-07-01,HIGH,0.0305364838439369,0.0146762486377562,0.0261414665439432,-0.0171394799054372,-0.0191394799054372
2026-08-14,2026-07-01,HIGH,0.0296249158807444,0.0146762486377562,0.0261414665439432,-0.0209545983701979,-0.0229545983701979
2026-08-17,2026-07-01,HIGH,0.0283673197441259,0.0146762486377562,0.0261414665439432,-0.0682205798749289,-0.0702205798749289
2026-08-18,2026-07-01,HIGH,0.0273662429046598,0.0146762486377562,0.0261414665439432,-0.0261324041811846,-0.028132404181184602
2026-08-19,2026-07-01,HIGH,0.0273662429046598,0.0146762486377562,0.0261414665439432,0.0053924505692031,0.0033924505692030996
2026-08-20,2026-07-01,HIGH,0.0265397783430983,0.0146762486377562,0.0261414665439432,0.0126277811184605,0.0106277811184605
2026-08-21,2026-07-01,HIGH,0.02623294748963,0.0146762486377562,0.0261414665439432,-0.0148632580261592,-0.0168632580261592
2026-08-24,2026-07-01,HIGH,0.02623294748963,0.0146762486377562,0.0261414665439432,0.0183038438071996,0.016303843807199597
2026-08-25,2026-07-01,HIGH,0.02623294748963,0.0146762486377562,0.0261414665439432,-0.0226595110316041,-0.024659511031604103
2026-08-26,2026-07-01,MID,0.0253500973620372,0.0146762486377562,0.0261414665439432,-0.0143027413587604,-0.0163027413587604
2026-08-27,2026-07-01,MID,0.0241116498647501,0.0146762486377562,0.0261414665439432,-0.0154394299287411,-0.0174394299287411
2026-08-28,2026-07-01,MID,0.02397925768896,0.0146762486377562,0.0261414665439432,-0.0012070006035003,-0.0032070006035003
2026-08-31,2026-07-01,MID,0.02397925768896,0.0146762486377562,0.0261414665439432,-0.0089874176153386,-0.0109874176153386
2026-09-01,2026-07-01,MID,0.023036038751706,0.0146762486377562,0.0261414665439432,0.0048810250152531,0.0028810250152530997
2026-09-02,2026-07-01,MID,0.0218518486600769,0.0146762486377562,0.0261414665439432,0.0078597339782346,0.0058597339782346
2026-09-03,2026-07-01,MID,0.0218518486600769,0.0146762486377562,0.0261414665439432,-0.0174909529553678,-0.019490952955367798
2026-09-04,2026-07-01,MID,0.0218518486600769,0.0146762486377562,0.0261414665439432,-0.0163141993957705,-0.018314199395770503
2026-09-07,2026-07-01,MID,0.0197138019062768,0.0146762486377562,0.0261414665439432,-0.0193470374848849,-0.021347037484884902
2026-09-08,2026-07-01,MID,0.0197138019062768,0.0146762486377562,0.0261414665439432,-0.0170006071645416,-0.0190006071645416
2026-09-09,2026-07-01,MID,0.0196755217515976,0.0146762486377562,0.0261414665439432,-0.0173965206958609,-0.019396520695860897
2026-09-10,2026-07-01,MID,0.0179864404608405,0.0146762486377562,0.0261414665439432,0.01841620626151,0.016416206261509997
2026-09-11,2026-07-01,MID,0.0189921839160554,0.0146762486377562,0.0261414665439432,0.0282555282555283,0.0262555282555283
2026-09-14,2026-07-01,MID,0.0170247570542759,0.0146762486377562,0.0261414665439432,0.0505548705302094,0.0485548705302094
2026-09-15,2026-07-01,MID,0.0170247570542759,0.0146762486377562,0.0261414665439432,0.0358245830759729,0.0338245830759729
2026-09-16,2026-07-01,MID,0.0170247570542759,0.0146762486377562,0.0261414665439432,0.0097680097680097,0.0077680097680097
2026-09-17,2026-07-01,MID,0.0169439346050324,0.0146762486377562,0.0261414665439432,-0.023508137432188,-0.025508137432188
