Factor,Target,Horizon,TestStart,TrainRows,TestRows,Status,BaseMse,ExtraMse,ExtraCoefficient,TrainLabelEnd
us_tech_5,return,5,2025-07-01,167,126,EVALUATED,0.0014889106789634208,0.0015034414930956395,-0.002264602218928063,2025-06-30
us_tech_5,return,5,2026-01-01,293,116,EVALUATED,0.002785682073002107,0.002778923882608837,0.0006354540004810584,2025-12-31
us_tech_5,return,5,2026-07-01,409,58,EVALUATED,0.0028647439190418586,0.0028974955746107565,0.0007518102981280913,2026-06-30
us_tech_5,return,10,2025-07-01,162,126,EVALUATED,0.003878257885025678,0.004003450604599181,-0.0060734001385567,2025-06-30
us_tech_5,return,10,2026-01-01,288,116,EVALUATED,0.006953256945204671,0.006937868352442863,0.0013288069831851389,2025-12-31
us_tech_5,return,10,2026-07-01,404,53,EVALUATED,0.0067756548109012705,0.006835574251324854,0.0006868332938323473,2026-06-30
us_tech_5,adverse,5,2025-07-01,167,126,EVALUATED,0.00037704968632258634,0.00037886300069063473,-0.0003628995353333705,2025-06-30
us_tech_5,adverse,5,2026-01-01,293,116,EVALUATED,0.0008369460060846227,0.0008275739357779806,0.0009551376138006983,2025-12-31
us_tech_5,adverse,5,2026-07-01,409,58,EVALUATED,0.0019758494078979455,0.002011469797322439,0.0009831394634134184,2026-06-30
us_tech_5,adverse,10,2025-07-01,162,126,EVALUATED,0.0009288412804251417,0.000950574012240774,-0.002055986949185951,2025-06-30
us_tech_5,adverse,10,2026-01-01,288,116,EVALUATED,0.002402342387077727,0.0023712400711664683,0.0013829110936467847,2025-12-31
us_tech_5,adverse,10,2026-07-01,404,53,EVALUATED,0.004932921267995664,0.005056264638210529,0.0017725043256683053,2026-06-30
shibor_change_5,return,5,2025-07-01,167,126,EVALUATED,0.0014889106789634208,0.0014997169225792572,-0.002661243087455587,2025-06-30
shibor_change_5,return,5,2026-01-01,293,116,EVALUATED,0.002785682073002107,0.002800220207267945,-0.0017829312603679448,2025-12-31
shibor_change_5,return,5,2026-07-01,409,58,EVALUATED,0.0028647439190418586,0.0028711326046050463,-0.0007727274676529902,2026-06-30
shibor_change_5,return,10,2025-07-01,162,126,EVALUATED,0.003878257885025678,0.0038812208839565984,0.001027571072757186,2025-06-30
shibor_change_5,return,10,2026-01-01,288,116,EVALUATED,0.006953256945204671,0.00695507872764612,-0.001051490391454438,2025-12-31
shibor_change_5,return,10,2026-07-01,404,53,EVALUATED,0.0067756548109012705,0.006790949059087671,-0.0010991394121006547,2026-06-30
shibor_change_5,adverse,5,2025-07-01,167,126,EVALUATED,0.00037704968632258634,0.0003710603554608517,-0.0010482887563467162,2025-06-30
shibor_change_5,adverse,5,2026-01-01,293,116,EVALUATED,0.0008369460060846227,0.0008399990895169207,-0.0014995501637040422,2025-12-31
shibor_change_5,adverse,5,2026-07-01,409,58,EVALUATED,0.0019758494078979455,0.0019761488178186544,-0.0013763300349584188,2026-06-30
shibor_change_5,adverse,10,2025-07-01,162,126,EVALUATED,0.0009288412804251417,0.0009295445494724227,7.256126895407604e-05,2025-06-30
shibor_change_5,adverse,10,2026-01-01,288,116,EVALUATED,0.002402342387077727,0.0024093334247520994,-0.0014050425029196085,2025-12-31
shibor_change_5,adverse,10,2026-07-01,404,53,EVALUATED,0.004932921267995664,0.004935485113753921,-0.0009898314695041006,2026-06-30
