factor,baseline,test_start,status,train_rows,test_rows,train_label_end,base_mse,extra_mse,extra_standardized_coefficient
tsfresh_return__maximum,B_TREND,2025-07-01,EVALUATED,161,126,2025-06-30,0.0041487644095159915,0.004093382331295067,0.007520693237036967
tsfresh_return__maximum,B_TREND,2026-01-01,EVALUATED,287,116,2025-12-31,0.006346116679897664,0.006039852779802741,0.00876935855630429
tsfresh_return__maximum,B_TREND,2026-07-01,EVALUATED,403,52,2026-06-30,0.006394376345221816,0.006166406771066523,0.0158942924099184
tsfresh_return__maximum,B_RANGE_SERIAL,2025-07-01,EVALUATED,161,126,2025-06-30,0.0041073056353759605,0.004077321911474353,0.0073146083055031005
tsfresh_return__maximum,B_RANGE_SERIAL,2026-01-01,EVALUATED,287,116,2025-12-31,0.006357679216009702,0.0061607528436096745,0.005581670968882532
tsfresh_return__maximum,B_RANGE_SERIAL,2026-07-01,EVALUATED,403,52,2026-06-30,0.006212243650761213,0.006168897673163417,0.015917081612151652
tsfresh_return__maximum,B_VOLUME_SERIAL,2025-07-01,EVALUATED,161,126,2025-06-30,0.003940212574759619,0.003941616917069436,0.011239841124825772
tsfresh_return__maximum,B_VOLUME_SERIAL,2026-01-01,EVALUATED,287,116,2025-12-31,0.0063828779537039035,0.006184966482027055,0.007474926421611914
tsfresh_return__maximum,B_VOLUME_SERIAL,2026-07-01,EVALUATED,403,52,2026-06-30,0.006081751894385558,0.006204079171961073,0.016033628171443975
tsfresh_return__maximum,B_BOTH_SERIAL,2025-07-01,EVALUATED,161,126,2025-06-30,0.003940966117184587,0.003973408530142302,0.01185449969487441
tsfresh_return__maximum,B_BOTH_SERIAL,2026-01-01,EVALUATED,287,116,2025-12-31,0.006385790476998735,0.00624479776437117,0.005014216210155005
tsfresh_return__maximum,B_BOTH_SERIAL,2026-07-01,EVALUATED,403,52,2026-06-30,0.006010007810511823,0.006203696177704846,0.016028954237134383
tsfresh_volume_change__autocorrelation__lag_1,B_MAX_RETURN,2025-07-01,EVALUATED,161,126,2025-06-30,0.004093382331295067,0.003941616917069436,0.01055618896802376
tsfresh_volume_change__autocorrelation__lag_1,B_MAX_RETURN,2026-01-01,EVALUATED,287,116,2025-12-31,0.006039852779802741,0.006184966482027054,0.007921140229892385
tsfresh_volume_change__autocorrelation__lag_1,B_MAX_RETURN,2026-07-01,EVALUATED,403,52,2026-06-30,0.006166406771066523,0.006204079171961073,-0.00039042863568679813
