trial,cagr,drawdown,closed_trades,sessions,frequency,buyhold_cagr,buyhold_drawdown,return_pass,drawdown_pass,frequency_pass,qualified,tail_weight,spx_weight,entry,exit,max_days,lookback,premium,experiment,reference,parameter_key,account_key,end_equity,prior_parameter,fees,orders,fills,duplicate_parameter_of,same_account_as,cagr_delta_T040,drawdown_improvement_T040,dominates_T040,cagr_delta_EX19T054,drawdown_improvement_EX19T054,dominates_EX19T054,axis,direction,scenario,fee,unfilled_orders,raw_account_key
40,0.4154489709858009,-0.07250951093439251,40,403.0,5.955334987593052,0.2677652073856076,-0.310919408097985,True,True,True,True,0.75,0.15,0.3,0.0,2,120,0.003,EX15,EX15T040,"{""entry"": 0.3, ""exit"": 0.0, ""lookback"": 120, ""max_days"": 2, ""premium"": 0.003, ""spx_weight"": 0.15, ""tail_weight"": 0.75}",c04b85e1294c78591596451c29ccd6eeb09b8ce2e42243ff49acfb77cdf11540,1743054.5945000001,False,,,,,,,,,,,,,,,,,
11,0.41706153047914296,-0.07242659828715625,40,403.0,5.955334987593052,0.2677652073856076,-0.310919408097985,True,True,True,True,0.75,0.15,0.3,0.0,2,120,0.004,EX23,EX23T011,"{""entry"": 0.3, ""exit"": 0.0, ""lookback"": 120, ""max_days"": 2, ""premium"": 0.004, ""spx_weight"": 0.15, ""tail_weight"": 0.75}",e1bf081e5ebc2ea526b1d4547116002ac1bcd4851f77fbed6d2dff9e33ec59ed,1746231.3604000008,False,112820.03959999999,96.0,94.0,-1.0,-1.0,0.0016125594933420473,8.291264723624125e-05,True,,,,,,,,,
51,0.40220891396468494,-0.08222112854693808,38,403.0,5.6575682382134,0.2677652073856076,-0.310919408097985,True,True,True,True,0.625,0.2,0.28,0.0,2,60,0.005,EX23,EX23T051,"{""entry"": 0.28, ""exit"": 0.0, ""lookback"": 60, ""max_days"": 2, ""premium"": 0.005, ""spx_weight"": 0.2, ""tail_weight"": 0.625}",46c98dbdaaf15a9d32a90f10d040e34b10eeba1ca71ff593dfee6f7d5dcc3ef2,1717053.5500000012,False,101609.45,83.0,82.0,-1.0,-1.0,-0.01324005702111597,-0.00971161761254559,False,,,,,,,,,
54,0.4268585090742474,-0.07235127587824985,40,403.0,5.955334987593052,0.2677652073856076,-0.310919408097985,True,True,True,True,0.575,0.05,0.335,0.025,2,130,0.005,EX23,EX23T054,"{""entry"": 0.335, ""exit"": 0.025, ""lookback"": 130, ""max_days"": 2, ""premium"": 0.005, ""spx_weight"": 0.05, ""tail_weight"": 0.575}",1eb01e03133a2859b1ab5ff819301f3de058f5efa8c5afd0006cf8f8765b74a6,1765578.0895000014,False,111688.2105,94.0,92.0,-1.0,-1.0,0.01140953808844647,0.00015823505614263877,True,,,,,,,,,
15,0.410650083923912,-0.07235132473435757,40,403.0,5.955334987593052,0.2677652073856076,-0.310919408097985,True,True,True,True,0.575,0.05,0.335,0.0,2,130,0.005,EX22,EX22T015,"{""entry"": 0.335, ""exit"": 0.0, ""lookback"": 130, ""max_days"": 2, ""premium"": 0.005, ""spx_weight"": 0.05, ""tail_weight"": 0.575}",80f8bbae1f9e5520eb7875fcb00649b2f0de3f90a4a287cbf56504d190fd5214,1733613.545700001,False,110257.75430000002,92.0,90.0,-1.0,-1.0,-0.004798887061888912,0.00015818620003492379,False,-0.01620842515033538,-4.8856107714989605e-08,False,,,,,,
2,0.47334286375491197,-0.07256534108773505,39,403.0,5.806451612903226,0.2677652073856076,-0.310919408097985,True,True,True,True,0.575,0.05,0.325,0.025,2,130,0.002,EX24,EX24T002,"{""entry"": 0.325, ""exit"": 0.025, ""lookback"": 130, ""max_days"": 2, ""premium"": 0.002, ""spx_weight"": 0.05, ""tail_weight"": 0.575}",bda5103bde499b8010829c486aea95b1a6c31f76c9d56e3e32b5113f58a52263,1858457.1143,False,112221.18569999999,98.0,92.0,-1.0,-1.0,0.057893892769111055,-5.58301533425537e-05,False,0.046484354680664586,-0.00021406520948519248,False,,,,,,
3,0.49806063332693906,-0.07250640712455592,40,403.0,5.955334987593052,0.2677652073856076,-0.310919408097985,True,True,True,True,0.575,0.05,0.325,0.025,2,130,0.003,EX24,EX24T003,"{""entry"": 0.325, ""exit"": 0.025, ""lookback"": 130, ""max_days"": 2, ""premium"": 0.003, ""spx_weight"": 0.05, ""tail_weight"": 0.575}",959072da1cd5c2d82130d62e2eace9d0028ac3600b0a4da8a6774e83f0082fa9,1908568.3496000015,False,116695.05040000001,100.0,96.0,-1.0,-1.0,0.08261166234113815,3.1038098365770983e-06,True,0.07120212425269168,-0.00015513124630606168,False,,,,,,
6,0.42116155736689453,-0.06159849060257927,39,403.0,5.806451612903226,0.2677652073856076,-0.310919408097985,True,True,True,True,0.575,0.05,0.325,0.175,2,130,0.002,EX24,EX24T006,"{""entry"": 0.325, ""exit"": 0.175, ""lookback"": 130, ""max_days"": 2, ""premium"": 0.002, ""spx_weight"": 0.05, ""tail_weight"": 0.575}",537fcbb1190816469b25cbbc353379b733a2225f4d9f9e4423f6072a0dbb71a1,1754318.2301000007,False,105887.8699,95.0,90.0,-1.0,-1.0,0.005712586381093621,0.010911020331813223,True,-0.005696951707352849,0.010752785275670584,False,,,,,,
7,0.4310672583807367,-0.06154830526516941,40,403.0,5.955334987593052,0.2677652073856076,-0.310919408097985,True,True,True,True,0.575,0.05,0.325,0.175,2,130,0.003,EX24,EX24T007,"{""entry"": 0.325, ""exit"": 0.175, ""lookback"": 130, ""max_days"": 2, ""premium"": 0.003, ""spx_weight"": 0.05, ""tail_weight"": 0.575}",7ca416c04d42bf43a8b25098e9b608cc6f469117e6a9ac68ca5c89a831a2e926,1773913.885200002,False,109054.71479999999,96.0,92.0,-1.0,-1.0,0.01561828739493576,0.010961205669223081,True,0.00420874930648929,0.010802970613080443,True,,,,,,
10,0.47334286375491197,-0.07256534108773505,39,403.0,5.806451612903226,0.2677652073856076,-0.310919408097985,True,True,True,True,0.575,0.05,0.33,0.025,2,130,0.002,EX24,EX24T010,"{""entry"": 0.33, ""exit"": 0.025, ""lookback"": 130, ""max_days"": 2, ""premium"": 0.002, ""spx_weight"": 0.05, ""tail_weight"": 0.575}",bda5103bde499b8010829c486aea95b1a6c31f76c9d56e3e32b5113f58a52263,1858457.1143,False,112221.18569999999,98.0,92.0,-1.0,2.0,0.057893892769111055,-5.58301533425537e-05,False,0.046484354680664586,-0.00021406520948519248,False,,,,,,
11,0.49806063332693906,-0.07250640712455592,40,403.0,5.955334987593052,0.2677652073856076,-0.310919408097985,True,True,True,True,0.575,0.05,0.33,0.025,2,130,0.003,EX24,EX24T011,"{""entry"": 0.33, ""exit"": 0.025, ""lookback"": 130, ""max_days"": 2, ""premium"": 0.003, ""spx_weight"": 0.05, ""tail_weight"": 0.575}",959072da1cd5c2d82130d62e2eace9d0028ac3600b0a4da8a6774e83f0082fa9,1908568.3496000015,False,116695.05040000001,100.0,96.0,-1.0,3.0,0.08261166234113815,3.1038098365770983e-06,True,0.07120212425269168,-0.00015513124630606168,False,,,,,,
14,0.42116155736689453,-0.06159849060257927,39,403.0,5.806451612903226,0.2677652073856076,-0.310919408097985,True,True,True,True,0.575,0.05,0.33,0.175,2,130,0.002,EX24,EX24T014,"{""entry"": 0.33, ""exit"": 0.175, ""lookback"": 130, ""max_days"": 2, ""premium"": 0.002, ""spx_weight"": 0.05, ""tail_weight"": 0.575}",537fcbb1190816469b25cbbc353379b733a2225f4d9f9e4423f6072a0dbb71a1,1754318.2301000007,False,105887.8699,95.0,90.0,-1.0,6.0,0.005712586381093621,0.010911020331813223,True,-0.005696951707352849,0.010752785275670584,False,,,,,,
15,0.4310672583807367,-0.06154830526516941,40,403.0,5.955334987593052,0.2677652073856076,-0.310919408097985,True,True,True,True,0.575,0.05,0.33,0.175,2,130,0.003,EX24,EX24T015,"{""entry"": 0.33, ""exit"": 0.175, ""lookback"": 130, ""max_days"": 2, ""premium"": 0.003, ""spx_weight"": 0.05, ""tail_weight"": 0.575}",7ca416c04d42bf43a8b25098e9b608cc6f469117e6a9ac68ca5c89a831a2e926,1773913.885200002,False,109054.71479999999,96.0,92.0,-1.0,7.0,0.01561828739493576,0.010961205669223081,True,0.00420874930648929,0.010802970613080443,True,,,,,,
19,0.4135720019998106,-0.07250805477753697,38,403.0,5.6575682382134,0.2677652073856076,-0.310919408097985,True,True,True,True,0.575,0.05,0.335,0.025,2,130,0.003,EX24,EX24T019,"{""entry"": 0.335, ""exit"": 0.025, ""lookback"": 130, ""max_days"": 2, ""premium"": 0.003, ""spx_weight"": 0.05, ""tail_weight"": 0.575}",6a04113b9a1a67d8dc148be4c494a93a36c1468b2d0c2b7da2e10911f16f670b,1739359.668300002,False,104750.4317,94.0,90.0,-1.0,-1.0,-0.0018769689859903238,1.45615685552547e-06,False,-0.013286507074436793,-0.0001567788992871133,False,,,,,,
20,0.41278193526677076,-0.07242301248271366,39,403.0,5.806451612903226,0.2677652073856076,-0.310919408097985,True,True,True,True,0.575,0.05,0.335,0.025,2,130,0.004,EX24,EX24T020,"{""entry"": 0.335, ""exit"": 0.025, ""lookback"": 130, ""max_days"": 2, ""premium"": 0.004, ""spx_weight"": 0.05, ""tail_weight"": 0.575}",6b3babf53ef148d6750ed361ab37f947a50c7c5d9bbffb0b1af463a763b0d109,1737805.2532000002,False,107862.9468,95.0,92.0,-1.0,-1.0,-0.002667035719030153,8.649845167883752e-05,False,-0.014076573807476622,-7.173660446380126e-05,False,,,,,,
8,0.4738866228995984,-0.07252300637048703,40,403.0,5.955334987593052,0.2677652073856076,-0.310919408097985,True,True,True,True,0.575,0.05,0.32,0.025,2,130,0.0025,EX25,EX25T008,"{""entry"": 0.32, ""exit"": 0.025, ""lookback"": 130, ""max_days"": 2, ""premium"": 0.0025, ""spx_weight"": 0.05, ""tail_weight"": 0.575}",3b44543a2f5a9ef5068b9e9349b3305f2bb14da2a2ee99b02eabe01a177ddeae,1859554.1173000012,False,114422.18269999999,100.0,94.0,-1.0,-1.0,0.05843765191379746,-1.3495436094537738e-05,False,0.04702811382535099,-0.0001717304922371765,False,,,,,,
10,0.44152453663146796,-0.0725228591285898,40,403.0,5.955334987593052,0.2677652073856076,-0.310919408097985,True,True,True,True,0.575,0.05,0.32,0.1,2,130,0.0025,EX25,EX25T010,"{""entry"": 0.32, ""exit"": 0.1, ""lookback"": 130, ""max_days"": 2, ""premium"": 0.0025, ""spx_weight"": 0.05, ""tail_weight"": 0.575}",f29296d1498c2d44b68229c67dc22e9fa40c7988b6a653fcdd0b01c04ca7ec49,1794689.0507999992,False,111952.1492,99.0,94.0,-1.0,-1.0,0.026075565645667043,-1.3348194197307373e-05,False,0.014666027557220573,-0.00017158325033994615,False,,,,,,
12,0.42172043923695357,-0.06155922629808752,40,403.0,5.955334987593052,0.2677652073856076,-0.310919408097985,True,True,True,True,0.575,0.05,0.32,0.175,2,130,0.0025,EX25,EX25T012,"{""entry"": 0.32, ""exit"": 0.175, ""lookback"": 130, ""max_days"": 2, ""premium"": 0.0025, ""spx_weight"": 0.05, ""tail_weight"": 0.575}",1f1d1a8b9ef894a50ed0c783236a62928c6e0c90a6c45bf22ed0f6d014258795,1755421.6494999998,False,108025.4505,97.0,92.0,-1.0,-1.0,0.0062714682511526565,0.010950284636304972,True,-0.005138069837293813,0.010792049580162333,False,,,,,,
14,0.47047882514523165,-0.07252440152534889,39,403.0,5.806451612903226,0.2677652073856076,-0.310919408097985,True,True,True,True,0.575,0.05,0.325,0.025,2,130,0.0025,EX25,EX25T014,"{""entry"": 0.325, ""exit"": 0.025, ""lookback"": 130, ""max_days"": 2, ""premium"": 0.0025, ""spx_weight"": 0.05, ""tail_weight"": 0.575}",814f6379be0252ece1d394351de89fb40f5c4560d6c3872ef02592ed6813cd66,1852683.084500001,False,111964.8155,98.0,92.0,-1.0,-1.0,0.055029854159430736,-1.4890590956398442e-05,False,0.043620316070984266,-0.00017312564709903722,False,,,,,,
16,0.4381847802882093,-0.0725254111209741,39,403.0,5.806451612903226,0.2677652073856076,-0.310919408097985,True,True,True,True,0.575,0.05,0.325,0.1,2,130,0.0025,EX25,EX25T016,"{""entry"": 0.325, ""exit"": 0.1, ""lookback"": 130, ""max_days"": 2, ""premium"": 0.0025, ""spx_weight"": 0.05, ""tail_weight"": 0.575}",32f7e6ca965c4f1465230754e36aef72941f8317f21945465ae5970e4d4a0c8b,1788044.2065000003,False,109527.2935,97.0,92.0,-1.0,-1.0,0.022735809302408372,-1.590018658161052e-05,False,0.011326271213961903,-0.0001741352427242493,False,,,,,,
17,0.4509653844642496,-0.07250646569812602,40,403.0,5.955334987593052,0.2677652073856076,-0.310919408097985,True,True,True,True,0.575,0.05,0.325,0.1,2,130,0.003,EX25,EX25T017,"{""entry"": 0.325, ""exit"": 0.1, ""lookback"": 130, ""max_days"": 2, ""premium"": 0.003, ""spx_weight"": 0.05, ""tail_weight"": 0.575}",768e212f6d7b0cb84e768ff6b326da142d79b0f6e1f33d270749cda3b56ad103,1813522.6471000018,False,113107.65289999999,98.0,94.0,-1.0,-1.0,0.035516413478448694,3.045236266471796e-06,True,0.024106875390002225,-0.00015518981987616698,False,,,,,,
18,0.4184385560487076,-0.06156253741816464,39,403.0,5.806451612903226,0.2677652073856076,-0.310919408097985,True,True,True,True,0.575,0.05,0.325,0.175,2,130,0.0025,EX25,EX25T018,"{""entry"": 0.325, ""exit"": 0.175, ""lookback"": 130, ""max_days"": 2, ""premium"": 0.0025, ""spx_weight"": 0.05, ""tail_weight"": 0.575}",cb9d58d096908122a0e01f227cce816923ccfb1897440037917fb12ff009cca7,1748945.8363000008,False,105653.8637,95.0,90.0,-1.0,-1.0,0.0029895850629066967,0.01094697351622785,True,-0.008419953025539773,0.010788738460085212,False,,,,,,
20,0.47047882514523165,-0.07252440152534889,39,403.0,5.806451612903226,0.2677652073856076,-0.310919408097985,True,True,True,True,0.575,0.05,0.33,0.025,2,130,0.0025,EX25,EX25T020,"{""entry"": 0.33, ""exit"": 0.025, ""lookback"": 130, ""max_days"": 2, ""premium"": 0.0025, ""spx_weight"": 0.05, ""tail_weight"": 0.575}",814f6379be0252ece1d394351de89fb40f5c4560d6c3872ef02592ed6813cd66,1852683.084500001,False,111964.8155,98.0,92.0,-1.0,14.0,0.055029854159430736,-1.4890590956398442e-05,False,0.043620316070984266,-0.00017312564709903722,False,,,,,,
22,0.4381847802882093,-0.0725254111209741,39,403.0,5.806451612903226,0.2677652073856076,-0.310919408097985,True,True,True,True,0.575,0.05,0.33,0.1,2,130,0.0025,EX25,EX25T022,"{""entry"": 0.33, ""exit"": 0.1, ""lookback"": 130, ""max_days"": 2, ""premium"": 0.0025, ""spx_weight"": 0.05, ""tail_weight"": 0.575}",32f7e6ca965c4f1465230754e36aef72941f8317f21945465ae5970e4d4a0c8b,1788044.2065000003,False,109527.2935,97.0,92.0,-1.0,16.0,0.022735809302408372,-1.590018658161052e-05,False,0.011326271213961903,-0.0001741352427242493,False,,,,,,
23,0.4509653844642496,-0.07250646569812602,40,403.0,5.955334987593052,0.2677652073856076,-0.310919408097985,True,True,True,True,0.575,0.05,0.33,0.1,2,130,0.003,EX25,EX25T023,"{""entry"": 0.33, ""exit"": 0.1, ""lookback"": 130, ""max_days"": 2, ""premium"": 0.003, ""spx_weight"": 0.05, ""tail_weight"": 0.575}",768e212f6d7b0cb84e768ff6b326da142d79b0f6e1f33d270749cda3b56ad103,1813522.6471000018,False,113107.65289999999,98.0,94.0,-1.0,17.0,0.035516413478448694,3.045236266471796e-06,True,0.024106875390002225,-0.00015518981987616698,False,,,,,,
24,0.4184385560487076,-0.06156253741816464,39,403.0,5.806451612903226,0.2677652073856076,-0.310919408097985,True,True,True,True,0.575,0.05,0.33,0.175,2,130,0.0025,EX25,EX25T024,"{""entry"": 0.33, ""exit"": 0.175, ""lookback"": 130, ""max_days"": 2, ""premium"": 0.0025, ""spx_weight"": 0.05, ""tail_weight"": 0.575}",cb9d58d096908122a0e01f227cce816923ccfb1897440037917fb12ff009cca7,1748945.8363000008,False,105653.8637,95.0,90.0,-1.0,18.0,0.0029895850629066967,0.01094697351622785,True,-0.008419953025539773,0.010788738460085212,False,,,,,,
1,0.45710369307079146,-0.07252268134358619,40,,5.955334987593052,0.2677652073856076,-0.310919408097985,,,,True,0.55,0.05,0.325,0.025,2,130,0.0025,EX27,EX27T001,"{""entry"": 0.325, ""exit"": 0.025, ""lookback"": 130, ""max_days"": 2, ""premium"": 0.0025, ""spx_weight"": 0.05, ""tail_weight"": 0.55}",b787f5703df80032a6f1748488a333126a878c90fb02326475ddee2657ba5e88,1825807.4715000005,,,,,,,,,,,,,tail_weight,-1.0,standard,0.001,6.0,b787f5703df80032a6f1748488a333126a878c90fb02326475ddee2657ba5e88
2,0.41195801292709566,-0.07252490695718805,38,,5.6575682382134,0.2677652073856076,-0.310919408097985,,,,True,0.575,0.075,0.325,0.025,2,130,0.0025,EX27,EX27T002,"{""entry"": 0.325, ""exit"": 0.025, ""lookback"": 130, ""max_days"": 2, ""premium"": 0.0025, ""spx_weight"": 0.075, ""tail_weight"": 0.575}",e2724ad37d1927700056ac5ad8ffdc3334e989572e4922ac412a75511c1b77b4,1736184.7836999996,,,,,,,,,,,,,spx_weight,1.0,standard,0.001,6.0,e2724ad37d1927700056ac5ad8ffdc3334e989572e4922ac412a75511c1b77b4
3,0.432052505187827,-0.07252285561505534,39,,5.806451612903226,0.2677652073856076,-0.310919408097985,,,,True,0.575,0.05,0.325,0.025,2,140,0.0025,EX27,EX27T003,"{""entry"": 0.325, ""exit"": 0.025, ""lookback"": 140, ""max_days"": 2, ""premium"": 0.0025, ""spx_weight"": 0.05, ""tail_weight"": 0.575}",e5ba0863cb7563a39f2592914bf243d446c59abf0ce637b9eff6e6d59e6ee9aa,1775867.376999999,,,,,,,,,,,,,lookback,1.0,standard,0.001,6.0,e5ba0863cb7563a39f2592914bf243d446c59abf0ce637b9eff6e6d59e6ee9aa
4,0.4381847802882093,-0.0725254111209741,39,,5.806451612903226,0.2677652073856076,-0.310919408097985,,,,True,0.575,0.05,0.325,0.05,2,130,0.0025,EX27,EX27T004,"{""entry"": 0.325, ""exit"": 0.05, ""lookback"": 130, ""max_days"": 2, ""premium"": 0.0025, ""spx_weight"": 0.05, ""tail_weight"": 0.575}",32f7e6ca965c4f1465230754e36aef72941f8317f21945465ae5970e4d4a0c8b,1788044.2065000003,,,,,,,,,,,,,exit,1.0,standard,0.001,5.0,287d32649fec57830b80924c9bc1f9349f0d1da35e5f3080606874ffaa9d5502
5,0.40347956466447665,-0.07327741445601677,40,,5.955334987593052,0.2677652073856076,-0.310919408097985,,,,True,0.575,0.025,0.325,0.025,2,130,0.0025,EX27,EX27T005,"{""entry"": 0.325, ""exit"": 0.025, ""lookback"": 130, ""max_days"": 2, ""premium"": 0.0025, ""spx_weight"": 0.025, ""tail_weight"": 0.575}",0b6158b9dc7ed6ccbb1a8d7f8a1559863367457504fa323072f68b8946eaa29d,1719542.5201,,,,,,,,,,,,,spx_weight,-1.0,standard,0.001,6.0,0b6158b9dc7ed6ccbb1a8d7f8a1559863367457504fa323072f68b8946eaa29d
6,0.4365336591366591,-0.07252332855568899,39,,5.806451612903226,0.2677652073856076,-0.310919408097985,,,,True,0.6,0.05,0.325,0.025,2,130,0.0025,EX27,EX27T006,"{""entry"": 0.325, ""exit"": 0.025, ""lookback"": 130, ""max_days"": 2, ""premium"": 0.0025, ""spx_weight"": 0.05, ""tail_weight"": 0.6}",f15cce56854bfe0df008f4aa2bd48d3d28bde76c2ccb4951aa8783668337731d,1784762.5163000005,,,,,,,,,,,,,tail_weight,1.0,standard,0.001,6.0,f15cce56854bfe0df008f4aa2bd48d3d28bde76c2ccb4951aa8783668337731d
8,0.4537417961292467,-0.0725238816078162,39,,5.806451612903226,0.2677652073856076,-0.310919408097985,,,,True,0.575,0.05,0.325,0.0,2,130,0.0025,EX27,EX27T008,"{""entry"": 0.325, ""exit"": 0.0, ""lookback"": 130, ""max_days"": 2, ""premium"": 0.0025, ""spx_weight"": 0.05, ""tail_weight"": 0.575}",ab97efb01d732c983c23d00a05e227dd0272a3a78329437a7cfbf9660135b1a8,1819075.3333999992,,,,,,,,,,,,,exit,-1.0,standard,0.001,6.0,ab97efb01d732c983c23d00a05e227dd0272a3a78329437a7cfbf9660135b1a8
9,0.4300043659449446,-0.09888679865398875,39,,5.806451612903226,0.2677652073856076,-0.310919408097985,,,,True,0.575,0.05,0.325,0.025,3,130,0.0025,EX27,EX27T009,"{""entry"": 0.325, ""exit"": 0.025, ""lookback"": 130, ""max_days"": 3, ""premium"": 0.0025, ""spx_weight"": 0.05, ""tail_weight"": 0.575}",9048995a20d6e44b6bde710aa3d5ccdfb7eb27238a00c07f0f83ce6c40f52c12,1771807.3455000003,,,,,,,,,,,,,max_days,1.0,standard,0.001,6.0,9048995a20d6e44b6bde710aa3d5ccdfb7eb27238a00c07f0f83ce6c40f52c12
11,0.40723963633601534,-0.07252391788622836,38,,5.6575682382134,0.2677652073856076,-0.310919408097985,,,,True,0.575,0.05,0.325,0.025,2,120,0.0025,EX27,EX27T011,"{""entry"": 0.325, ""exit"": 0.025, ""lookback"": 120, ""max_days"": 2, ""premium"": 0.0025, ""spx_weight"": 0.05, ""tail_weight"": 0.575}",84cd603f95f3e6ee18617800ef16acd4dcd69dc0904009e90ec20fb0206d8507,1726915.7161999997,,,,,,,,,,,,,lookback,-1.0,standard,0.001,6.0,84cd603f95f3e6ee18617800ef16acd4dcd69dc0904009e90ec20fb0206d8507
