Date,Factor,TestStart,State,Value,TrainingQ25,TrainingQ75,Future
2025-07-01,basket_dispersion_5,2025-07-01,LOW,0.0295292822542025,0.0316272655908593,0.0438302100791291,-0.00554528650646946
2025-07-02,basket_dispersion_5,2025-07-01,MID,0.0326038338208458,0.0316272655908593,0.0438302100791291,-0.0073800738007380184
2025-07-03,basket_dispersion_5,2025-07-01,LOW,0.0303813512165597,0.0316272655908593,0.0438302100791291,-0.0073800738007380184
2025-07-04,basket_dispersion_5,2025-07-01,LOW,0.024164490338971,0.0316272655908593,0.0438302100791291,-0.0036900369003689537
2025-07-07,basket_dispersion_5,2025-07-01,LOW,0.0306242027173379,0.0316272655908593,0.0438302100791291,-0.006398537477148136
2025-07-08,basket_dispersion_5,2025-07-01,MID,0.0324331172148934,0.0316272655908593,0.0438302100791291,-0.015398550724637805
2025-07-09,basket_dispersion_5,2025-07-01,LOW,0.0308990298029557,0.0316272655908593,0.0438302100791291,-0.00911577028258892
2025-07-10,basket_dispersion_5,2025-07-01,MID,0.0332599796356494,0.0316272655908593,0.0438302100791291,-0.0045787545787546735
2025-07-11,basket_dispersion_5,2025-07-01,LOW,0.0262255289213888,0.0316272655908593,0.0438302100791291,0.0
2025-07-14,basket_dispersion_5,2025-07-01,LOW,0.0303648029444933,0.0316272655908593,0.0438302100791291,-0.0072202166064981865
2025-07-15,basket_dispersion_5,2025-07-01,HIGH,0.0449663540748565,0.0316272655908593,0.0438302100791291,-0.006323396567298967
2025-07-16,basket_dispersion_5,2025-07-01,MID,0.0403769809602333,0.0316272655908593,0.0438302100791291,-0.001814882032667886
2025-07-17,basket_dispersion_5,2025-07-01,MID,0.0419500639655068,0.0316272655908593,0.0438302100791291,-0.0072202166064981865
2025-07-18,basket_dispersion_5,2025-07-01,HIGH,0.0441581202269712,0.0316272655908593,0.0438302100791291,-0.024390243902438824
2025-07-21,basket_dispersion_5,2025-07-01,MID,0.0416190104185285,0.0316272655908593,0.0438302100791291,-0.020725388601036343
2025-07-22,basket_dispersion_5,2025-07-01,HIGH,0.0708964866517496,0.0316272655908593,0.0438302100791291,-0.05448449287510493
2025-07-23,basket_dispersion_5,2025-07-01,HIGH,0.0583952897854298,0.0316272655908593,0.0438302100791291,-0.010526315789473717
2025-07-24,basket_dispersion_5,2025-07-01,HIGH,0.0555131615242027,0.0316272655908593,0.0438302100791291,-0.02441150828247607
2025-07-25,basket_dispersion_5,2025-07-01,MID,0.0431075811404545,0.0316272655908593,0.0438302100791291,-0.0236634531113058
2025-07-28,basket_dispersion_5,2025-07-01,MID,0.0351538038791547,0.0316272655908593,0.0438302100791291,-0.0236634531113058
2025-07-29,basket_dispersion_5,2025-07-01,MID,0.0381083510689213,0.0316272655908593,0.0438302100791291,-0.0236634531113058
2025-07-30,basket_dispersion_5,2025-07-01,MID,0.0335890136076301,0.0316272655908593,0.0438302100791291,-0.018502202643171706
2025-07-31,basket_dispersion_5,2025-07-01,MID,0.0318593415841244,0.0316272655908593,0.0438302100791291,0.0
2025-08-01,basket_dispersion_5,2025-07-01,LOW,0.0261967548382322,0.0316272655908593,0.0438302100791291,-0.0026857654431512445
2025-08-04,basket_dispersion_5,2025-07-01,LOW,0.0287041266599016,0.0316272655908593,0.0438302100791291,-0.001769911504424737
2025-08-05,basket_dispersion_5,2025-07-01,MID,0.0380928967988299,0.0316272655908593,0.0438302100791291,-0.0035180299032542273
2025-08-06,basket_dispersion_5,2025-07-01,HIGH,0.0459525607183499,0.0316272655908593,0.0438302100791291,-0.009615384615384581
2025-08-07,basket_dispersion_5,2025-07-01,MID,0.0367681557536627,0.0316272655908593,0.0438302100791291,-0.0008779631255487752
2025-08-08,basket_dispersion_5,2025-07-01,HIGH,0.0444491384738968,0.0316272655908593,0.0438302100791291,-0.0017256255392580355
2025-08-11,basket_dispersion_5,2025-07-01,MID,0.0416467975478369,0.0316272655908593,0.0438302100791291,-0.005159071367153878
2025-08-12,basket_dispersion_5,2025-07-01,MID,0.0392652273726472,0.0316272655908593,0.0438302100791291,-0.012798634812286602
2025-08-13,basket_dispersion_5,2025-07-01,MID,0.0433594132819026,0.0316272655908593,0.0438302100791291,-0.016992353440951624
2025-08-14,basket_dispersion_5,2025-07-01,HIGH,0.0444826169053404,0.0316272655908593,0.0438302100791291,-0.0008620689655171043
2025-08-15,basket_dispersion_5,2025-07-01,HIGH,0.0501126128998455,0.0316272655908593,0.0438302100791291,-0.011656952539550347
2025-08-18,basket_dispersion_5,2025-07-01,HIGH,0.0451010475728372,0.0316272655908593,0.0438302100791291,-0.01083333333333325
2025-08-19,basket_dispersion_5,2025-07-01,MID,0.042432464043055,0.0316272655908593,0.0438302100791291,-0.013300083125519557
2025-08-20,basket_dispersion_5,2025-07-01,MID,0.0338294008162998,0.0316272655908593,0.0438302100791291,-0.009975062344139696
2025-08-21,basket_dispersion_5,2025-07-01,MID,0.0321196933152504,0.0316272655908593,0.0438302100791291,-0.007499999999999951
2025-08-22,basket_dispersion_5,2025-07-01,LOW,0.0299709295361689,0.0316272655908593,0.0438302100791291,-0.0057995028997515075
2025-08-25,basket_dispersion_5,2025-07-01,MID,0.0367359671525083,0.0316272655908593,0.0438302100791291,-0.02676399026763998
2025-08-26,basket_dispersion_5,2025-07-01,MID,0.0345122396143647,0.0316272655908593,0.0438302100791291,-0.024390243902439046
2025-08-27,basket_dispersion_5,2025-07-01,HIGH,0.0467753339511801,0.0316272655908593,0.0438302100791291,-0.013168724279835398
2025-08-28,basket_dispersion_5,2025-07-01,HIGH,0.0591126968039976,0.0316272655908593,0.0438302100791291,-0.04393816110659077
2025-08-29,basket_dispersion_5,2025-07-01,HIGH,0.0522045599279431,0.0316272655908593,0.0438302100791291,-0.04315960912052108
2025-09-01,basket_dispersion_5,2025-07-01,HIGH,0.0570819201209732,0.0316272655908593,0.0438302100791291,-0.04935275080906143
2025-09-02,basket_dispersion_5,2025-07-01,HIGH,0.049102810829478,0.0316272655908593,0.0438302100791291,-0.028122415219189456
2025-09-03,basket_dispersion_5,2025-07-01,HIGH,0.0636374423315025,0.0316272655908593,0.0438302100791291,-0.022462562396006636
2025-09-04,basket_dispersion_5,2025-07-01,HIGH,0.0536813655304009,0.0316272655908593,0.0438302100791291,-0.00836120401337792
2025-09-05,basket_dispersion_5,2025-07-01,HIGH,0.0571038309018538,0.0316272655908593,0.0438302100791291,-0.011363636363636354
2025-09-08,basket_dispersion_5,2025-07-01,HIGH,0.0482120310946487,0.0316272655908593,0.0438302100791291,-0.02168674698795192
2025-09-09,basket_dispersion_5,2025-07-01,MID,0.0404518179001037,0.0316272655908593,0.0438302100791291,-0.018533440773569776
2025-09-10,basket_dispersion_5,2025-07-01,MID,0.0369617103857747,0.0316272655908593,0.0438302100791291,-0.012096774193548265
2025-09-11,basket_dispersion_5,2025-07-01,MID,0.0384414662930106,0.0316272655908593,0.0438302100791291,-0.04813664596273293
2025-09-12,basket_dispersion_5,2025-07-01,MID,0.0400193722038872,0.0316272655908593,0.0438302100791291,-0.022328548644338087
2025-09-15,basket_dispersion_5,2025-07-01,MID,0.0420630602297564,0.0316272655908593,0.0438302100791291,-0.019199999999999995
2025-09-16,basket_dispersion_5,2025-07-01,MID,0.041702995172897,0.0316272655908593,0.0438302100791291,-0.005613472333600766
2025-09-17,basket_dispersion_5,2025-07-01,HIGH,0.045691092734355,0.0316272655908593,0.0438302100791291,-0.00786163522012584
2025-09-18,basket_dispersion_5,2025-07-01,MID,0.0388993088426007,0.0316272655908593,0.0438302100791291,-0.007824726134585291
2025-09-19,basket_dispersion_5,2025-07-01,HIGH,0.0507377849493622,0.0316272655908593,0.0438302100791291,-0.017815646785437567
2025-09-22,basket_dispersion_5,2025-07-01,HIGH,0.0601290683843567,0.0316272655908593,0.0438302100791291,-0.018575851393188847
2025-09-23,basket_dispersion_5,2025-07-01,HIGH,0.0643940152967959,0.0316272655908593,0.0438302100791291,-0.010038610038609952
2025-09-24,basket_dispersion_5,2025-07-01,HIGH,0.0610685959628516,0.0316272655908593,0.0438302100791291,-0.004587155963302725
2025-09-25,basket_dispersion_5,2025-07-01,HIGH,0.0463082628133362,0.0316272655908593,0.0438302100791291,-0.014383043149129415
2025-09-26,basket_dispersion_5,2025-07-01,HIGH,0.0484124509326166,0.0316272655908593,0.0438302100791291,-0.006106870229007688
2025-09-29,basket_dispersion_5,2025-07-01,HIGH,0.0534988914020519,0.0316272655908593,0.0438302100791291,-0.0037565740045077956
2025-09-30,basket_dispersion_5,2025-07-01,HIGH,0.0557601781813903,0.0316272655908593,0.0438302100791291,-0.02606806661839245
2025-10-09,basket_dispersion_5,2025-07-01,HIGH,0.0693884757141899,0.0316272655908593,0.0438302100791291,-0.04133998574483255
2025-10-10,basket_dispersion_5,2025-07-01,HIGH,0.0674013050516108,0.0316272655908593,0.0438302100791291,-0.040550325850832736
2025-10-13,basket_dispersion_5,2025-07-01,HIGH,0.0697484153840961,0.0316272655908593,0.0438302100791291,-0.04607631389488842
2025-10-14,basket_dispersion_5,2025-07-01,HIGH,0.0779323507793255,0.0316272655908593,0.0438302100791291,-0.03214024835646456
2025-10-15,basket_dispersion_5,2025-07-01,HIGH,0.0791223296846402,0.0316272655908593,0.0438302100791291,-0.0682137834036568
2025-10-16,basket_dispersion_5,2025-07-01,HIGH,0.089421028354143,0.0316272655908593,0.0438302100791291,-0.05025125628140703
2025-10-17,basket_dispersion_5,2025-07-01,HIGH,0.0533198417086923,0.0316272655908593,0.0438302100791291,-0.011949215832711024
2025-10-20,basket_dispersion_5,2025-07-01,HIGH,0.0554801981492105,0.0316272655908593,0.0438302100791291,-0.023616236162361637
2025-10-21,basket_dispersion_5,2025-07-01,HIGH,0.0667727911406917,0.0316272655908593,0.0438302100791291,-0.03781818181818186
2025-10-22,basket_dispersion_5,2025-07-01,HIGH,0.0485578608883274,0.0316272655908593,0.0438302100791291,-0.017087667161961417
2025-10-23,basket_dispersion_5,2025-07-01,HIGH,0.0460825324555129,0.0316272655908593,0.0438302100791291,-0.0014727540500736325
2025-10-24,basket_dispersion_5,2025-07-01,MID,0.0432135252361839,0.0316272655908593,0.0438302100791291,-0.010760401721664259
2025-10-27,basket_dispersion_5,2025-07-01,MID,0.0331268139208823,0.0316272655908593,0.0438302100791291,-0.009339080459770055
2025-10-28,basket_dispersion_5,2025-07-01,MID,0.0338845363734499,0.0316272655908593,0.0438302100791291,-0.0007225433526010239
2025-10-29,basket_dispersion_5,2025-07-01,HIGH,0.0566327975359732,0.0316272655908593,0.0438302100791291,-0.03490759753593442
2025-10-30,basket_dispersion_5,2025-07-01,HIGH,0.0633369267180016,0.0316272655908593,0.0438302100791291,-0.013986013986013957
2025-10-31,basket_dispersion_5,2025-07-01,HIGH,0.051522765882588,0.0316272655908593,0.0438302100791291,-0.007741027445461013
2025-11-03,basket_dispersion_5,2025-07-01,HIGH,0.0585948162710626,0.0316272655908593,0.0438302100791291,-0.032258064516129115
2025-11-04,basket_dispersion_5,2025-07-01,HIGH,0.0670715667645767,0.0316272655908593,0.0438302100791291,-0.002123142250530896
2025-11-05,basket_dispersion_5,2025-07-01,HIGH,0.0746792601954947,0.0316272655908593,0.0438302100791291,-0.03446033810143034
2025-11-06,basket_dispersion_5,2025-07-01,HIGH,0.0855095966092231,0.0316272655908593,0.0438302100791291,-0.04193548387096768
2025-11-07,basket_dispersion_5,2025-07-01,HIGH,0.1195410816430193,0.0316272655908593,0.0438302100791291,-0.05953134895503476
2025-11-10,basket_dispersion_5,2025-07-01,HIGH,0.0952659054756372,0.0316272655908593,0.0438302100791291,-0.07052096569250321
2025-11-11,basket_dispersion_5,2025-07-01,HIGH,0.0783734732460792,0.0316272655908593,0.0438302100791291,-0.05577427821522307
2025-11-12,basket_dispersion_5,2025-07-01,HIGH,0.0546532757302299,0.0316272655908593,0.0438302100791291,-0.053820598006644516
2025-11-13,basket_dispersion_5,2025-07-01,HIGH,0.0477067196475699,0.0316272655908593,0.0438302100791291,-0.05514950166112953
2025-11-14,basket_dispersion_5,2025-07-01,HIGH,0.0503285019846785,0.0316272655908593,0.0438302100791291,-0.08457374830852504
2025-11-17,basket_dispersion_5,2025-07-01,MID,0.0421599829917483,0.0316272655908593,0.0438302100791291,-0.08418194161575021
2025-11-18,basket_dispersion_5,2025-07-01,HIGH,0.044228982875509,0.0316272655908593,0.0438302100791291,-0.06708160442600275
2025-11-19,basket_dispersion_5,2025-07-01,MID,0.0341268220814778,0.0316272655908593,0.0438302100791291,-0.06901311249137343
2025-11-20,basket_dispersion_5,2025-07-01,MID,0.0337786782686537,0.0316272655908593,0.0438302100791291,-0.03505007153075823
2025-11-21,basket_dispersion_5,2025-07-01,MID,0.0338481795247761,0.0316272655908593,0.0438302100791291,-0.002956393200295615
2025-11-24,basket_dispersion_5,2025-07-01,MID,0.0341177111605405,0.0316272655908593,0.0438302100791291,-0.005094614264919972
2025-11-25,basket_dispersion_5,2025-07-01,MID,0.0386269713536384,0.0316272655908593,0.0438302100791291,-0.015838732901367947
2025-11-26,basket_dispersion_5,2025-07-01,MID,0.0394933794384888,0.0316272655908593,0.0438302100791291,-0.007982583454281489
2025-11-27,basket_dispersion_5,2025-07-01,MID,0.032524787707827,0.0316272655908593,0.0438302100791291,-0.0029175784099197966
2025-11-28,basket_dispersion_5,2025-07-01,MID,0.0371372597630376,0.0316272655908593,0.0438302100791291,-0.011428571428571455
2025-12-01,basket_dispersion_5,2025-07-01,MID,0.0349308441078662,0.0316272655908593,0.0438302100791291,-0.018439716312056764
2025-12-02,basket_dispersion_5,2025-07-01,LOW,0.0254057181201531,0.0316272655908593,0.0438302100791291,-0.008595988538681931
2025-12-03,basket_dispersion_5,2025-07-01,LOW,0.0271894338132777,0.0316272655908593,0.0438302100791291,-0.005747126436781658
2025-12-04,basket_dispersion_5,2025-07-01,LOW,0.0287328796297258,0.0316272655908593,0.0438302100791291,-0.0028694404591105283
2025-12-05,basket_dispersion_5,2025-07-01,MID,0.037140769305771,0.0316272655908593,0.0438302100791291,-0.02006920415224922
2025-12-08,basket_dispersion_5,2025-07-01,MID,0.0325484288595247,0.0316272655908593,0.0438302100791291,-0.013927576601671321
2025-12-09,basket_dispersion_5,2025-07-01,MID,0.033272908606037,0.0316272655908593,0.0438302100791291,-0.01324041811846699
2025-12-10,basket_dispersion_5,2025-07-01,MID,0.0334598172572989,0.0316272655908593,0.0438302100791291,-0.019430950728660634
2025-12-11,basket_dispersion_5,2025-07-01,MID,0.0340128536437678,0.0316272655908593,0.0438302100791291,-0.015331010452961702
2025-12-12,basket_dispersion_5,2025-07-01,HIGH,0.0509439313312658,0.0316272655908593,0.0438302100791291,-0.04591492234976369
2025-12-15,basket_dispersion_5,2025-07-01,HIGH,0.049054911455178,0.0316272655908593,0.0438302100791291,-0.03549488054607508
2025-12-16,basket_dispersion_5,2025-07-01,HIGH,0.0557479747781737,0.0316272655908593,0.0438302100791291,-0.008421052631578996
2025-12-17,basket_dispersion_5,2025-07-01,HIGH,0.0568341675941204,0.0316272655908593,0.0438302100791291,-0.005555555555555536
2025-12-18,basket_dispersion_5,2025-07-01,HIGH,0.0550673478091251,0.0316272655908593,0.0438302100791291,-0.002777777777777768
2025-12-19,basket_dispersion_5,2025-07-01,HIGH,0.0555735565832662,0.0316272655908593,0.0438302100791291,-0.002734107997265922
2025-12-22,basket_dispersion_5,2025-07-01,HIGH,0.0759421379613966,0.0316272655908593,0.0438302100791291,-0.008075370121130576
2025-12-23,basket_dispersion_5,2025-07-01,HIGH,0.0811022432629929,0.0316272655908593,0.0438302100791291,-0.012040133779264273
2025-12-24,basket_dispersion_5,2025-07-01,HIGH,0.0654379009679089,0.0316272655908593,0.0438302100791291,-0.021220159151193685
2025-12-25,basket_dispersion_5,2025-07-01,HIGH,0.0540109050810312,0.0316272655908593,0.0438302100791291,-0.028308097432521384
2025-12-26,basket_dispersion_5,2025-07-01,HIGH,0.0538903077469459,0.0316272655908593,0.0438302100791291,-0.030223390275952666
2025-12-29,basket_dispersion_5,2025-07-01,HIGH,0.0446592358117884,0.0316272655908593,0.0438302100791291,-0.010060362173038295
2025-12-30,basket_dispersion_5,2025-07-01,HIGH,0.0465238867775181,0.0316272655908593,0.0438302100791291,-0.011386470194239884
2025-12-31,basket_dispersion_5,2025-07-01,HIGH,0.0441548111673014,0.0316272655908593,0.0438302100791291,-0.0013404825737265424
2026-01-05,basket_dispersion_5,2026-01-01,MID,0.0328114950206784,0.0327884944418874,0.04838556275365165,-0.0026560424966799445
2026-01-06,basket_dispersion_5,2026-01-01,MID,0.0428668510970668,0.0327884944418874,0.04838556275365165,-0.0045931758530184386
2026-01-07,basket_dispersion_5,2026-01-01,MID,0.0468816258543889,0.0327884944418874,0.04838556275365165,-0.016774193548387162
2026-01-08,basket_dispersion_5,2026-01-01,HIGH,0.0559603849312296,0.0327884944418874,0.04838556275365165,0.0
2026-01-09,basket_dispersion_5,2026-01-01,HIGH,0.0563212021886501,0.0327884944418874,0.04838556275365165,-0.025753768844221203
2026-01-12,basket_dispersion_5,2026-01-01,HIGH,0.0559984513401458,0.0327884944418874,0.04838556275365165,-0.025753768844221203
2026-01-13,basket_dispersion_5,2026-01-01,HIGH,0.0689545994421389,0.0327884944418874,0.04838556275365165,-0.033816425120772875
2026-01-14,basket_dispersion_5,2026-01-01,HIGH,0.0537624578582167,0.0327884944418874,0.04838556275365165,-0.00497512437810943
2026-01-15,basket_dispersion_5,2026-01-01,HIGH,0.0765154711383201,0.0327884944418874,0.04838556275365165,-0.032110091743119296
2026-01-16,basket_dispersion_5,2026-01-01,HIGH,0.0662072110566952,0.0327884944418874,0.04838556275365165,-0.0011820330969266601
2026-01-19,basket_dispersion_5,2026-01-01,HIGH,0.0970656268557796,0.0327884944418874,0.04838556275365165,-0.04340659340659336
2026-01-20,basket_dispersion_5,2026-01-01,HIGH,0.0784566750980276,0.0327884944418874,0.04838556275365165,-0.027226318774815517
2026-01-21,basket_dispersion_5,2026-01-01,HIGH,0.0750109060858989,0.0327884944418874,0.04838556275365165,-0.03597526700393472
2026-01-22,basket_dispersion_5,2026-01-01,HIGH,0.0640440571593615,0.0327884944418874,0.04838556275365165,-0.025568181818181768
2026-01-23,basket_dispersion_5,2026-01-01,HIGH,0.0514846157845102,0.0327884944418874,0.04838556275365165,-0.06429780033840937
2026-01-26,basket_dispersion_5,2026-01-01,HIGH,0.0687728055304044,0.0327884944418874,0.04838556275365165,-0.06429780033840937
2026-01-27,basket_dispersion_5,2026-01-01,HIGH,0.0666048857156595,0.0327884944418874,0.04838556275365165,-0.062182023742227144
2026-01-28,basket_dispersion_5,2026-01-01,HIGH,0.0694220448716313,0.0327884944418874,0.04838556275365165,-0.06005665722379594
2026-01-29,basket_dispersion_5,2026-01-01,HIGH,0.066476078584239,0.0327884944418874,0.04838556275365165,-0.030957943925233655
2026-01-30,basket_dispersion_5,2026-01-01,HIGH,0.0816509628559664,0.0327884944418874,0.04838556275365165,-0.03240477544059117
2026-02-02,basket_dispersion_5,2026-01-01,HIGH,0.0502481919367656,0.0327884944418874,0.04838556275365165,-0.02742857142857147
2026-02-03,basket_dispersion_5,2026-01-01,HIGH,0.052887737345675,0.0327884944418874,0.04838556275365165,-0.05654101995565419
2026-02-04,basket_dispersion_5,2026-01-01,HIGH,0.0491499556322068,0.0327884944418874,0.04838556275365165,-0.05128205128205132
2026-02-05,basket_dispersion_5,2026-01-01,MID,0.0483805275256932,0.0327884944418874,0.04838556275365165,-0.0029291154071471315
2026-02-06,basket_dispersion_5,2026-01-01,HIGH,0.0513230420619464,0.0327884944418874,0.04838556275365165,-0.010204081632653073
2026-02-09,basket_dispersion_5,2026-01-01,HIGH,0.0501868019522793,0.0327884944418874,0.04838556275365165,-0.010044642857142905
2026-02-10,basket_dispersion_5,2026-01-01,HIGH,0.0541104944040521,0.0327884944418874,0.04838556275365165,-0.0022222222222222365
2026-02-11,basket_dispersion_5,2026-01-01,HIGH,0.0547866206873737,0.0327884944418874,0.04838556275365165,-0.007692307692307665
2026-02-12,basket_dispersion_5,2026-01-01,HIGH,0.0610736143546046,0.0327884944418874,0.04838556275365165,-0.01406926406926412
2026-02-13,basket_dispersion_5,2026-01-01,HIGH,0.0498129489636033,0.0327884944418874,0.04838556275365165,-0.003225806451612856
2026-02-24,basket_dispersion_5,2026-01-01,MID,0.0471973609450558,0.0327884944418874,0.04838556275365165,-0.009443861490031513
2026-02-25,basket_dispersion_5,2026-01-01,HIGH,0.0533640084695675,0.0327884944418874,0.04838556275365165,-0.015625
2026-02-26,basket_dispersion_5,2026-01-01,HIGH,0.0566495817249305,0.0327884944418874,0.04838556275365165,-0.03176229508196726
2026-02-27,basket_dispersion_5,2026-01-01,HIGH,0.063130383774861,0.0327884944418874,0.04838556275365165,-0.028277634961439646
2026-03-02,basket_dispersion_5,2026-01-01,HIGH,0.0784762822669765,0.0327884944418874,0.04838556275365165,-0.058295964125560595
2026-03-03,basket_dispersion_5,2026-01-01,HIGH,0.064486004889869,0.0327884944418874,0.04838556275365165,-0.0005288207297726721
2026-03-04,basket_dispersion_5,2026-01-01,HIGH,0.074329065542903,0.0327884944418874,0.04838556275365165,-0.0004952947003469266
2026-03-05,basket_dispersion_5,2026-01-01,HIGH,0.0632272891381469,0.0327884944418874,0.04838556275365165,-0.02174963750604153
2026-03-06,basket_dispersion_5,2026-01-01,HIGH,0.0682620491393736,0.0327884944418874,0.04838556275365165,-0.011787819253438081
2026-03-09,basket_dispersion_5,2026-01-01,HIGH,0.0896087632338475,0.0327884944418874,0.04838556275365165,-0.07739791073124402
2026-03-10,basket_dispersion_5,2026-01-01,HIGH,0.0795555679166417,0.0327884944418874,0.04838556275365165,-0.09971644612476371
2026-03-11,basket_dispersion_5,2026-01-01,HIGH,0.0734487055986258,0.0327884944418874,0.04838556275365165,-0.09247724005749891
2026-03-12,basket_dispersion_5,2026-01-01,HIGH,0.0794961857054692,0.0327884944418874,0.04838556275365165,-0.09390125847047426
2026-03-13,basket_dispersion_5,2026-01-01,HIGH,0.0672028077775215,0.0327884944418874,0.04838556275365165,-0.08105420188960721
2026-03-16,basket_dispersion_5,2026-01-01,HIGH,0.0621442135374747,0.0327884944418874,0.04838556275365165,-0.09412955465587036
2026-03-17,basket_dispersion_5,2026-01-01,MID,0.0416994358163552,0.0327884944418874,0.04838556275365165,-0.06394129979035634
2026-03-18,basket_dispersion_5,2026-01-01,MID,0.0444041265353193,0.0327884944418874,0.04838556275365165,-0.06295907660020983
2026-03-19,basket_dispersion_5,2026-01-01,HIGH,0.0486192137399184,0.0327884944418874,0.04838556275365165,-0.05302226935312826
2026-03-20,basket_dispersion_5,2026-01-01,MID,0.0425089060335082,0.0327884944418874,0.04838556275365165,-0.013259668508287303
2026-03-23,basket_dispersion_5,2026-01-01,MID,0.0455711884829234,0.0327884944418874,0.04838556275365165,-0.02934782608695652
2026-03-24,basket_dispersion_5,2026-01-01,MID,0.0434728738503864,0.0327884944418874,0.04838556275365165,-0.0234917245061399
2026-03-25,basket_dispersion_5,2026-01-01,MID,0.0471035341497852,0.0327884944418874,0.04838556275365165,-0.03888596952180767
2026-03-26,basket_dispersion_5,2026-01-01,HIGH,0.0497035423670742,0.0327884944418874,0.04838556275365165,-0.0038251366120218844
2026-03-27,basket_dispersion_5,2026-01-01,HIGH,0.0493800505815998,0.0327884944418874,0.04838556275365165,-0.014061654948620883
2026-03-30,basket_dispersion_5,2026-01-01,HIGH,0.0877202734961629,0.0327884944418874,0.04838556275365165,-0.036247334754797356
2026-03-31,basket_dispersion_5,2026-01-01,HIGH,0.0792125530403753,0.0327884944418874,0.04838556275365165,-0.03676078849227493
2026-04-01,basket_dispersion_5,2026-01-01,HIGH,0.0534231642734076,0.0327884944418874,0.04838556275365165,-0.027956989247311825
2026-04-02,basket_dispersion_5,2026-01-01,HIGH,0.0679885695078974,0.0327884944418874,0.04838556275365165,-0.015250544662309351
2026-04-03,basket_dispersion_5,2026-01-01,HIGH,0.0907176730294248,0.0327884944418874,0.04838556275365165,-0.014713896457765663
2026-04-07,basket_dispersion_5,2026-01-01,HIGH,0.0625121411651396,0.0327884944418874,0.04838556275365165,-0.013978494623655968
2026-04-08,basket_dispersion_5,2026-01-01,MID,0.0480536207400047,0.0327884944418874,0.04838556275365165,-0.024468085106382875
2026-04-09,basket_dispersion_5,2026-01-01,HIGH,0.0588263780046983,0.0327884944418874,0.04838556275365165,-0.03575184016824384
2026-04-10,basket_dispersion_5,2026-01-01,MID,0.0416816253260523,0.0327884944418874,0.04838556275365165,-0.018201284796573902
2026-04-13,basket_dispersion_5,2026-01-01,HIGH,0.0591359150853276,0.0327884944418874,0.04838556275365165,-0.009100642398287007
2026-04-14,basket_dispersion_5,2026-01-01,HIGH,0.0641911354322293,0.0327884944418874,0.04838556275365165,-0.011170212765957421
2026-04-15,basket_dispersion_5,2026-01-01,HIGH,0.0545233518027001,0.0327884944418874,0.04838556275365165,-0.02157894736842103
2026-04-16,basket_dispersion_5,2026-01-01,HIGH,0.0617258199004557,0.0327884944418874,0.04838556275365165,-0.008895866038723277
2026-04-17,basket_dispersion_5,2026-01-01,MID,0.0446777362319778,0.0327884944418874,0.04838556275365165,-0.00932642487046631
2026-04-20,basket_dispersion_5,2026-01-01,MID,0.045548969899673,0.0327884944418874,0.04838556275365165,-0.022267206477732837
2026-04-21,basket_dispersion_5,2026-01-01,HIGH,0.0528385214631326,0.0327884944418874,0.04838556275365165,-0.007179487179487132
2026-04-22,basket_dispersion_5,2026-01-01,HIGH,0.0952919867835425,0.0327884944418874,0.04838556275365165,-0.0493827160493826
2026-04-23,basket_dispersion_5,2026-01-01,HIGH,0.1001183656546113,0.0327884944418874,0.04838556275365165,-0.03701850925462735
2026-04-24,basket_dispersion_5,2026-01-01,HIGH,0.0882899189601708,0.0327884944418874,0.04838556275365165,-0.02432843385707051
2026-04-27,basket_dispersion_5,2026-01-01,HIGH,0.0823031732813842,0.0327884944418874,0.04838556275365165,-0.022346368715083775
2026-04-28,basket_dispersion_5,2026-01-01,HIGH,0.0753216498272792,0.0327884944418874,0.04838556275365165,-0.0041386445938954575
2026-04-29,basket_dispersion_5,2026-01-01,HIGH,0.0556692636147978,0.0327884944418874,0.04838556275365165,-0.01730279898218834
2026-04-30,basket_dispersion_5,2026-01-01,HIGH,0.0639722677304178,0.0327884944418874,0.04838556275365165,0.0
2026-05-06,basket_dispersion_5,2026-01-01,HIGH,0.0712742104540743,0.0327884944418874,0.04838556275365165,-0.012236906510034395
2026-05-07,basket_dispersion_5,2026-01-01,HIGH,0.0591193031973405,0.0327884944418874,0.04838556275365165,-0.0097181729834791
2026-05-08,basket_dispersion_5,2026-01-01,HIGH,0.0750014046203937,0.0327884944418874,0.04838556275365165,-0.03443328550932567
2026-05-11,basket_dispersion_5,2026-01-01,HIGH,0.0876445549553219,0.0327884944418874,0.04838556275365165,-0.03627684964200484
2026-05-12,basket_dispersion_5,2026-01-01,HIGH,0.1020858722895275,0.0327884944418874,0.04838556275365165,-0.048090523338047975
2026-05-13,basket_dispersion_5,2026-01-01,HIGH,0.0857351686040751,0.0327884944418874,0.04838556275365165,-0.08227272727272728
2026-05-14,basket_dispersion_5,2026-01-01,HIGH,0.0662462783174404,0.0327884944418874,0.04838556275365165,-0.03902903379343159
2026-05-15,basket_dispersion_5,2026-01-01,HIGH,0.0608298163312272,0.0327884944418874,0.04838556275365165,-0.002951303492375712
2026-05-18,basket_dispersion_5,2026-01-01,HIGH,0.0608923279640854,0.0327884944418874,0.04838556275365165,-0.023076923076923106
2026-05-19,basket_dispersion_5,2026-01-01,HIGH,0.0582018417233181,0.0327884944418874,0.04838556275365165,-0.05225988700564976
2026-05-20,basket_dispersion_5,2026-01-01,HIGH,0.0651561386666916,0.0327884944418874,0.04838556275365165,-0.06328524895300147
2026-05-21,basket_dispersion_5,2026-01-01,HIGH,0.0555372767938931,0.0327884944418874,0.04838556275365165,-0.014201762977472998
2026-05-22,basket_dispersion_5,2026-01-01,HIGH,0.0654230763576374,0.0327884944418874,0.04838556275365165,-0.0409718913768462
2026-05-25,basket_dispersion_5,2026-01-01,HIGH,0.0592782729530499,0.0327884944418874,0.04838556275365165,-0.03453237410071941
2026-05-26,basket_dispersion_5,2026-01-01,HIGH,0.0629786837450463,0.0327884944418874,0.04838556275365165,-0.01129111438389796
2026-05-27,basket_dispersion_5,2026-01-01,HIGH,0.0582523003737008,0.0327884944418874,0.04838556275365165,-0.01419481155163993
2026-05-28,basket_dispersion_5,2026-01-01,HIGH,0.0567606736727793,0.0327884944418874,0.04838556275365165,-0.032660902977905915
2026-05-29,basket_dispersion_5,2026-01-01,HIGH,0.0546063871072103,0.0327884944418874,0.04838556275365165,-0.02185526954832462
2026-06-01,basket_dispersion_5,2026-01-01,HIGH,0.0606292318897123,0.0327884944418874,0.04838556275365165,-0.03082191780821919
2026-06-02,basket_dispersion_5,2026-01-01,HIGH,0.0868312119174318,0.0327884944418874,0.04838556275365165,-0.05079060852898898
2026-06-03,basket_dispersion_5,2026-01-01,HIGH,0.122390894185407,0.0327884944418874,0.04838556275365165,-0.04622051035146835
2026-06-04,basket_dispersion_5,2026-01-01,HIGH,0.1494176624521317,0.0327884944418874,0.04838556275365165,-0.054431599229287086
2026-06-05,basket_dispersion_5,2026-01-01,HIGH,0.1117463569492673,0.0327884944418874,0.04838556275365165,-0.009086320040383677
2026-06-08,basket_dispersion_5,2026-01-01,HIGH,0.1535667359981271,0.0327884944418874,0.04838556275365165,-0.03490658800393298
2026-06-09,basket_dispersion_5,2026-01-01,HIGH,0.1411368970912767,0.0327884944418874,0.04838556275365165,-0.04569761789013116
2026-06-10,basket_dispersion_5,2026-01-01,HIGH,0.1087987511835998,0.0327884944418874,0.04838556275365165,-0.01751751751751751
2026-06-11,basket_dispersion_5,2026-01-01,HIGH,0.0712068934847418,0.0327884944418874,0.04838556275365165,-0.018289668808699977
2026-06-12,basket_dispersion_5,2026-01-01,HIGH,0.0619051804230377,0.0327884944418874,0.04838556275365165,-0.009438648782911008
2026-06-15,basket_dispersion_5,2026-01-01,HIGH,0.0543469403495069,0.0327884944418874,0.04838556275365165,-0.004835589941973084
2026-06-16,basket_dispersion_5,2026-01-01,HIGH,0.0581795152230363,0.0327884944418874,0.04838556275365165,-0.002838221381267658
2026-06-17,basket_dispersion_5,2026-01-01,HIGH,0.0562549910740273,0.0327884944418874,0.04838556275365165,-0.0018752930145334856
2026-06-18,basket_dispersion_5,2026-01-01,HIGH,0.0645097428735411,0.0327884944418874,0.04838556275365165,-0.04628780934922094
2026-06-22,basket_dispersion_5,2026-01-01,HIGH,0.0997912983860715,0.0327884944418874,0.04838556275365165,-0.10628875110717462
2026-06-23,basket_dispersion_5,2026-01-01,HIGH,0.0895176218860384,0.0327884944418874,0.04838556275365165,-0.067036523347203
2026-06-24,basket_dispersion_5,2026-01-01,HIGH,0.0780614427870524,0.0327884944418874,0.04838556275365165,-0.086442220200182
2026-06-25,basket_dispersion_5,2026-01-01,HIGH,0.090723024255662,0.0327884944418874,0.04838556275365165,-0.12090909090909097
2026-06-26,basket_dispersion_5,2026-01-01,HIGH,0.0662074145959242,0.0327884944418874,0.04838556275365165,-0.07053140096618349
2026-06-29,basket_dispersion_5,2026-01-01,HIGH,0.0548133139098191,0.0327884944418874,0.04838556275365165,-0.08023199613339771
2026-06-30,basket_dispersion_5,2026-01-01,HIGH,0.0491198333468324,0.0327884944418874,0.04838556275365165,-0.11308097747963597
2026-07-01,basket_dispersion_5,2026-07-01,HIGH,0.0634111981108266,0.0347632038741846,0.05780459206781825,-0.10175438596491226
2026-07-02,basket_dispersion_5,2026-07-01,HIGH,0.0930313748304318,0.0347632038741846,0.05780459206781825,-0.10343035343035334
2026-07-03,basket_dispersion_5,2026-07-01,HIGH,0.0940952690563066,0.0347632038741846,0.05780459206781825,-0.12613981762917925
2026-07-06,basket_dispersion_5,2026-07-01,HIGH,0.092951377635886,0.0347632038741846,0.05780459206781825,-0.11459968602825754
2026-07-07,basket_dispersion_5,2026-07-01,HIGH,0.0940901795530888,0.0347632038741846,0.05780459206781825,-0.10398706896551724
2026-07-08,basket_dispersion_5,2026-07-01,HIGH,0.0814351234919041,0.0347632038741846,0.05780459206781825,-0.0725041829336307
2026-07-09,basket_dispersion_5,2026-07-01,HIGH,0.0599856490621842,0.0347632038741846,0.05780459206781825,-0.10517621145374456
2026-07-10,basket_dispersion_5,2026-07-01,MID,0.0481246311383334,0.0347632038741846,0.05780459206781825,-0.1252115059221658
2026-07-13,basket_dispersion_5,2026-07-01,MID,0.0565100519286591,0.0347632038741846,0.05780459206781825,-0.09970501474926252
2026-07-14,basket_dispersion_5,2026-07-01,MID,0.048703033638025,0.0347632038741846,0.05780459206781825,-0.13686026451983913
2026-07-15,basket_dispersion_5,2026-07-01,MID,0.0534474360403924,0.0347632038741846,0.05780459206781825,-0.10388059701492547
2026-07-16,basket_dispersion_5,2026-07-01,HIGH,0.0881416355975107,0.0347632038741846,0.05780459206781825,-0.07345679012345696
2026-07-17,basket_dispersion_5,2026-07-01,HIGH,0.1022278423673171,0.0347632038741846,0.05780459206781825,-0.05180037902716361
2026-07-20,basket_dispersion_5,2026-07-01,HIGH,0.113266253068032,0.0347632038741846,0.05780459206781825,-0.04028132992327371
2026-07-21,basket_dispersion_5,2026-07-01,HIGH,0.1045032185410231,0.0347632038741846,0.05780459206781825,-0.023052959501557613
2026-07-22,basket_dispersion_5,2026-07-01,HIGH,0.1111114707026697,0.0347632038741846,0.05780459206781825,-0.015199493350221638
2026-07-23,basket_dispersion_5,2026-07-01,HIGH,0.1142858672724693,0.0347632038741846,0.05780459206781825,-0.060255629945222156
2026-07-24,basket_dispersion_5,2026-07-01,HIGH,0.0921154311995737,0.0347632038741846,0.05780459206781825,-0.02340290955091706
2026-07-27,basket_dispersion_5,2026-07-01,HIGH,0.0689200806725156,0.0347632038741846,0.05780459206781825,-0.04867529266789894
2026-07-28,basket_dispersion_5,2026-07-01,HIGH,0.0869914329360585,0.0347632038741846,0.05780459206781825,-0.017186505410566433
2026-07-29,basket_dispersion_5,2026-07-01,HIGH,0.087916833530702,0.0347632038741846,0.05780459206781825,-0.027707808564231717
2026-07-30,basket_dispersion_5,2026-07-01,HIGH,0.0827058179042083,0.0347632038741846,0.05780459206781825,-0.009375000000000022
2026-07-31,basket_dispersion_5,2026-07-01,HIGH,0.071995010273248,0.0347632038741846,0.05780459206781825,-0.004388714733542298
2026-08-03,basket_dispersion_5,2026-07-01,HIGH,0.0954994408782411,0.0347632038741846,0.05780459206781825,-0.009840098400983877
2026-08-04,basket_dispersion_5,2026-07-01,MID,0.0532942649166402,0.0347632038741846,0.05780459206781825,-0.008536585365853666
2026-08-05,basket_dispersion_5,2026-07-01,MID,0.0426800971335243,0.0347632038741846,0.05780459206781825,-0.010778443113772518
2026-08-06,basket_dispersion_5,2026-07-01,HIGH,0.0881019665102769,0.0347632038741846,0.05780459206781825,-0.01314217443249699
2026-08-07,basket_dispersion_5,2026-07-01,HIGH,0.1100024847981872,0.0347632038741846,0.05780459206781825,-0.022753792298716435
2026-08-10,basket_dispersion_5,2026-07-01,HIGH,0.120162526011872,0.0347632038741846,0.05780459206781825,-0.011216056670602104
2026-08-11,basket_dispersion_5,2026-07-01,HIGH,0.0887093824722977,0.0347632038741846,0.05780459206781825,0.0
2026-08-12,basket_dispersion_5,2026-07-01,HIGH,0.0601072546156827,0.0347632038741846,0.05780459206781825,-0.037296037296037365
2026-08-13,basket_dispersion_5,2026-07-01,LOW,0.0323136763715463,0.0347632038741846,0.05780459206781825,-0.023640661938534313
2026-08-14,basket_dispersion_5,2026-07-01,MID,0.037648361880363,0.0347632038741846,0.05780459206781825,-0.03958090803259606
2026-08-17,basket_dispersion_5,2026-07-01,MID,0.0535648515795806,0.0347632038741846,0.05780459206781825,-0.07333712336554865
2026-08-18,basket_dispersion_5,2026-07-01,HIGH,0.0616897320349392,0.0347632038741846,0.05780459206781825,-0.059233449477351874
2026-08-19,basket_dispersion_5,2026-07-01,MID,0.0363981694973898,0.0347632038741846,0.05780459206781825,-0.029358897543439122
2026-08-20,basket_dispersion_5,2026-07-01,MID,0.0523696968557712,0.0347632038741846,0.05780459206781825,-0.025856885147324093
2026-08-21,basket_dispersion_5,2026-07-01,MID,0.0402517774446517,0.0347632038741846,0.05780459206781825,-0.03686087990487508
2026-08-24,basket_dispersion_5,2026-07-01,MID,0.0391542319396878,0.0347632038741846,0.05780459206781825,-0.01159243441122626
2026-08-25,basket_dispersion_5,2026-07-01,MID,0.0355107571014697,0.0347632038741846,0.05780459206781825,-0.019081693500298202
2026-08-26,basket_dispersion_5,2026-07-01,MID,0.0573251776555662,0.0347632038741846,0.05780459206781825,-0.03218116805721083
2026-08-27,basket_dispersion_5,2026-07-01,HIGH,0.0804568662805573,0.0347632038741846,0.05780459206781825,-0.03562945368171011
2026-08-28,basket_dispersion_5,2026-07-01,HIGH,0.0849723656095813,0.0347632038741846,0.05780459206781825,-0.01991550995775493
2026-08-31,basket_dispersion_5,2026-07-01,HIGH,0.0954261318990487,0.0347632038741846,0.05780459206781825,-0.0269622528460155
2026-09-01,basket_dispersion_5,2026-07-01,HIGH,0.0658192545783898,0.0347632038741846,0.05780459206781825,-0.009151921903599702
2026-09-02,basket_dispersion_5,2026-07-01,HIGH,0.0663387364878891,0.0347632038741846,0.05780459206781825,-0.011487303506650504
2026-09-03,basket_dispersion_5,2026-07-01,MID,0.0569468303664073,0.0347632038741846,0.05780459206781825,-0.013872135102533156
2026-09-04,basket_dispersion_5,2026-07-01,MID,0.0496687641794655,0.0347632038741846,0.05780459206781825,-0.029003021148036323
2026-09-07,basket_dispersion_5,2026-07-01,MID,0.0358832292901207,0.0347632038741846,0.05780459206781825,-0.02841596130592494
2026-09-08,basket_dispersion_5,2026-07-01,MID,0.0487788016023002,0.0347632038741846,0.05780459206781825,-0.024286581663630846
2026-09-09,basket_dispersion_5,2026-07-01,MID,0.047950294261542,0.0347632038741846,0.05780459206781825,-0.03599280143971206
2026-09-10,basket_dispersion_5,2026-07-01,MID,0.0381958508642323,0.0347632038741846,0.05780459206781825,-0.013505217925107393
2026-09-11,basket_dispersion_5,2026-07-01,HIGH,0.0586005807532774,0.0347632038741846,0.05780459206781825,-0.011670761670761642
2026-09-14,basket_dispersion_5,2026-07-01,MID,0.0484739304110766,0.0347632038741846,0.05780459206781825,-0.00801479654747228
2026-09-15,basket_dispersion_5,2026-07-01,MID,0.0415490135024635,0.0347632038741846,0.05780459206781825,-0.0061766522544780544
2026-09-16,basket_dispersion_5,2026-07-01,MID,0.0474816386999906,0.0347632038741846,0.05780459206781825,-0.0024420024420024333
2026-09-17,basket_dispersion_5,2026-07-01,MID,0.0531262825205231,0.0347632038741846,0.05780459206781825,-0.01748040988547328
2026-09-18,basket_dispersion_5,2026-07-01,MID,0.0460287282856392,0.0347632038741846,0.05780459206781825,-0.07586618876941453
2025-07-01,basket_dispersion_relative_5,2025-07-01,MID,-0.09729903121824823,-0.17964973179514698,0.11981446931842488,-0.00554528650646946
2025-07-02,basket_dispersion_relative_5,2025-07-01,MID,0.0009396919449702335,-0.17964973179514698,0.11981446931842488,-0.0073800738007380184
2025-07-03,basket_dispersion_relative_5,2025-07-01,MID,-0.06675422130687203,-0.17964973179514698,0.11981446931842488,-0.0073800738007380184
2025-07-04,basket_dispersion_relative_5,2025-07-01,LOW,-0.2577220005006341,-0.17964973179514698,0.11981446931842488,-0.0036900369003689537
2025-07-07,basket_dispersion_relative_5,2025-07-01,MID,-0.05747810118321095,-0.17964973179514698,0.11981446931842488,-0.006398537477148136
2025-07-08,basket_dispersion_relative_5,2025-07-01,MID,0.01050006994742092,-0.17964973179514698,0.11981446931842488,-0.015398550724637805
2025-07-09,basket_dispersion_relative_5,2025-07-01,MID,-0.0366175260377789,-0.17964973179514698,0.11981446931842488,-0.00911577028258892
2025-07-10,basket_dispersion_relative_5,2025-07-01,MID,0.05495270782143624,-0.17964973179514698,0.11981446931842488,-0.0045787545787546735
2025-07-11,basket_dispersion_relative_5,2025-07-01,MID,-0.16816868041572053,-0.17964973179514698,0.11981446931842488,0.0
2025-07-14,basket_dispersion_relative_5,2025-07-01,MID,-0.031138152010008913,-0.17964973179514698,0.11981446931842488,-0.0072202166064981865
2025-07-15,basket_dispersion_relative_5,2025-07-01,HIGH,0.4449495068405711,-0.17964973179514698,0.11981446931842488,-0.006323396567298967
2025-07-16,basket_dispersion_relative_5,2025-07-01,HIGH,0.2974745212626275,-0.17964973179514698,0.11981446931842488,-0.001814882032667886
2025-07-17,basket_dispersion_relative_5,2025-07-01,HIGH,0.34800749392933783,-0.17964973179514698,0.11981446931842488,-0.0072202166064981865
2025-07-18,basket_dispersion_relative_5,2025-07-01,HIGH,0.3848272654914604,-0.17964973179514698,0.11981446931842488,-0.024390243902438824
2025-07-21,basket_dispersion_relative_5,2025-07-01,HIGH,0.2823312054305158,-0.17964973179514698,0.11981446931842488,-0.020725388601036343
2025-07-22,basket_dispersion_relative_5,2025-07-01,HIGH,1.1819830490024534,-0.17964973179514698,0.11981446931842488,-0.05448449287510493
2025-07-23,basket_dispersion_relative_5,2025-07-01,HIGH,0.7972333816664454,-0.17964973179514698,0.11981446931842488,-0.010526315789473717
2025-07-24,basket_dispersion_relative_5,2025-07-01,HIGH,0.7085300437713051,-0.17964973179514698,0.11981446931842488,-0.02441150828247607
2025-07-25,basket_dispersion_relative_5,2025-07-01,HIGH,0.32672316745400165,-0.17964973179514698,0.11981446931842488,-0.0236634531113058
2025-07-28,basket_dispersion_relative_5,2025-07-01,MID,0.08192955384453171,-0.17964973179514698,0.11981446931842488,-0.0236634531113058
2025-07-29,basket_dispersion_relative_5,2025-07-01,HIGH,0.17108367657474388,-0.17964973179514698,0.11981446931842488,-0.0236634531113058
2025-07-30,basket_dispersion_relative_5,2025-07-01,MID,0.03220277038494279,-0.17964973179514698,0.11981446931842488,-0.018502202643171706
2025-07-31,basket_dispersion_relative_5,2025-07-01,MID,-0.020950688522059724,-0.17964973179514698,0.11981446931842488,0.0
2025-08-01,basket_dispersion_relative_5,2025-07-01,LOW,-0.19284682955549914,-0.17964973179514698,0.11981446931842488,-0.0026857654431512445
2025-08-04,basket_dispersion_relative_5,2025-07-01,MID,-0.10707640690388043,-0.17964973179514698,0.11981446931842488,-0.001769911504424737
2025-08-05,basket_dispersion_relative_5,2025-07-01,HIGH,0.213954280740688,-0.17964973179514698,0.11981446931842488,-0.0035180299032542273
2025-08-06,basket_dispersion_relative_5,2025-07-01,HIGH,0.4294852484021632,-0.17964973179514698,0.11981446931842488,-0.009615384615384581
2025-08-07,basket_dispersion_relative_5,2025-07-01,HIGH,0.1328706044404373,-0.17964973179514698,0.11981446931842488,-0.0008779631255487752
2025-08-08,basket_dispersion_relative_5,2025-07-01,HIGH,0.36593841099156244,-0.17964973179514698,0.11981446931842488,-0.0017256255392580355
2025-08-11,basket_dispersion_relative_5,2025-07-01,HIGH,0.27385875693821693,-0.17964973179514698,0.11981446931842488,-0.005159071367153878
2025-08-12,basket_dispersion_relative_5,2025-07-01,HIGH,0.19224411994665136,-0.17964973179514698,0.11981446931842488,-0.012798634812286602
2025-08-13,basket_dispersion_relative_5,2025-07-01,HIGH,0.30709421280418137,-0.17964973179514698,0.11981446931842488,-0.016992353440951624
2025-08-14,basket_dispersion_relative_5,2025-07-01,HIGH,0.3409538258587015,-0.17964973179514698,0.11981446931842488,-0.0008620689655171043
2025-08-15,basket_dispersion_relative_5,2025-07-01,HIGH,0.5106732622054062,-0.17964973179514698,0.11981446931842488,-0.011656952539550347
2025-08-18,basket_dispersion_relative_5,2025-07-01,HIGH,0.3595967706155918,-0.17964973179514698,0.11981446931842488,-0.01083333333333325
2025-08-19,basket_dispersion_relative_5,2025-07-01,HIGH,0.27915079996822767,-0.17964973179514698,0.11981446931842488,-0.013300083125519557
2025-08-20,basket_dispersion_relative_5,2025-07-01,MID,0.019806558316008527,-0.17964973179514698,0.11981446931842488,-0.009975062344139696
2025-08-21,basket_dispersion_relative_5,2025-07-01,MID,-0.031733548227414365,-0.17964973179514698,0.11981446931842488,-0.007499999999999951
2025-08-22,basket_dispersion_relative_5,2025-07-01,MID,-0.08996669827704207,-0.17964973179514698,0.11981446931842488,-0.0057995028997515075
2025-08-25,basket_dispersion_relative_5,2025-07-01,HIGH,0.12365022540005488,-0.17964973179514698,0.11981446931842488,-0.02676399026763998
2025-08-26,basket_dispersion_relative_5,2025-07-01,MID,0.05563263546999764,-0.17964973179514698,0.11981446931842488,-0.024390243902439046
2025-08-27,basket_dispersion_relative_5,2025-07-01,HIGH,0.43072630480119733,-0.17964973179514698,0.11981446931842488,-0.013168724279835398
2025-08-28,basket_dispersion_relative_5,2025-07-01,HIGH,0.7901280089948015,-0.17964973179514698,0.11981446931842488,-0.04393816110659077
2025-08-29,basket_dispersion_relative_5,2025-07-01,HIGH,0.5618652546630942,-0.17964973179514698,0.11981446931842488,-0.04315960912052108
2025-09-01,basket_dispersion_relative_5,2025-07-01,HIGH,0.6933628774488709,-0.17964973179514698,0.11981446931842488,-0.04935275080906143
2025-09-02,basket_dispersion_relative_5,2025-07-01,HIGH,0.4369807490733233,-0.17964973179514698,0.11981446931842488,-0.028122415219189456
2025-09-03,basket_dispersion_relative_5,2025-07-01,HIGH,0.826928562045361,-0.17964973179514698,0.11981446931842488,-0.022462562396006636
2025-09-04,basket_dispersion_relative_5,2025-07-01,HIGH,0.5172144565957928,-0.17964973179514698,0.11981446931842488,-0.00836120401337792
2025-09-05,basket_dispersion_relative_5,2025-07-01,HIGH,0.5786483677315211,-0.17964973179514698,0.11981446931842488,-0.011363636363636354
2025-09-08,basket_dispersion_relative_5,2025-07-01,HIGH,0.311818417483656,-0.17964973179514698,0.11981446931842488,-0.02168674698795192
2025-09-09,basket_dispersion_relative_5,2025-07-01,MID,0.08071731617021749,-0.17964973179514698,0.11981446931842488,-0.018533440773569776
2025-09-10,basket_dispersion_relative_5,2025-07-01,MID,-0.029892254522590256,-0.17964973179514698,0.11981446931842488,-0.012096774193548265
2025-09-11,basket_dispersion_relative_5,2025-07-01,MID,0.00894584717894742,-0.17964973179514698,0.11981446931842488,-0.04813664596273293
2025-09-12,basket_dispersion_relative_5,2025-07-01,MID,0.045577209274669794,-0.17964973179514698,0.11981446931842488,-0.022328548644338087
2025-09-15,basket_dispersion_relative_5,2025-07-01,MID,0.08261098871965067,-0.17964973179514698,0.11981446931842488,-0.019199999999999995
2025-09-16,basket_dispersion_relative_5,2025-07-01,MID,0.0590886535355406,-0.17964973179514698,0.11981446931842488,-0.005613472333600766
2025-09-17,basket_dispersion_relative_5,2025-07-01,HIGH,0.14936386800713208,-0.17964973179514698,0.11981446931842488,-0.00786163522012584
2025-09-18,basket_dispersion_relative_5,2025-07-01,MID,-0.03231160838372982,-0.17964973179514698,0.11981446931842488,-0.007824726134585291
2025-09-19,basket_dispersion_relative_5,2025-07-01,HIGH,0.262191205259932,-0.17964973179514698,0.11981446931842488,-0.017815646785437567
2025-09-22,basket_dispersion_relative_5,2025-07-01,HIGH,0.48781298824575914,-0.17964973179514698,0.11981446931842488,-0.018575851393188847
2025-09-23,basket_dispersion_relative_5,2025-07-01,HIGH,0.569230300607964,-0.17964973179514698,0.11981446931842488,-0.010038610038609952
2025-09-24,basket_dispersion_relative_5,2025-07-01,HIGH,0.46683488587584,-0.17964973179514698,0.11981446931842488,-0.004587155963302725
2025-09-25,basket_dispersion_relative_5,2025-07-01,MID,0.11117883564494258,-0.17964973179514698,0.11981446931842488,-0.014383043149129415
2025-09-26,basket_dispersion_relative_5,2025-07-01,HIGH,0.1574579921223993,-0.17964973179514698,0.11981446931842488,-0.006106870229007688
2025-09-29,basket_dispersion_relative_5,2025-07-01,HIGH,0.27358414329908354,-0.17964973179514698,0.11981446931842488,-0.0037565740045077956
2025-09-30,basket_dispersion_relative_5,2025-07-01,HIGH,0.31983743899515793,-0.17964973179514698,0.11981446931842488,-0.02606806661839245
2025-10-09,basket_dispersion_relative_5,2025-07-01,HIGH,0.622362381626768,-0.17964973179514698,0.11981446931842488,-0.04133998574483255
2025-10-10,basket_dispersion_relative_5,2025-07-01,HIGH,0.5590065435230014,-0.17964973179514698,0.11981446931842488,-0.040550325850832736
2025-10-13,basket_dispersion_relative_5,2025-07-01,HIGH,0.5939300980648408,-0.17964973179514698,0.11981446931842488,-0.04607631389488842
2025-10-14,basket_dispersion_relative_5,2025-07-01,HIGH,0.7590511640230233,-0.17964973179514698,0.11981446931842488,-0.03214024835646456
2025-10-15,basket_dispersion_relative_5,2025-07-01,HIGH,0.7793943085286901,-0.17964973179514698,0.11981446931842488,-0.0682137834036568
2025-10-16,basket_dispersion_relative_5,2025-07-01,HIGH,1.0110033355986143,-0.17964973179514698,0.11981446931842488,-0.05025125628140703
2025-10-17,basket_dispersion_relative_5,2025-07-01,HIGH,0.1903920657695557,-0.17964973179514698,0.11981446931842488,-0.011949215832711024
2025-10-20,basket_dispersion_relative_5,2025-07-01,HIGH,0.22213658498401023,-0.17964973179514698,0.11981446931842488,-0.023616236162361637
2025-10-21,basket_dispersion_relative_5,2025-07-01,HIGH,0.4572267391140523,-0.17964973179514698,0.11981446931842488,-0.03781818181818186
2025-10-22,basket_dispersion_relative_5,2025-07-01,MID,0.052621449268782206,-0.17964973179514698,0.11981446931842488,-0.017087667161961417
2025-10-23,basket_dispersion_relative_5,2025-07-01,MID,-0.0010379120518841933,-0.17964973179514698,0.11981446931842488,-0.0014727540500736325
2025-10-24,basket_dispersion_relative_5,2025-07-01,MID,-0.06093374285937736,-0.17964973179514698,0.11981446931842488,-0.010760401721664259
2025-10-27,basket_dispersion_relative_5,2025-07-01,LOW,-0.2770516522897407,-0.17964973179514698,0.11981446931842488,-0.009339080459770055
2025-10-28,basket_dispersion_relative_5,2025-07-01,LOW,-0.2605153745657487,-0.17964973179514698,0.11981446931842488,-0.0007225433526010239
2025-10-29,basket_dispersion_relative_5,2025-07-01,HIGH,0.23593495899200567,-0.17964973179514698,0.11981446931842488,-0.03490759753593442
2025-10-30,basket_dispersion_relative_5,2025-07-01,HIGH,0.3763647003290864,-0.17964973179514698,0.11981446931842488,-0.013986013986013957
2025-10-31,basket_dispersion_relative_5,2025-07-01,MID,0.11532248927312017,-0.17964973179514698,0.11981446931842488,-0.007741027445461013
2025-11-03,basket_dispersion_relative_5,2025-07-01,HIGH,0.2589718985461269,-0.17964973179514698,0.11981446931842488,-0.032258064516129115
2025-11-04,basket_dispersion_relative_5,2025-07-01,HIGH,0.41222080920376114,-0.17964973179514698,0.11981446931842488,-0.002123142250530896
2025-11-05,basket_dispersion_relative_5,2025-07-01,HIGH,0.5457627017223619,-0.17964973179514698,0.11981446931842488,-0.03446033810143034
2025-11-06,basket_dispersion_relative_5,2025-07-01,HIGH,0.763624247534995,-0.17964973179514698,0.11981446931842488,-0.04193548387096768
2025-11-07,basket_dispersion_relative_5,2025-07-01,HIGH,1.4480905064515275,-0.17964973179514698,0.11981446931842488,-0.05953134895503476
2025-11-10,basket_dispersion_relative_5,2025-07-01,HIGH,0.9203849944851066,-0.17964973179514698,0.11981446931842488,-0.07052096569250321
2025-11-11,basket_dispersion_relative_5,2025-07-01,HIGH,0.5542521381673442,-0.17964973179514698,0.11981446931842488,-0.05577427821522307
2025-11-12,basket_dispersion_relative_5,2025-07-01,MID,0.06890243179003241,-0.17964973179514698,0.11981446931842488,-0.053820598006644516
2025-11-13,basket_dispersion_relative_5,2025-07-01,MID,-0.08015136272362289,-0.17964973179514698,0.11981446931842488,-0.05514950166112953
2025-11-14,basket_dispersion_relative_5,2025-07-01,MID,-0.029599932488208136,-0.17964973179514698,0.11981446931842488,-0.08457374830852504
2025-11-17,basket_dispersion_relative_5,2025-07-01,LOW,-0.18709977988330762,-0.17964973179514698,0.11981446931842488,-0.08418194161575021
2025-11-18,basket_dispersion_relative_5,2025-07-01,MID,-0.14720672629123976,-0.17964973179514698,0.11981446931842488,-0.06708160442600275
2025-11-19,basket_dispersion_relative_5,2025-07-01,LOW,-0.34198974446108754,-0.17964973179514698,0.11981446931842488,-0.06901311249137343
2025-11-20,basket_dispersion_relative_5,2025-07-01,LOW,-0.3487024175219937,-0.17964973179514698,0.11981446931842488,-0.03505007153075823
2025-11-21,basket_dispersion_relative_5,2025-07-01,LOW,-0.3473623414026239,-0.17964973179514698,0.11981446931842488,-0.002956393200295615
2025-11-24,basket_dispersion_relative_5,2025-07-01,LOW,-0.3421654150641057,-0.17964973179514698,0.11981446931842488,-0.005094614264919972
2025-11-25,basket_dispersion_relative_5,2025-07-01,LOW,-0.25522091595816054,-0.17964973179514698,0.11981446931842488,-0.015838732901367947
2025-11-26,basket_dispersion_relative_5,2025-07-01,LOW,-0.2385154224330891,-0.17964973179514698,0.11981446931842488,-0.007982583454281489
2025-11-27,basket_dispersion_relative_5,2025-07-01,LOW,-0.37287908555095783,-0.17964973179514698,0.11981446931842488,-0.0029175784099197966
2025-11-28,basket_dispersion_relative_5,2025-07-01,LOW,-0.2839445252667032,-0.17964973179514698,0.11981446931842488,-0.011428571428571455
2025-12-01,basket_dispersion_relative_5,2025-07-01,LOW,-0.31682659982401673,-0.17964973179514698,0.11981446931842488,-0.018439716312056764
2025-12-02,basket_dispersion_relative_5,2025-07-01,LOW,-0.49724643319025397,-0.17964973179514698,0.11981446931842488,-0.008595988538681931
2025-12-03,basket_dispersion_relative_5,2025-07-01,LOW,-0.45310118022686685,-0.17964973179514698,0.11981446931842488,-0.005747126436781658
2025-12-04,basket_dispersion_relative_5,2025-07-01,LOW,-0.41887073616761916,-0.17964973179514698,0.11981446931842488,-0.0028694404591105283
2025-12-05,basket_dispersion_relative_5,2025-07-01,LOW,-0.23397649015811028,-0.17964973179514698,0.11981446931842488,-0.02006920415224922
2025-12-08,basket_dispersion_relative_5,2025-07-01,LOW,-0.3262902283845568,-0.17964973179514698,0.11981446931842488,-0.013927576601671321
2025-12-09,basket_dispersion_relative_5,2025-07-01,LOW,-0.3062272319317866,-0.17964973179514698,0.11981446931842488,-0.01324041811846699
2025-12-10,basket_dispersion_relative_5,2025-07-01,LOW,-0.28820244643001725,-0.17964973179514698,0.11981446931842488,-0.019430950728660634
2025-12-11,basket_dispersion_relative_5,2025-07-01,LOW,-0.27643758997857104,-0.17964973179514698,0.11981446931842488,-0.015331010452961702
2025-12-12,basket_dispersion_relative_5,2025-07-01,MID,0.0837406974457422,-0.17964973179514698,0.11981446931842488,-0.04591492234976369
2025-12-15,basket_dispersion_relative_5,2025-07-01,MID,0.020710252888718195,-0.17964973179514698,0.11981446931842488,-0.03549488054607508
2025-12-16,basket_dispersion_relative_5,2025-07-01,HIGH,0.14979468935012852,-0.17964973179514698,0.11981446931842488,-0.008421052631578996
2025-12-17,basket_dispersion_relative_5,2025-07-01,HIGH,0.16448219284495758,-0.17964973179514698,0.11981446931842488,-0.005555555555555536
2025-12-18,basket_dispersion_relative_5,2025-07-01,MID,0.10817984416383553,-0.17964973179514698,0.11981446931842488,-0.002777777777777768
2025-12-19,basket_dispersion_relative_5,2025-07-01,MID,0.09974469764651372,-0.17964973179514698,0.11981446931842488,-0.002734107997265922
2025-12-22,basket_dispersion_relative_5,2025-07-01,HIGH,0.49372258335621333,-0.17964973179514698,0.11981446931842488,-0.008075370121130576
2025-12-23,basket_dispersion_relative_5,2025-07-01,HIGH,0.5829971194197452,-0.17964973179514698,0.11981446931842488,-0.012040133779264273
2025-12-24,basket_dispersion_relative_5,2025-07-01,HIGH,0.2772520779377967,-0.17964973179514698,0.11981446931842488,-0.021220159151193685
2025-12-25,basket_dispersion_relative_5,2025-07-01,MID,0.05421383824458381,-0.17964973179514698,0.11981446931842488,-0.028308097432521384
2025-12-26,basket_dispersion_relative_5,2025-07-01,MID,0.05185995474166161,-0.17964973179514698,0.11981446931842488,-0.030223390275952666
2025-12-29,basket_dispersion_relative_5,2025-07-01,MID,-0.1480708685558737,-0.17964973179514698,0.11981446931842488,-0.010060362173038295
2025-12-30,basket_dispersion_relative_5,2025-07-01,MID,-0.11250038803141216,-0.17964973179514698,0.11981446931842488,-0.011386470194239884
2025-12-31,basket_dispersion_relative_5,2025-07-01,MID,-0.13816269348180887,-0.17964973179514698,0.11981446931842488,-0.0013404825737265424
2026-01-05,basket_dispersion_relative_5,2026-01-01,LOW,-0.3520152731333144,-0.14839823616653292,0.2899802914480406,-0.0026560424966799445
2026-01-06,basket_dispersion_relative_5,2026-01-01,MID,-0.13734395683625056,-0.14839823616653292,0.2899802914480406,-0.0045931758530184386
2026-01-07,basket_dispersion_relative_5,2026-01-01,MID,-0.03943664893750687,-0.14839823616653292,0.2899802914480406,-0.016774193548387162
2026-01-08,basket_dispersion_relative_5,2026-01-01,MID,0.16263707003557415,-0.14839823616653292,0.2899802914480406,0.0
2026-01-09,basket_dispersion_relative_5,2026-01-01,MID,0.1701334358933353,-0.14839823616653292,0.2899802914480406,-0.025753768844221203
2026-01-12,basket_dispersion_relative_5,2026-01-01,MID,0.1634279405448369,-0.14839823616653292,0.2899802914480406,-0.025753768844221203
2026-01-13,basket_dispersion_relative_5,2026-01-01,HIGH,0.4326058256998391,-0.14839823616653292,0.2899802914480406,-0.033816425120772875
2026-01-14,basket_dispersion_relative_5,2026-01-01,MID,0.11697277563409836,-0.14839823616653292,0.2899802914480406,-0.00497512437810943
2026-01-15,basket_dispersion_relative_5,2026-01-01,HIGH,0.5896910517318943,-0.14839823616653292,0.2899802914480406,-0.032110091743119296
2026-01-16,basket_dispersion_relative_5,2026-01-01,HIGH,0.37552588268966436,-0.14839823616653292,0.2899802914480406,-0.0011820330969266601
2026-01-19,basket_dispersion_relative_5,2026-01-01,HIGH,1.0062833945556147,-0.14839823616653292,0.2899802914480406,-0.04340659340659336
2026-01-20,basket_dispersion_relative_5,2026-01-01,HIGH,0.5788685935104643,-0.14839823616653292,0.2899802914480406,-0.027226318774815517
2026-01-21,basket_dispersion_relative_5,2026-01-01,HIGH,0.4813686929370782,-0.14839823616653292,0.2899802914480406,-0.03597526700393472
2026-01-22,basket_dispersion_relative_5,2026-01-01,MID,0.25004628627187864,-0.14839823616653292,0.2899802914480406,-0.025568181818181768
2026-01-23,basket_dispersion_relative_5,2026-01-01,MID,-0.021997314433086168,-0.14839823616653292,0.2899802914480406,-0.06429780033840937
2026-01-26,basket_dispersion_relative_5,2026-01-01,HIGH,0.33529858573953564,-0.14839823616653292,0.2899802914480406,-0.06429780033840937
2026-01-27,basket_dispersion_relative_5,2026-01-01,HIGH,0.2932060719864684,-0.14839823616653292,0.2899802914480406,-0.062182023742227144
2026-01-28,basket_dispersion_relative_5,2026-01-01,HIGH,0.3192204299625905,-0.14839823616653292,0.2899802914480406,-0.06005665722379594
2026-01-29,basket_dispersion_relative_5,2026-01-01,MID,0.263238516443689,-0.14839823616653292,0.2899802914480406,-0.030957943925233655
2026-01-30,basket_dispersion_relative_5,2026-01-01,HIGH,0.5516053801769318,-0.14839823616653292,0.2899802914480406,-0.03240477544059117
2026-02-02,basket_dispersion_relative_5,2026-01-01,MID,-0.04513844998030492,-0.14839823616653292,0.2899802914480406,-0.02742857142857147
2026-02-03,basket_dispersion_relative_5,2026-01-01,MID,0.03267573025116666,-0.14839823616653292,0.2899802914480406,-0.05654101995565419
2026-02-04,basket_dispersion_relative_5,2026-01-01,MID,-0.04030747255153144,-0.14839823616653292,0.2899802914480406,-0.05128205128205132
2026-02-05,basket_dispersion_relative_5,2026-01-01,MID,-0.04454695238222972,-0.14839823616653292,0.2899802914480406,-0.0029291154071471315
2026-02-06,basket_dispersion_relative_5,2026-01-01,MID,0.020575245832448852,-0.14839823616653292,0.2899802914480406,-0.010204081632653073
2026-02-09,basket_dispersion_relative_5,2026-01-01,MID,-0.002019255246589524,-0.14839823616653292,0.2899802914480406,-0.010044642857142905
2026-02-10,basket_dispersion_relative_5,2026-01-01,MID,0.07600463475793617,-0.14839823616653292,0.2899802914480406,-0.0022222222222222365
2026-02-11,basket_dispersion_relative_5,2026-01-01,MID,0.08282381904880709,-0.14839823616653292,0.2899802914480406,-0.007692307692307665
2026-02-12,basket_dispersion_relative_5,2026-01-01,MID,0.19439565537505699,-0.14839823616653292,0.2899802914480406,-0.01406926406926412
2026-02-13,basket_dispersion_relative_5,2026-01-01,MID,-0.03094866652834327,-0.14839823616653292,0.2899802914480406,-0.003225806451612856
2026-02-24,basket_dispersion_relative_5,2026-01-01,MID,-0.08183180253857869,-0.14839823616653292,0.2899802914480406,-0.009443861490031513
2026-02-25,basket_dispersion_relative_5,2026-01-01,MID,0.03813294821416391,-0.14839823616653292,0.2899802914480406,-0.015625
2026-02-26,basket_dispersion_relative_5,2026-01-01,MID,0.08552849535299134,-0.14839823616653292,0.2899802914480406,-0.03176229508196726
2026-02-27,basket_dispersion_relative_5,2026-01-01,MID,0.1883171102832748,-0.14839823616653292,0.2899802914480406,-0.028277634961439646
2026-03-02,basket_dispersion_relative_5,2026-01-01,HIGH,0.46511473694755834,-0.14839823616653292,0.2899802914480406,-0.058295964125560595
2026-03-03,basket_dispersion_relative_5,2026-01-01,MID,0.19803712477548285,-0.14839823616653292,0.2899802914480406,-0.0005288207297726721
2026-03-04,basket_dispersion_relative_5,2026-01-01,HIGH,0.3777243757473434,-0.14839823616653292,0.2899802914480406,-0.0004952947003469266
2026-03-05,basket_dispersion_relative_5,2026-01-01,MID,0.16956105709434333,-0.14839823616653292,0.2899802914480406,-0.02174963750604153
2026-03-06,basket_dispersion_relative_5,2026-01-01,MID,0.25369802647321604,-0.14839823616653292,0.2899802914480406,-0.011787819253438081
2026-03-09,basket_dispersion_relative_5,2026-01-01,HIGH,0.6314160418647681,-0.14839823616653292,0.2899802914480406,-0.07739791073124402
2026-03-10,basket_dispersion_relative_5,2026-01-01,HIGH,0.43808600180084367,-0.14839823616653292,0.2899802914480406,-0.09971644612476371
2026-03-11,basket_dispersion_relative_5,2026-01-01,HIGH,0.31957770793058504,-0.14839823616653292,0.2899802914480406,-0.09247724005749891
2026-03-12,basket_dispersion_relative_5,2026-01-01,HIGH,0.42328087015635285,-0.14839823616653292,0.2899802914480406,-0.09390125847047426
2026-03-13,basket_dispersion_relative_5,2026-01-01,MID,0.20049135942480834,-0.14839823616653292,0.2899802914480406,-0.08105420188960721
2026-03-16,basket_dispersion_relative_5,2026-01-01,MID,0.1065599222409015,-0.14839823616653292,0.2899802914480406,-0.09412955465587036
2026-03-17,basket_dispersion_relative_5,2026-01-01,LOW,-0.2617660182254897,-0.14839823616653292,0.2899802914480406,-0.06394129979035634
2026-03-18,basket_dispersion_relative_5,2026-01-01,LOW,-0.21388300590554143,-0.14839823616653292,0.2899802914480406,-0.06295907660020983
2026-03-19,basket_dispersion_relative_5,2026-01-01,MID,-0.13926039891675535,-0.14839823616653292,0.2899802914480406,-0.05302226935312826
2026-03-20,basket_dispersion_relative_5,2026-01-01,LOW,-0.24743540655562257,-0.14839823616653292,0.2899802914480406,-0.013259668508287303
2026-03-23,basket_dispersion_relative_5,2026-01-01,LOW,-0.19322170026218377,-0.14839823616653292,0.2899802914480406,-0.02934782608695652
2026-03-24,basket_dispersion_relative_5,2026-01-01,LOW,-0.22590797808611363,-0.14839823616653292,0.2899802914480406,-0.0234917245061399
2026-03-25,basket_dispersion_relative_5,2026-01-01,LOW,-0.16125926906088517,-0.14839823616653292,0.2899802914480406,-0.03888596952180767
2026-03-26,basket_dispersion_relative_5,2026-01-01,MID,-0.11496268363521123,-0.14839823616653292,0.2899802914480406,-0.0038251366120218844
2026-03-27,basket_dispersion_relative_5,2026-01-01,MID,-0.11788917737751026,-0.14839823616653292,0.2899802914480406,-0.014061654948620883
2026-03-30,basket_dispersion_relative_5,2026-01-01,HIGH,0.5841561224374565,-0.14839823616653292,0.2899802914480406,-0.036247334754797356
2026-03-31,basket_dispersion_relative_5,2026-01-01,HIGH,0.4305136757046397,-0.14839823616653292,0.2899802914480406,-0.03676078849227493
2026-04-01,basket_dispersion_relative_5,2026-01-01,MID,-0.045664173501840155,-0.14839823616653292,0.2899802914480406,-0.027956989247311825
2026-04-02,basket_dispersion_relative_5,2026-01-01,MID,0.21452797782036415,-0.14839823616653292,0.2899802914480406,-0.015250544662309351
2026-04-03,basket_dispersion_relative_5,2026-01-01,HIGH,0.6153481635547797,-0.14839823616653292,0.2899802914480406,-0.014713896457765663
2026-04-07,basket_dispersion_relative_5,2026-01-01,MID,0.10669571369814679,-0.14839823616653292,0.2899802914480406,-0.013978494623655968
2026-04-08,basket_dispersion_relative_5,2026-01-01,LOW,-0.1836167834325677,-0.14839823616653292,0.2899802914480406,-0.024468085106382875
2026-04-09,basket_dispersion_relative_5,2026-01-01,MID,-0.0005983533618209025,-0.14839823616653292,0.2899802914480406,-0.03575184016824384
2026-04-10,basket_dispersion_relative_5,2026-01-01,LOW,-0.3047268059676691,-0.14839823616653292,0.2899802914480406,-0.018201284796573902
2026-04-13,basket_dispersion_relative_5,2026-01-01,MID,-0.013579335216040711,-0.14839823616653292,0.2899802914480406,-0.009100642398287007
2026-04-14,basket_dispersion_relative_5,2026-01-01,MID,0.0679874670719034,-0.14839823616653292,0.2899802914480406,-0.011170212765957421
2026-04-15,basket_dispersion_relative_5,2026-01-01,MID,-0.11500871691303405,-0.14839823616653292,0.2899802914480406,-0.02157894736842103
2026-04-16,basket_dispersion_relative_5,2026-01-01,MID,0.0018975493468109672,-0.14839823616653292,0.2899802914480406,-0.008895866038723277
2026-04-17,basket_dispersion_relative_5,2026-01-01,LOW,-0.27234622043648815,-0.14839823616653292,0.2899802914480406,-0.00932642487046631
2026-04-20,basket_dispersion_relative_5,2026-01-01,LOW,-0.25815668164943484,-0.14839823616653292,0.2899802914480406,-0.022267206477732837
2026-04-21,basket_dispersion_relative_5,2026-01-01,MID,-0.12089296565235108,-0.14839823616653292,0.2899802914480406,-0.007179487179487132
2026-04-22,basket_dispersion_relative_5,2026-01-01,HIGH,0.6156346962637971,-0.14839823616653292,0.2899802914480406,-0.0493827160493826
2026-04-23,basket_dispersion_relative_5,2026-01-01,HIGH,0.6974638764982881,-0.14839823616653292,0.2899802914480406,-0.03701850925462735
2026-04-24,basket_dispersion_relative_5,2026-01-01,HIGH,0.4969176445695256,-0.14839823616653292,0.2899802914480406,-0.02432843385707051
2026-04-27,basket_dispersion_relative_5,2026-01-01,HIGH,0.3954149436307153,-0.14839823616653292,0.2899802914480406,-0.022346368715083775
2026-04-28,basket_dispersion_relative_5,2026-01-01,MID,0.27704621289102227,-0.14839823616653292,0.2899802914480406,-0.0041386445938954575
2026-04-29,basket_dispersion_relative_5,2026-01-01,MID,-0.07379616451097903,-0.14839823616653292,0.2899802914480406,-0.01730279898218834
2026-04-30,basket_dispersion_relative_5,2026-01-01,MID,0.08462231539693366,-0.14839823616653292,0.2899802914480406,0.0
2026-05-06,basket_dispersion_relative_5,2026-01-01,MID,0.20842361719231062,-0.14839823616653292,0.2899802914480406,-0.012236906510034395
2026-05-07,basket_dispersion_relative_5,2026-01-01,MID,0.0023423866849063835,-0.14839823616653292,0.2899802914480406,-0.0097181729834791
2026-05-08,basket_dispersion_relative_5,2026-01-01,MID,0.27179569198328957,-0.14839823616653292,0.2899802914480406,-0.03443328550932567
2026-05-11,basket_dispersion_relative_5,2026-01-01,HIGH,0.48618506522826177,-0.14839823616653292,0.2899802914480406,-0.03627684964200484
2026-05-12,basket_dispersion_relative_5,2026-01-01,HIGH,0.7265347571471956,-0.14839823616653292,0.2899802914480406,-0.048090523338047975
2026-05-13,basket_dispersion_relative_5,2026-01-01,HIGH,0.426428819803613,-0.14839823616653292,0.2899802914480406,-0.08227272727272728
2026-05-14,basket_dispersion_relative_5,2026-01-01,MID,0.07893458498910855,-0.14839823616653292,0.2899802914480406,-0.03902903379343159
2026-05-15,basket_dispersion_relative_5,2026-01-01,MID,-0.01784451585365565,-0.14839823616653292,0.2899802914480406,-0.002951303492375712
2026-05-18,basket_dispersion_relative_5,2026-01-01,MID,-0.016835205835352918,-0.14839823616653292,0.2899802914480406,-0.023076923076923106
2026-05-19,basket_dispersion_relative_5,2026-01-01,MID,-0.0602756759166897,-0.14839823616653292,0.2899802914480406,-0.05225988700564976
2026-05-20,basket_dispersion_relative_5,2026-01-01,MID,0.05200809038838994,-0.14839823616653292,0.2899802914480406,-0.06328524895300147
2026-05-21,basket_dispersion_relative_5,2026-01-01,MID,-0.10895394099425926,-0.14839823616653292,0.2899802914480406,-0.014201762977472998
2026-05-22,basket_dispersion_relative_5,2026-01-01,MID,0.04965489346633922,-0.14839823616653292,0.2899802914480406,-0.0409718913768462
2026-05-25,basket_dispersion_relative_5,2026-01-01,MID,-0.056397935629554086,-0.14839823616653292,0.2899802914480406,-0.03453237410071941
2026-05-26,basket_dispersion_relative_5,2026-01-01,MID,0.002505859781489761,-0.14839823616653292,0.2899802914480406,-0.01129111438389796
2026-05-27,basket_dispersion_relative_5,2026-01-01,MID,-0.07616000150813551,-0.14839823616653292,0.2899802914480406,-0.01419481155163993
2026-05-28,basket_dispersion_relative_5,2026-01-01,MID,-0.09981613869567019,-0.14839823616653292,0.2899802914480406,-0.032660902977905915
2026-05-29,basket_dispersion_relative_5,2026-01-01,MID,-0.12971506647928677,-0.14839823616653292,0.2899802914480406,-0.02185526954832462
2026-06-01,basket_dispersion_relative_5,2026-01-01,MID,-0.02725806423022592,-0.14839823616653292,0.2899802914480406,-0.03082191780821919
2026-06-02,basket_dispersion_relative_5,2026-01-01,HIGH,0.40197285021226303,-0.14839823616653292,0.2899802914480406,-0.05079060852898898
2026-06-03,basket_dispersion_relative_5,2026-01-01,HIGH,0.976117884019712,-0.14839823616653292,0.2899802914480406,-0.04622051035146835
2026-06-04,basket_dispersion_relative_5,2026-01-01,HIGH,1.4124908713616011,-0.14839823616653292,0.2899802914480406,-0.054431599229287086
2026-06-05,basket_dispersion_relative_5,2026-01-01,HIGH,0.8042516635835395,-0.14839823616653292,0.2899802914480406,-0.009086320040383677
2026-06-08,basket_dispersion_relative_5,2026-01-01,HIGH,1.479481626604667,-0.14839823616653292,0.2899802914480406,-0.03490658800393298
2026-06-09,basket_dispersion_relative_5,2026-01-01,HIGH,1.278790005526211,-0.14839823616653292,0.2899802914480406,-0.04569761789013116
2026-06-10,basket_dispersion_relative_5,2026-01-01,HIGH,0.7566597531939374,-0.14839823616653292,0.2899802914480406,-0.01751751751751751
2026-06-11,basket_dispersion_relative_5,2026-01-01,MID,0.1497033060933597,-0.14839823616653292,0.2899802914480406,-0.018289668808699977
2026-06-12,basket_dispersion_relative_5,2026-01-01,MID,-0.000481735494847535,-0.14839823616653292,0.2899802914480406,-0.009438648782911008
2026-06-15,basket_dispersion_relative_5,2026-01-01,MID,-0.12082017928670852,-0.14839823616653292,0.2899802914480406,-0.004835589941973084
2026-06-16,basket_dispersion_relative_5,2026-01-01,MID,-0.0588199550144618,-0.14839823616653292,0.2899802914480406,-0.002838221381267658
2026-06-17,basket_dispersion_relative_5,2026-01-01,MID,-0.08995331386415606,-0.14839823616653292,0.2899802914480406,-0.0018752930145334856
2026-06-18,basket_dispersion_relative_5,2026-01-01,MID,0.04358522870064352,-0.14839823616653292,0.2899802914480406,-0.04628780934922094
2026-06-22,basket_dispersion_relative_5,2026-01-01,HIGH,0.6041383484589353,-0.14839823616653292,0.2899802914480406,-0.10628875110717462
2026-06-23,basket_dispersion_relative_5,2026-01-01,HIGH,0.4266799497111664,-0.14839823616653292,0.2899802914480406,-0.067036523347203
2026-06-24,basket_dispersion_relative_5,2026-01-01,MID,0.2297890150455375,-0.14839823616653292,0.2899802914480406,-0.086442220200182
2026-06-25,basket_dispersion_relative_5,2026-01-01,HIGH,0.4157399384991207,-0.14839823616653292,0.2899802914480406,-0.12090909090909097
2026-06-26,basket_dispersion_relative_5,2026-01-01,MID,0.0288572303077399,-0.14839823616653292,0.2899802914480406,-0.07053140096618349
2026-06-29,basket_dispersion_relative_5,2026-01-01,LOW,-0.15454530893214735,-0.14839823616653292,0.2899802914480406,-0.08023199613339771
2026-06-30,basket_dispersion_relative_5,2026-01-01,LOW,-0.23668223568556523,-0.14839823616653292,0.2899802914480406,-0.11308097747963597
2026-07-01,basket_dispersion_relative_5,2026-07-01,MID,-0.010463259463328045,-0.11897722326499827,0.3093091947439943,-0.10175438596491226
2026-07-02,basket_dispersion_relative_5,2026-07-01,HIGH,0.4517619310150398,-0.11897722326499827,0.3093091947439943,-0.10343035343035334
2026-07-03,basket_dispersion_relative_5,2026-07-01,HIGH,0.4683640841979517,-0.11897722326499827,0.3093091947439943,-0.12613981762917925
2026-07-06,basket_dispersion_relative_5,2026-07-01,HIGH,0.45051356849388724,-0.11897722326499827,0.3093091947439943,-0.11459968602825754
2026-07-07,basket_dispersion_relative_5,2026-07-01,HIGH,0.46215287403940275,-0.11897722326499827,0.3093091947439943,-0.10398706896551724
2026-07-08,basket_dispersion_relative_5,2026-07-01,MID,0.25607634829731896,-0.11897722326499827,0.3093091947439943,-0.0725041829336307
2026-07-09,basket_dispersion_relative_5,2026-07-01,MID,-0.08123740748467656,-0.11897722326499827,0.3093091947439943,-0.10517621145374456
2026-07-10,basket_dispersion_relative_5,2026-07-01,LOW,-0.26290518549423036,-0.11897722326499827,0.3093091947439943,-0.1252115059221658
2026-07-13,basket_dispersion_relative_5,2026-07-01,LOW,-0.1344709505547209,-0.11897722326499827,0.3093091947439943,-0.09970501474926252
2026-07-14,basket_dispersion_relative_5,2026-07-01,LOW,-0.2540461569025232,-0.11897722326499827,0.3093091947439943,-0.13686026451983913
2026-07-15,basket_dispersion_relative_5,2026-07-01,LOW,-0.18137911871450163,-0.11897722326499827,0.3093091947439943,-0.10388059701492547
2026-07-16,basket_dispersion_relative_5,2026-07-01,HIGH,0.3500101923738552,-0.11897722326499827,0.3093091947439943,-0.07345679012345696
2026-07-17,basket_dispersion_relative_5,2026-07-01,HIGH,0.5532547455647254,-0.11897722326499827,0.3093091947439943,-0.05180037902716361
2026-07-20,basket_dispersion_relative_5,2026-07-01,HIGH,0.7102770119383119,-0.11897722326499827,0.3093091947439943,-0.04028132992327371
2026-07-21,basket_dispersion_relative_5,2026-07-01,HIGH,0.5205646718930645,-0.11897722326499827,0.3093091947439943,-0.023052959501557613
2026-07-22,basket_dispersion_relative_5,2026-07-01,HIGH,0.616717449962922,-0.11897722326499827,0.3093091947439943,-0.015199493350221638
2026-07-23,basket_dispersion_relative_5,2026-07-01,HIGH,0.6629062214285681,-0.11897722326499827,0.3093091947439943,-0.060255629945222156
2026-07-24,basket_dispersion_relative_5,2026-07-01,HIGH,0.3403172875798459,-0.11897722326499827,0.3093091947439943,-0.02340290955091706
2026-07-27,basket_dispersion_relative_5,2026-07-01,MID,0.0028154282493091376,-0.11897722326499827,0.3093091947439943,-0.04867529266789894
2026-07-28,basket_dispersion_relative_5,2026-07-01,MID,0.2871757970860591,-0.11897722326499827,0.3093091947439943,-0.017186505410566433
2026-07-29,basket_dispersion_relative_5,2026-07-01,MID,0.2548166983472775,-0.11897722326499827,0.3093091947439943,-0.027707808564231717
2026-07-30,basket_dispersion_relative_5,2026-07-01,MID,0.16093735404694298,-0.11897722326499827,0.3093091947439943,-0.009375000000000022
2026-07-31,basket_dispersion_relative_5,2026-07-01,MID,-0.0151720359746228,-0.11897722326499827,0.3093091947439943,-0.004388714733542298
2026-08-03,basket_dispersion_relative_5,2026-07-01,MID,0.2993438098111316,-0.11897722326499827,0.3093091947439943,-0.009840098400983877
2026-08-04,basket_dispersion_relative_5,2026-07-01,LOW,-0.2896771337754622,-0.11897722326499827,0.3093091947439943,-0.008536585365853666
2026-08-05,basket_dispersion_relative_5,2026-07-01,LOW,-0.40391718247470565,-0.11897722326499827,0.3093091947439943,-0.010778443113772518
2026-08-06,basket_dispersion_relative_5,2026-07-01,MID,0.2574590586877945,-0.11897722326499827,0.3093091947439943,-0.01314217443249699
2026-08-07,basket_dispersion_relative_5,2026-07-01,HIGH,0.5700401076917139,-0.11897722326499827,0.3093091947439943,-0.022753792298716435
2026-08-10,basket_dispersion_relative_5,2026-07-01,HIGH,0.678225259001386,-0.11897722326499827,0.3093091947439943,-0.011216056670602104
2026-08-11,basket_dispersion_relative_5,2026-07-01,MID,0.18234678566805407,-0.11897722326499827,0.3093091947439943,0.0
2026-08-12,basket_dispersion_relative_5,2026-07-01,LOW,-0.24628779141795143,-0.11897722326499827,0.3093091947439943,-0.037296037296037365
2026-08-13,basket_dispersion_relative_5,2026-07-01,LOW,-0.5948041123966232,-0.11897722326499827,0.3093091947439943,-0.023640661938534313
2026-08-14,basket_dispersion_relative_5,2026-07-01,LOW,-0.5279100640384105,-0.11897722326499827,0.3093091947439943,-0.03958090803259606
2026-08-17,basket_dispersion_relative_5,2026-07-01,LOW,-0.3283259592448319,-0.11897722326499827,0.3093091947439943,-0.07333712336554865
2026-08-18,basket_dispersion_relative_5,2026-07-01,LOW,-0.22644438718454896,-0.11897722326499827,0.3093091947439943,-0.059233449477351874
2026-08-19,basket_dispersion_relative_5,2026-07-01,LOW,-0.5435867950444766,-0.11897722326499827,0.3093091947439943,-0.029358897543439122
2026-08-20,basket_dispersion_relative_5,2026-07-01,LOW,-0.3433125480058602,-0.11897722326499827,0.3093091947439943,-0.025856885147324093
2026-08-21,basket_dispersion_relative_5,2026-07-01,LOW,-0.49526465197686953,-0.11897722326499827,0.3093091947439943,-0.03686087990487508
2026-08-24,basket_dispersion_relative_5,2026-07-01,LOW,-0.509027274340091,-0.11897722326499827,0.3093091947439943,-0.01159243441122626
2026-08-25,basket_dispersion_relative_5,2026-07-01,LOW,-0.5547144627632666,-0.11897722326499827,0.3093091947439943,-0.019081693500298202
2026-08-26,basket_dispersion_relative_5,2026-07-01,LOW,-0.2811735199953391,-0.11897722326499827,0.3093091947439943,-0.03218116805721083
2026-08-27,basket_dispersion_relative_5,2026-07-01,MID,0.07235463240258766,-0.11897722326499827,0.3093091947439943,-0.03562945368171011
2026-08-28,basket_dispersion_relative_5,2026-07-01,MID,0.13253863964697365,-0.11897722326499827,0.3093091947439943,-0.01991550995775493
2026-08-31,basket_dispersion_relative_5,2026-07-01,MID,0.271869752388477,-0.11897722326499827,0.3093091947439943,-0.0269622528460155
2026-09-01,basket_dispersion_relative_5,2026-07-01,LOW,-0.12274009899540628,-0.11897722326499827,0.3093091947439943,-0.009151921903599702
2026-09-02,basket_dispersion_relative_5,2026-07-01,MID,-0.07349365131344776,-0.11897722326499827,0.3093091947439943,-0.011487303506650504
2026-09-03,basket_dispersion_relative_5,2026-07-01,LOW,-0.1872110175946744,-0.11897722326499827,0.3093091947439943,-0.013872135102533156
2026-09-04,basket_dispersion_relative_5,2026-07-01,LOW,-0.2655744708965945,-0.11897722326499827,0.3093091947439943,-0.029003021148036323
2026-09-07,basket_dispersion_relative_5,2026-07-01,LOW,-0.4585549411022798,-0.11897722326499827,0.3093091947439943,-0.02841596130592494
2026-09-08,basket_dispersion_relative_5,2026-07-01,LOW,-0.26397256799323043,-0.11897722326499827,0.3093091947439943,-0.024286581663630846
2026-09-09,basket_dispersion_relative_5,2026-07-01,LOW,-0.27647398480516494,-0.11897722326499827,0.3093091947439943,-0.03599280143971206
2026-09-10,basket_dispersion_relative_5,2026-07-01,LOW,-0.4236596000425571,-0.11897722326499827,0.3093091947439943,-0.013505217925107393
2026-09-11,basket_dispersion_relative_5,2026-07-01,MID,-0.11577091791639693,-0.11897722326499827,0.3093091947439943,-0.011670761670761642
2026-09-14,basket_dispersion_relative_5,2026-07-01,LOW,-0.2685727949893476,-0.11897722326499827,0.3093091947439943,-0.00801479654747228
2026-09-15,basket_dispersion_relative_5,2026-07-01,LOW,-0.3705966565344977,-0.11897722326499827,0.3093091947439943,-0.0061766522544780544
2026-09-16,basket_dispersion_relative_5,2026-07-01,LOW,-0.26516331542723615,-0.11897722326499827,0.3093091947439943,-0.0024420024420024333
2026-09-17,basket_dispersion_relative_5,2026-07-01,LOW,-0.15066526749847298,-0.11897722326499827,0.3093091947439943,-0.01748040988547328
2026-09-18,basket_dispersion_relative_5,2026-07-01,LOW,-0.24417295449724208,-0.11897722326499827,0.3093091947439943,-0.07586618876941453
