date,exit_date,target,linear_bp,pysr_bp,shifted_bp
2024-01-02,2024-01-03,-0.002185792349726934,2.6934714,-0.18036983907222748,0.358867883682251
2024-01-03,2024-01-04,-0.010562739027499601,6.2157583,3.398862361907959,0.358867883682251
2024-01-04,2024-01-05,-0.004045605001838926,-5.2671957,-8.26973819732666,0.358867883682251
2024-01-05,2024-01-08,-0.011751538891997648,-2.8473997,-5.810821056365967,0.358867883682251
2024-01-08,2024-01-09,0.004760091393754884,-9.042068,-8.886734962463379,1.2367364168167114
2024-01-09,2024-01-10,0.003432494279176135,3.4480114,3.805272102355957,1.2367364168167114
2024-01-10,2024-01-11,0.007251908396946671,1.1760812,1.49661123752594,1.2367364168167114
2024-01-11,2024-01-12,0.003210576015108657,14.949039,18.18401527404785,1.8732918500900269
2024-01-12,2024-01-15,0.006066350710900448,4.9365664,3.5790514945983887,0.7755740880966187
2024-01-15,2024-01-16,-0.0064565134827193615,1.6409369,0.23014158010482788,0.7755740880966187
2024-01-16,2024-01-17,-0.00399695470118,-2.9313412,-4.4160566329956055,0.7755740880966187
2024-01-17,2024-01-18,-0.016549844236760203,-9.865136,-11.46195125579834,0.7755740880966187
2024-01-18,2024-01-19,-0.00019535065442477517,-1.9723816,-3.441593647003174,0.7755740880966187
2024-01-19,2024-01-22,-0.01729559748427678,-3.3659124,-4.857654094696045,0.7755740880966187
2024-01-22,2024-01-23,0.012386457473162693,-11.985091,-9.185564041137695,1.8732918500900269
2024-01-23,2024-01-24,-0.010098969905069644,16.82172,21.159488677978516,2.100876569747925
2024-01-24,2024-01-25,0.018931845356715993,7.016081,10.122802734375,1.8732918500900269
2024-01-25,2024-01-26,-0.0025267249757044974,22.973919,23.220643997192383,1.12722647190094
2024-01-26,2024-01-29,-0.009579667644183831,-1.0911674,-4.8730878829956055,0.12480881065130234
2024-01-29,2024-01-30,0.00020028039254937902,-3.2172031,-7.0334954261779785,0.12480881065130234
2024-01-30,2024-01-31,-0.005510204081632608,-7.4928446,-7.738681316375732,1.12722647190094
2024-01-31,2024-02-01,0.011984861227922528,-4.572567,-1.6531999111175537,1.8732918500900269
2024-02-01,2024-02-02,-0.015113350125944613,2.7207232,5.758001804351807,1.8732918500900269
2024-02-02,2024-02-05,-0.03852813852813841,-9.155141,-6.309860706329346,1.8732918500900269
2024-02-05,2024-02-06,0.04483604728976154,13.792013,17.008283615112305,1.8732918500900269
2024-02-06,2024-02-07,0.050394656952033934,29.265263,29.613698959350586,1.12722647190094
2024-02-07,2024-02-08,0.013215027373985277,29.074554,25.780324935913086,0.12480881065130234
2024-02-08,2024-02-19,-0.021509433962264124,24.947319,21.681100845336914,0.8622246384620667
2024-02-19,2024-02-20,-0.0011569610489780002,1.3219075,4.313633918762207,6.224001884460449
2024-02-20,2024-02-21,0.023354564755838636,0.08428764,3.0560052394866943,6.224001884460449
2024-02-21,2024-02-22,0.0017267843438220076,8.655827,11.766120910644531,6.224001884460449
2024-02-22,2024-02-23,-0.0068454078722191,1.1003375,4.088481426239014,6.224001884460449
2024-02-23,2024-02-26,0.0030360531309296945,-1.5820537,1.36272394657135,6.224001884460449
2024-02-26,2024-02-27,0.01444866920152088,-1.5950298,1.34953773021698,6.224001884460449
2024-02-27,2024-02-28,-0.005186145582515178,20.544277,17.206872940063477,0.8622246384620667
2024-02-28,2024-02-29,0.022514787254340973,0.23424387,3.208385467529297,6.224001884460449
2024-02-29,2024-03-01,0.002581596902083705,29.992393,33.44763946533203,6.224001884460449
2024-03-01,2024-03-04,-0.0014649331624244644,6.208906,17.127185821533203,13.238703727722168
2024-03-04,2024-03-05,0.007545086492454889,-0.59516144,10.213116645812988,13.238703727722168
2024-03-05,2024-03-06,0.00681399631675883,7.8946657,18.840200424194336,13.238703727722168
2024-03-06,2024-03-07,-0.003497790868925099,8.299286,19.251361846923828,13.238703727722168
2024-03-07,2024-03-08,0.003910614525139744,-0.43369818,10.377190589904785,13.238703727722168
2024-03-08,2024-03-11,0.006259204712812938,14.822234,25.87976837158203,13.238703727722168
2024-03-11,2024-03-12,-0.007768744354110235,18.9362,30.060243606567383,13.238703727722168
2024-03-12,2024-03-13,0.0007264802034145923,5.381265,45.88117599487305,44.793670654296875
2024-03-13,2024-03-14,0.0010932944606414363,4.5306964,45.0168571472168,44.793670654296875
2024-03-14,2024-03-15,0.00036609921288666136,-0.82678556,9.977747917175293,13.238703727722168
2024-03-15,2024-03-18,0.0028818443804035088,13.2248955,24.25660514831543,13.238703727722168
2024-03-18,2024-03-19,-0.005704099821746911,13.996174,25.04035186767578,13.238703727722168
2024-03-19,2024-03-20,-0.0001797914419273683,-0.9546108,9.847855567932129,13.238703727722168
2024-03-20,2024-03-21,-0.008052970651395874,4.1997385,15.085536003112793,13.238703727722168
2024-03-21,2024-03-22,-0.01874887326482777,-1.2852278,9.511894226074219,13.238703727722168
2024-03-22,2024-03-25,0.0020150210661293855,-6.021021,4.6995368003845215,13.238703727722168
2024-03-25,2024-03-26,-0.0074266617155589465,-1.4298725,9.364910125732422,13.238703727722168
2024-03-26,2024-03-27,-0.008771929824561209,5.384391,14.258866310119629,11.356861114501953
2024-03-27,2024-03-28,0.020232868868104603,-3.583581,5.145908832550049,11.356861114501953
2024-03-28,2024-03-29,0.002266288951841444,12.181731,21.166101455688477,11.356861114501953
2024-03-29,2024-04-01,0.01410803786894399,12.659395,21.651487350463867,11.356861114501953
2024-04-01,2024-04-02,-0.0023709648002918637,18.993282,28.0877742767334,11.356861114501953
2024-04-02,2024-04-03,0.00018328445747783917,3.8141584,12.663249015808105,11.356861114501953
2024-04-03,2024-04-08,-0.003486238532110164,4.946415,4.944430828094482,3.699190139770508
2024-04-08,2024-04-09,0.004652028284331866,-2.9185276,-3.0476653575897217,3.699190139770508
2024-04-09,2024-04-10,-0.010145729570189999,7.4556036,7.4941864013671875,3.699190139770508
2024-04-10,2024-04-11,0.013305847076461541,-5.4776983,-5.648210525512695,3.699190139770508
2024-04-11,2024-04-12,-0.0025993316004456757,14.4030905,14.553994178771973,3.699190139770508
2024-04-12,2024-04-15,0.015887850467289688,1.3581753,6.340631484985352,7.934639930725098
2024-04-15,2024-04-16,-0.011489992587101594,13.472062,18.650365829467773,7.934639930725098
2024-04-16,2024-04-17,0.014939485627836646,-3.1277013,1.7822306156158447,7.934639930725098
2024-04-17,2024-04-18,0.01109057301293892,20.123281,20.47067642211914,3.783216953277588
2024-04-18,2024-04-19,-0.004064289673009314,13.958654,19.14482307434082,7.934639930725098
2024-04-19,2024-04-22,-0.00315633122911263,3.835013,8.857512474060059,7.934639930725098
2024-04-22,2024-04-23,-0.009723261032161479,1.9817543,6.974291801452637,7.934639930725098
2024-04-23,2024-04-24,0.0007552870090634656,-0.39592028,4.5581769943237305,7.934639930725098
2024-04-24,2024-04-25,0.004502814258911858,10.854975,15.990967750549316,7.934639930725098
2024-04-25,2024-04-26,0.013091453151299781,8.451321,13.548452377319336,7.934639930725098
2024-04-26,2024-04-29,0.014993600292557918,25.981213,31.36175537109375,7.934639930725098
2024-04-29,2024-04-30,-0.00521114106019771,22.194286,27.51360511779785,7.934639930725098
2024-04-30,2024-05-06,0.0025000000000001688,4.8533077,20.01337432861328,17.327524185180664
2024-05-06,2024-05-07,-0.002495543672014322,13.710739,18.892900466918945,7.934639930725098
2024-05-07,2024-05-08,-0.009625668449197877,4.3455544,9.376307487487793,7.934639930725098
2024-05-08,2024-05-09,0.021845098393211915,-3.852292,1.0459249019622803,7.934639930725098
2024-05-09,2024-05-10,-0.007968833008677123,25.12069,30.48731803894043,7.934639930725098
2024-05-10,2024-05-13,0.0026852846401719255,0.6795423,15.772130966186523,17.327524185180664
2024-05-13,2024-05-14,0.00017879492222427906,5.14952,20.314374923706055,17.327524185180664
2024-05-14,2024-05-15,-0.0007158196134574579,2.9819515,18.11176300048828,17.327524185180664
2024-05-15,2024-05-16,0.00036003600360023924,-2.4775815,2.442861318588257,7.934639930725098
2024-05-16,2024-05-17,-0.002390145247288089,-2.6094036,-0.43343082070350647,5.590493679046631
2024-05-17,2024-05-20,-0.00018158707100068838,21.394997,22.43842887878418,4.332344055175781
2024-05-20,2024-05-21,-0.002179440610243333,7.190157,8.003939628601074,4.332344055175781
2024-05-21,2024-05-22,-0.0014601204599380413,-2.6429472,-1.988136649131775,4.332344055175781
2024-05-22,2024-05-23,-0.013357731015553265,1.6995807,2.4245970249176025,4.332344055175781
2024-05-23,2024-05-24,0.0018653236336505508,-7.959239,-7.390377521514893,4.332344055175781
2024-05-24,2024-05-27,-0.004677268475210439,0.26296616,0.9647565484046936,4.332344055175781
2024-05-27,2024-05-28,-0.0035335689045935537,10.354355,11.219294548034668,4.332344055175781
2024-05-28,2024-05-29,0.007129455909943738,-6.2005987,-5.603305339813232,4.332344055175781
2024-05-29,2024-05-30,0.0009351037965212861,7.7193956,7.312836170196533,3.337737798690796
2024-05-30,2024-05-31,0.002244249111651442,6.0761085,5.642982006072998,3.337737798690796
2024-05-31,2024-06-03,-0.008819665978607616,8.437756,7.723904609680176,3.082792282104492
2024-06-03,2024-06-04,0.006806579693704018,-2.2001863,-3.0860228538513184,3.082792282104492
2024-06-04,2024-06-05,-0.002236719478098781,21.475143,20.972070693969727,3.082792282104492
2024-06-05,2024-06-06,-0.005822689706987072,-4.156479,-4.7550368309021,3.337737798690796
2024-06-06,2024-06-07,-0.009072009072009002,0.656636,0.13589191436767578,3.337737798690796
2024-06-07,2024-06-11,0.0007652573177729938,2.7688315,2.2822353839874268,3.337737798690796
2024-06-11,2024-06-12,0.004766444232602307,10.295649,9.611833572387695,3.082792282104492
2024-06-12,2024-06-13,-0.0060617541200984615,6.4717116,3.433511734008789,1.2785557508468628
2024-06-13,2024-06-14,0.0,-2.897882,-6.087561130523682,1.2785557508468628
2024-06-14,2024-06-17,0.0019058509624547693,13.600791,10.677848815917969,1.2785557508468628
2024-06-17,2024-06-18,0.00627973358705991,5.823753,5.067640781402588,3.082792282104492
2024-06-18,2024-06-19,-0.01078116133913365,11.767216,11.107192993164062,3.082792282104492
2024-06-19,2024-06-20,-0.01034680973366553,-6.28856,-9.823320388793945,1.0501443147659302
2024-06-20,2024-06-21,0.002724265421288008,-4.8496723,-8.36116886138916,1.0501443147659302
2024-06-21,2024-06-24,-0.009533073929961056,10.937246,7.680979251861572,1.0501443147659302
2024-06-24,2024-06-25,-0.006930693069306937,-4.177326,-7.677952766418457,1.0501443147659302
2024-06-25,2024-06-26,-0.0010016025641025328,4.131123,0.7648201584815979,1.0501443147659302
2024-06-26,2024-06-27,-0.00672867603403926,16.136755,12.964548110961914,1.0501443147659302
2024-06-27,2024-06-28,0.012253917235837575,-6.1720753,-6.803219795227051,3.337737798690796
2024-06-28,2024-07-01,0.0030024019215373343,13.1414175,12.822516441345215,3.337737798690796
2024-07-01,2024-07-02,-0.007521773555027367,15.349873,16.179866790771484,4.237853527069092
2024-07-02,2024-07-03,-0.0017989206476115571,-3.867631,-2.598536491394043,4.853285312652588
2024-07-03,2024-07-04,-0.010843373493975905,0.6196742,1.2115219831466675,4.237853527069092
2024-07-04,2024-07-05,-0.0024539877300612245,-5.287406,-4.79105806350708,4.237853527069092
2024-07-05,2024-07-08,-0.008341810783316417,11.734274,12.505813598632812,4.237853527069092
2024-07-08,2024-07-09,0.005165289256198191,-3.5190325,-2.9940953254699707,4.237853527069092
2024-07-09,2024-07-10,0.002030044660982666,20.736248,21.6533260345459,4.237853527069092
2024-07-10,2024-07-11,0.0052377115229653715,4.6397705,6.046404838562012,4.853285312652588
2024-07-11,2024-07-12,-0.004400880176035127,15.330535,16.160215377807617,4.237853527069092
2024-07-12,2024-07-15,-0.003018108651911544,4.669132,6.076241493225098,4.853285312652588
2024-07-15,2024-07-16,0.0014172909495848707,-0.042885303,1.2880443334579468,4.853285312652588
2024-07-16,2024-07-17,-0.002216848045143105,4.5453672,5.950475215911865,4.853285312652588
2024-07-17,2024-07-18,-0.004474272930648837,2.5226712,3.1452853679656982,4.237853527069092
2024-07-18,2024-07-19,0.005681818181818121,14.78574,11.713546752929688,1.1462452411651611
2024-07-19,2024-07-22,-0.00040420371867433413,9.26057,9.99211597442627,4.237853527069092
2024-07-22,2024-07-23,-0.014398702088825766,1.4192405,2.024015188217163,4.237853527069092
2024-07-23,2024-07-24,-0.0006265664160400863,-7.798131,-7.342374801635742,4.237853527069092
2024-07-24,2024-07-25,0.008679085520745033,-0.7746391,-0.20533332228660583,4.237853527069092
2024-07-25,2024-07-26,0.013522079019649302,10.106768,10.851993560791016,4.237853527069092
2024-07-26,2024-07-29,-0.0012497396375754644,16.813168,13.773751258850098,1.1462452411651611
2024-07-29,2024-07-30,0.0010488777008601513,-0.063554764,-3.3758177757263184,1.1462452411651611
2024-07-30,2024-07-31,0.035205364626990754,8.03192,4.850537300109863,1.1462452411651611
2024-07-31,2024-08-01,-0.011256281407035496,28.917755,25.19575309753418,0.4316765367984772
2024-08-01,2024-08-02,0.003269309358397976,-0.7503691,-3.9985857009887695,1.205346703529358
2024-08-02,2024-08-05,0.009504132231404894,1.6178937,-1.592035174369812,1.205346703529358
2024-08-05,2024-08-06,-0.0035277028429133717,-4.016281,-8.270735740661621,0.4316765367984772
2024-08-06,2024-08-07,0.0010377750103778283,6.618802,2.5362870693206787,0.4316765367984772
2024-08-07,2024-08-08,0.009561421741841603,4.171646,0.04956762492656708,0.4316765367984772
2024-08-08,2024-08-09,-0.007822149032523762,11.258956,7.251458644866943,0.4316765367984772
2024-08-09,2024-08-12,0.0010438413361169019,-5.3889484,-9.17264461517334,0.8405744433403015
2024-08-12,2024-08-13,-0.003754693366708195,4.1034293,0.47319748997688293,0.8405744433403015
2024-08-13,2024-08-14,-0.009155222638368765,9.49329,5.457247257232666,0.4316765367984772
2024-08-14,2024-08-15,0.015241320914479273,-7.9368916,-12.254731178283691,0.4316765367984772
2024-08-15,2024-08-16,-0.0037720033528920727,17.635452,13.731045722961426,0.4316765367984772
2024-08-16,2024-08-19,0.006538704914575089,-1.2325172,-4.9490156173706055,0.8405744433403015
2024-08-19,2024-08-20,-0.018689626207475718,9.548528,6.0063276290893555,0.8405744433403015
2024-08-20,2024-08-21,0.0,-10.48255,-14.348594665527344,0.8405744433403015
2024-08-21,2024-08-22,-0.006859592711682683,0.052302837,-3.643423557281494,0.8405744433403015
2024-08-22,2024-08-23,0.0019552465783185813,-3.3578558,-7.108715534210205,0.8405744433403015
2024-08-23,2024-08-26,0.0004336513443190526,9.240787,5.693611145019531,0.8405744433403015
2024-08-26,2024-08-27,-0.002392864911899051,5.367573,1.7577788829803467,0.8405744433403015
2024-08-27,2024-08-28,0.0028471309680244694,-0.41700268,-4.120316982269287,0.8405744433403015
2024-08-28,2024-08-29,0.017120280948200284,12.18693,8.687384605407715,0.8405744433403015
2024-08-29,2024-08-30,0.027225583405358522,19.102455,15.714714050292969,0.8405744433403015
2024-08-30,2024-09-02,-0.010212765957446801,20.994762,18.866907119750977,1.8071664571762085
2024-09-02,2024-09-03,0.007149046793760938,-4.3225927,-4.220522880554199,3.9045569896698
2024-09-03,2024-09-04,0.0060344827586207295,13.310916,13.698070526123047,3.9045569896698
2024-09-04,2024-09-05,-0.002136752136751907,5.27365,6.6350321769714355,4.80747652053833
2024-09-05,2024-09-06,-0.013006396588486346,8.774679,10.192662239074707,4.80747652053833
2024-09-06,2024-09-09,-0.0019565217391305234,-4.612115,-3.4105570316314697,4.80747652053833
2024-09-09,2024-09-10,-0.01744059298016143,1.9837775,2.1878035068511963,3.9045569896698
2024-09-10,2024-09-11,0.005048287971905152,-0.4393463,-0.27449485659599304,3.9045569896698
2024-09-11,2024-09-12,-0.002393385552654559,8.142068,8.445655822753906,3.9045569896698
2024-09-12,2024-09-13,-0.003060778312199419,4.486229,4.730712413787842,3.9045569896698
2024-09-13,2024-09-18,-0.011928429423459286,1.1356845,1.32599937915802,3.9045569896698
2024-09-18,2024-09-19,0.010778706555213402,2.1063757,2.3123841285705566,3.9045569896698
2024-09-19,2024-09-20,-0.00414394765539805,16.71627,17.158477783203125,3.9045569896698
2024-09-20,2024-09-23,0.0059223513928492455,3.3159208,4.6456522941589355,4.80747652053833
2024-09-23,2024-09-24,0.016450216450216493,6.734349,7.015178203582764,3.9045569896698
2024-09-24,2024-09-25,0.0012371134020616736,30.654995,31.322553634643555,3.9045569896698
2024-09-25,2024-09-26,0.01105318039624592,5.4218655,5.742197036743164,3.953794479370117
2024-09-26,2024-09-27,0.05385961501069403,29.917908,27.934316635131836,1.8071664571762085
2024-09-27,2024-09-30,0.007946104681292088,17.82739,18.348281860351562,3.953794479370117
2024-09-30,2024-10-08,-0.05003790750568604,26.34034,30.83690071105957,7.163726806640625
2024-10-08,2024-10-09,-0.018539976825028948,-0.9702592,18.04958152770996,21.273588180541992
2024-10-09,2024-10-10,0.006814310051107331,3.094746,22.18030548095703,21.273588180541992
2024-10-10,2024-10-11,-0.017271458478715918,4.716995,23.82878303527832,21.273588180541992
2024-10-11,2024-10-14,0.014901256732495538,-6.013158,-2.039660692214966,7.163726806640625
2024-10-14,2024-10-15,0.007250221043324512,11.502411,15.759084701538086,7.163726806640625
2024-10-15,2024-10-16,0.01509914498817544,-7.612687,-7.503086566925049,3.953794479370117
2024-10-16,2024-10-17,-0.0005380200860831685,12.893767,13.3348970413208,3.953794479370117
2024-10-17,2024-10-18,0.01798365122615797,-6.1819706,-6.049239635467529,3.953794479370117
2024-10-18,2024-10-21,0.016837354625932832,31.011845,31.74588966369629,3.953794479370117
2024-10-21,2024-10-22,0.013321799307958404,-0.53053284,3.837881565093994,7.427989482879639
2024-10-22,2024-10-23,0.010605542251111988,11.582308,12.002236366271973,3.953794479370117
2024-10-23,2024-10-24,-0.0006851661527920161,8.143335,8.507664680480957,3.953794479370117
2024-10-24,2024-10-25,0.016472203157172238,-4.9606295,-4.80815315246582,3.953794479370117
2024-10-25,2024-10-28,0.010677966101694913,14.641471,15.110856056213379,3.953794479370117
2024-10-28,2024-10-29,-0.008347245409015103,10.683231,14.057849884033203,6.420474529266357
2024-10-29,2024-10-30,0.0001695202576708077,-4.374585,-1.2434091567993164,6.420474529266357
2024-10-30,2024-10-31,0.012487343908201165,5.1129017,5.4282379150390625,3.953794479370117
2024-10-31,2024-11-01,0.0043398430979804115,7.846172,8.205698013305664,3.953794479370117
2024-11-01,2024-11-04,0.008913555331315326,2.9254467,3.205418109893799,3.953794479370117
2024-11-04,2024-11-05,0.02585349685117677,14.916177,14.579724311828613,3.3006904125213623
2024-11-05,2024-11-06,0.004501607717041667,22.550068,23.147314071655273,3.953794479370117
2024-11-06,2024-11-07,0.010339256865912638,0.45709562,3.6663858890533447,6.420474529266357
2024-11-07,2024-11-08,-0.010935791282612128,17.82645,21.31655502319336,6.420474529266357
2024-11-08,2024-11-11,0.01797645561565364,-2.4334774,10.120115280151367,14.918999671936035
2024-11-11,2024-11-12,0.0026397515527949444,4.9217043,17.594209671020508,14.918999671936035
2024-11-12,2024-11-13,-0.00599936848752769,-4.896594,7.617176532745361,14.918999671936035
2024-11-13,2024-11-14,-0.010247516947816449,3.0452497,15.687417984008789,14.918999671936035
2024-11-14,2024-11-15,-0.009077646295996056,-6.6734266,5.811617851257324,14.918999671936035
2024-11-15,2024-11-18,0.001326699834162559,0.3665259,12.965386390686035,14.918999671936035
2024-11-18,2024-11-19,-0.0011796427367711804,3.3489285,15.99600601196289,14.918999671936035
2024-11-19,2024-11-20,0.011480865224625658,11.923729,15.318401336669922,6.420474529266357
2024-11-20,2024-11-21,-0.0006585446163978048,6.6490583,9.958455085754395,6.420474529266357
2024-11-21,2024-11-22,-0.010382333553065282,0.4744215,3.6839916706085205,6.420474529266357
2024-11-22,2024-11-25,-0.0076857386848847575,-9.917065,-6.875494956970215,6.420474529266357
2024-11-25,2024-11-26,0.0037865748709122737,5.4859495,8.776541709899902,6.420474529266357
2024-11-26,2024-11-27,0.0053614666205465955,-2.1220655,1.0455265045166016,6.420474529266357
2024-11-27,2024-11-28,-0.0037357785702155644,28.356358,32.01669692993164,6.420474529266357
2024-11-28,2024-11-29,0.021869126943447892,-1.5587835,11.008950233459473,14.918999671936035
2024-11-29,2024-12-02,0.01664984863773955,23.80561,36.783416748046875,14.918999671936035
2024-12-02,2024-12-03,-0.003312355084465035,15.625749,35.59062957763672,21.9630069732666
2024-12-03,2024-12-04,-0.002990033222591393,0.78918624,13.394880294799805,14.918999671936035
2024-12-04,2024-12-05,0.0055322715842414105,-4.2707443,1.7730802297592163,8.947293281555176
2024-12-05,2024-12-06,0.017011340893929194,7.949359,14.19074821472168,8.947293281555176
2024-12-06,2024-12-09,-0.0095473251028807,23.784477,30.28187370300293,8.947293281555176
2024-12-09,2024-12-10,-0.019585987261146576,-1.913475,10.648524284362793,14.918999671936035
2024-12-10,2024-12-11,0.008222331853313669,6.2209063,18.91441535949707,14.918999671936035
2024-12-11,2024-12-12,0.00846905537459297,13.441204,26.251445770263672,14.918999671936035
2024-12-12,2024-12-13,-0.007494297816878492,11.846369,24.63082504272461,14.918999671936035
2024-12-13,2024-12-16,-0.010837438423645374,-3.2105122,9.330517768859863,14.918999671936035
2024-12-16,2024-12-17,-0.008665222462922784,-2.4474926,10.105873107910156,14.918999671936035
2024-12-17,2024-12-18,0.005205709487825283,2.0839565,14.710582733154297,14.918999671936035
2024-12-18,2024-12-19,0.0005058168942841945,11.600047,24.380521774291992,14.918999671936035
2024-12-19,2024-12-20,0.009186570903624736,9.582329,22.330183029174805,14.918999671936035
2024-12-20,2024-12-23,-0.007321131447587281,5.0813913,11.276412963867188,8.947293281555176
2024-12-23,2024-12-24,0.006085192697768749,-2.5993166,3.4715304374694824,8.947293281555176
2024-12-24,2024-12-25,-0.013371218452281397,21.226994,27.683042526245117,8.947293281555176
2024-12-25,2024-12-26,0.008091706001348786,-3.2930574,2.766573429107666,8.947293281555176
2024-12-26,2024-12-27,0.014077425842131674,11.313518,17.609294891357422,8.947293281555176
2024-12-27,2024-12-30,-0.002004008016032066,12.660746,13.084063529968262,3.942401170730591
2024-12-30,2024-12-31,-0.017866087827684063,7.1029463,5.70529317855835,2.5572621822357178
2024-12-31,2025-01-02,-0.009126915791286327,-8.662852,-11.893072128295898,1.319846272468567
2025-01-02,2025-01-03,-0.00497159090909105,-6.08827,-9.276866912841797,1.319846272468567
2025-01-03,2025-01-06,0.0009066183136898776,2.7141078,-0.3321787416934967,1.319846272468567
2025-01-06,2025-01-07,-0.001996007984031989,8.043342,5.0832133293151855,1.319846272468567
2025-01-07,2025-01-08,-0.022702702702702804,7.269684,4.2970476150512695,1.319846272468567
2025-01-08,2025-01-09,0.004343891402714961,-3.1949024,-6.336721420288086,1.319846272468567
2025-01-09,2025-01-10,-0.0010836192884232654,2.9308498,-0.11193279176950455,1.319846272468567
2025-01-10,2025-01-13,0.007577157641840859,-4.341015,-8.651586532592773,0.3864271342754364
2025-01-13,2025-01-14,0.0222587119138844,19.907957,15.989422798156738,0.3864271342754364
2025-01-14,2025-01-15,-0.005137289636846676,27.559856,23.765031814575195,0.3864271342754364
2025-01-15,2025-01-16,-0.0021652832912306685,-5.528866,-8.708417892456055,1.319846272468567
2025-01-16,2025-01-17,0.015063520871143377,5.3100395,2.3057217597961426,1.319846272468567
2025-01-17,2025-01-20,0.0028495102404273442,17.611582,14.806144714355469,1.319846272468567
2025-01-20,2025-01-21,-0.001243339253996445,5.8623123,5.264604091644287,3.208770751953125
2025-01-21,2025-01-22,-0.003029762965603311,3.109349,0.06945230066776276,1.319846272468567
2025-01-22,2025-01-23,-0.0015929203539822856,0.54684854,-2.5344762802124023,1.319846272468567
2025-01-23,2025-01-24,0.014006105225354615,4.1793833,1.1567857265472412,1.319846272468567
2025-01-24,2025-01-27,-0.00883548330093653,23.601173,20.8925724029541,1.319846272468567
2025-01-27,2025-02-05,-0.0030152536360411597,-0.72099495,-1.4251364469528198,3.208770751953125
2025-02-05,2025-02-06,0.019828510182207992,3.064496,2.4215550422668457,3.208770751953125
2025-02-06,2025-02-07,0.0245473537604457,19.931467,17.163536071777344,1.319846272468567
2025-02-07,2025-02-10,0.0013691596782474669,15.339354,12.497180938720703,1.319846272468567
2025-02-10,2025-02-11,-0.0037408603978914545,1.4027717,0.7329654097557068,3.208770751953125
2025-02-11,2025-02-12,0.0035965062510701085,-3.7834826,-6.934817314147949,1.319846272468567
2025-02-12,2025-02-13,-0.004381530165149972,11.535533,8.631863594055176,1.319846272468567
2025-02-13,2025-02-14,0.009336275674758143,-2.364853,-5.433321475982666,1.3667998313903809
2025-02-14,2025-02-17,-0.0046877615938388795,6.024499,3.0916624069213867,1.3667998313903809
2025-02-17,2025-02-18,0.001688333614722426,-2.5659661,-5.637685775756836,1.3667998313903809
2025-02-18,2025-02-19,0.012343562489285143,-4.5738344,-7.678016185760498,1.3667998313903809
2025-02-19,2025-02-20,-0.0011794439764111209,13.468627,10.656140327453613,1.3667998313903809
2025-02-20,2025-02-21,0.012233953410424103,-0.6879425,-1.3915494680404663,3.208770751953125
2025-02-21,2025-02-24,0.0,12.810144,12.324762344360352,3.208770751953125
2025-02-24,2025-02-25,0.007182228161015658,-1.3850989,-0.9221513867378235,4.159193515777588
2025-02-25,2025-02-26,0.004843828294638364,-1.4513025,-0.9894254207611084,4.159193515777588
2025-02-26,2025-02-27,-0.007954922108054263,11.632162,12.305561065673828,4.159193515777588
2025-02-27,2025-02-28,-0.009013520280420573,-1.0051446,-0.536054253578186,4.159193515777588
2025-02-28,2025-03-03,0.00818135333219705,-4.155116,-3.736952543258667,4.159193515777588
2025-03-03,2025-03-04,0.00976194553861931,9.66456,8.360928535461426,2.598829746246338
2025-03-04,2025-03-05,-0.0035401213755900107,12.69546,11.440829277038574,2.598829746246338
2025-03-05,2025-03-06,0.013065326633165952,-0.5179014,-1.9861551523208618,2.598829746246338
2025-03-06,2025-03-07,0.0028234512539444534,18.61075,15.881397247314453,1.3667998313903809
2025-03-07,2025-03-10,-0.004826897470039837,0.6490841,-0.8003029227256775,2.598829746246338
2025-03-10,2025-03-11,0.004877228388832755,-1.3606443,-2.8425228595733643,2.598829746246338
2025-03-11,2025-03-12,-0.0004959497437593274,12.261858,11.000216484069824,2.598829746246338
2025-03-12,2025-03-13,-0.010116086235489319,2.4331398,0.4062473773956299,2.1213672161102295
2025-03-13,2025-03-14,0.014352469959946657,0.0862236,-1.9786115884780884,2.1213672161102295
2025-03-14,2025-03-17,-0.0016366612111294865,23.914139,22.23453140258789,2.1213672161102295
2025-03-17,2025-03-18,0.002781413612565231,0.23148298,-1.2246551513671875,2.598829746246338
2025-03-18,2025-03-19,-0.001962387571545543,3.378013,1.9727450609207153,2.598829746246338
2025-03-19,2025-03-20,0.0,0.43788385,-1.0149174928665161,2.598829746246338
2025-03-20,2025-03-21,-0.00895077076081563,-3.1060514,-4.616147994995117,2.598829746246338
2025-03-21,2025-03-24,-0.0060301507537688925,-4.62928,-6.164002895355225,2.598829746246338
2025-03-24,2025-03-25,-0.00419674332717801,2.7386034,1.3229981660842896,2.598829746246338
2025-03-25,2025-03-26,0.005393561436035643,5.116302,3.7391374111175537,2.598829746246338
2025-03-26,2025-03-27,0.00421088091628774,4.6390305,3.2541494369506836,2.598829746246338
2025-03-27,2025-03-28,-0.006551318662859074,10.521309,9.231528282165527,2.598829746246338
2025-03-28,2025-03-31,-0.0141132460465907,-2.2280722,-4.330322742462158,2.1213672161102295
2025-03-31,2025-04-01,0.009379263301500629,-2.7130113,-4.823101997375488,2.1213672161102295
2025-04-01,2025-04-02,0.005273005613199544,9.472636,7.5595526695251465,2.1213672161102295
2025-04-02,2025-04-03,-0.0034217279726261873,9.011408,6.0589375495910645,1.3135809898376465
2025-04-03,2025-04-07,-0.04128113879003559,5.005421,1.9881850481033325,1.3135809898376465
2025-04-07,2025-04-08,-0.0009412650602410588,2.2975063,-0.7635089159011841,1.3135809898376465
2025-04-08,2025-04-09,0.02302568981921982,21.402096,18.649946212768555,1.3135809898376465
2025-04-09,2025-04-10,0.006360167181537424,20.672295,19.16510581970215,2.2980072498321533
2025-04-10,2025-04-11,0.007441016333938233,1.7134728,1.3633915185928345,3.460967540740967
2025-04-11,2025-04-14,0.0032056990204809566,10.292454,10.081069946289062,3.460967540740967
2025-04-14,2025-04-15,-0.006055209260908301,0.5094218,0.13987454771995544,3.460967540740967
2025-04-15,2025-04-16,-0.011155091759625813,-2.2598948,-2.6742138862609863,3.460967540740967
2025-04-16,2025-04-17,0.01303403330919628,-1.6319652,-2.036132574081421,3.460967540740967
2025-04-17,2025-04-18,-0.001985559566787032,7.775041,6.059340476989746,2.2980072498321533
2025-04-18,2025-04-21,0.010822510822510845,7.116587,4.133482456207275,1.3135809898376465
2025-04-21,2025-04-22,-0.0005339028296850179,14.843618,11.985438346862793,1.3135809898376465
2025-04-22,2025-04-23,-0.0012413548501506444,2.3219604,0.5180989503860474,2.2980072498321533
2025-04-23,2025-04-24,-0.007107320540156281,4.6774545,1.6549161672592163,1.3135809898376465
2025-04-24,2025-04-25,0.006951871657753905,1.0303597,-2.0511415004730225,1.3135809898376465
2025-04-25,2025-04-28,-0.002846975088968029,12.07718,9.174274444580078,1.3135809898376465
2025-04-28,2025-04-29,0.005745062836624681,-0.8041644,-2.8358852863311768,2.1586592197418213
2025-04-29,2025-04-30,0.006252232940335833,7.3272543,5.426995277404785,2.1586592197418213
2025-04-30,2025-05-06,0.012908930150309361,7.1189857,4.13592004776001,1.3135809898376465
2025-05-06,2025-05-07,-0.010175922731976539,15.89282,13.05160140991211,1.3135809898376465
2025-05-07,2025-05-08,0.007505672892302195,-2.2020445,-4.256364822387695,2.1586592197418213
2025-05-08,2025-05-09,-0.007986111111111027,9.075679,6.124247074127197,1.3135809898376465
2025-05-09,2025-05-12,0.0029590948651001536,-3.770235,-8.052420616149902,0.4035988450050354
2025-05-12,2025-05-13,-0.009957081545064361,13.847731,9.850377082824707,0.4035988450050354
2025-05-13,2025-05-14,-0.003809523809523818,-2.7951097,-5.93845796585083,1.3135809898376465
2025-05-14,2025-05-15,-0.007611139941186562,10.017422,6.0596113204956055,0.4922126531600952
2025-05-15,2025-05-16,0.002278303540133253,-5.8017654,-10.015326499938965,0.4922126531600952
2025-05-16,2025-05-19,-0.0014010507880910517,2.6247506,-1.4525777101516724,0.4922126531600952
2025-05-19,2025-05-20,0.003142458100558576,1.4187703,-2.6780552864074707,0.4922126531600952
2025-05-20,2025-05-21,0.00261369576581294,7.3538556,3.352983236312866,0.4922126531600952
2025-05-21,2025-05-22,-0.0003488574917146492,2.194889,-2.2680227756500244,0.019637564197182655
2025-05-22,2025-05-23,0.0035044681969511604,-5.8461323,-10.439044952392578,0.019637564197182655
2025-05-23,2025-05-26,-0.0005303164221318601,-1.8906622,-6.200831890106201,0.01074669323861599
2025-05-26,2025-05-27,-0.0056417489421719536,6.9345016,2.767009735107422,0.01074669323861599
2025-05-27,2025-05-28,-0.0017677214071061265,-0.31671,-4.601433277130127,0.01074669323861599
2025-05-28,2025-05-29,0.011858407079646138,0.5557685,-3.069169282913208,0.1592448204755783
2025-05-29,2025-05-30,-0.003502626970227629,23.616512,20.364398956298828,0.1592448204755783
2025-05-30,2025-06-03,0.005633802816901401,-3.7650766,-8.105550765991211,0.01074669323861599
2025-06-03,2025-06-04,0.009467040673211802,7.7704935,3.6165170669555664,0.01074669323861599
2025-06-04,2025-06-05,0.0,10.99317,7.536974906921387,0.1592448204755783
2025-06-05,2025-06-06,-0.001556285664879864,6.8412933,2.6722943782806396,0.01074669323861599
2025-06-06,2025-06-09,0.0051768766177739955,1.059844,-2.5569443702697754,0.1592448204755783
2025-06-09,2025-06-10,-0.0022317596566523434,12.232494,8.796335220336914,0.1592448204755783
2025-06-10,2025-06-11,0.008135710576423705,-5.659976,-10.031085968017578,0.01074669323861599
2025-06-11,2025-06-12,0.0025822000344293272,11.187933,7.734886646270752,0.1592448204755783
2025-06-12,2025-06-13,-0.007395940832473302,0.69571495,-3.5726404190063477,0.01074669323861599
2025-06-13,2025-06-16,0.0057341442224152495,-1.3171525,-5.6180500984191895,0.01074669323861599
2025-06-16,2025-06-17,-0.0037917959324371697,8.083722,4.5804901123046875,0.1592448204755783
2025-06-17,2025-06-18,-0.006567576909782269,0.3397472,-3.2886829376220703,0.1592448204755783
2025-06-18,2025-06-19,-0.008155474579212174,1.7433817,-1.8623555898666382,0.1592448204755783
2025-06-19,2025-06-20,-0.0022755119901978205,-8.99447,-12.773807525634766,0.1592448204755783
2025-06-20,2025-06-23,0.002293577981651307,1.5514972,-2.057342290878296,0.1592448204755783
2025-06-23,2025-06-24,0.012406080726891533,11.9055805,8.464137077331543,0.1592448204755783
2025-06-24,2025-06-25,0.006366139022711659,18.221958,14.23695182800293,0.01074669323861599
2025-06-25,2025-06-26,0.0023708721422524004,17.436268,13.221363067626953,0.11134764552116394
2025-06-26,2025-06-27,0.0071258907363420665,-1.5917292,-2.7900900840759277,2.826340675354004
2025-06-27,2025-06-30,0.0050701368936960645,7.7904596,6.743782043457031,2.826340675354004
2025-06-30,2025-07-01,0.0003361344537815558,7.212888,6.156872272491455,2.826340675354004
2025-07-01,2025-07-02,-0.0011742996141587136,4.687689,3.590847969055176,2.826340675354004
2025-07-02,2025-07-03,0.0011770640659154452,1.4573145,0.3082481026649475,2.826340675354004
2025-07-03,2025-07-04,0.0030211480362538623,4.493885,3.393911600112915,2.826340675354004
2025-07-04,2025-07-07,-0.001175088131609825,1.958133,0.8171632885932922,2.826340675354004
2025-07-07,2025-07-08,0.01243488489329514,2.3423812,1.207623839378357,2.826340675354004
2025-07-08,2025-07-09,-0.0014920424403181975,18.09299,13.888705253601074,0.11134764552116394
2025-07-09,2025-07-10,0.0011656952539551568,-2.376759,-6.91198205947876,0.11134764552116394
2025-07-10,2025-07-11,0.012758906379453094,9.431808,5.087495803833008,0.11134764552116394
2025-07-11,2025-07-14,-0.002135348226018352,12.713991,8.422741889953613,0.11134764552116394
2025-07-14,2025-07-15,-0.005440158259149119,1.9998674,0.8595726490020752,2.826340675354004
2025-07-15,2025-07-16,0.002304906157392095,0.22541618,-0.9435663819313049,2.826340675354004
2025-07-16,2025-07-17,0.0072427983539093965,0.70608664,-0.4551248848438263,2.826340675354004
2025-07-17,2025-07-18,0.0013012361743656164,10.455255,9.451659202575684,2.826340675354004
2025-07-18,2025-07-21,0.0053475935828875,6.8010464,5.738372325897217,2.826340675354004
2025-07-21,2025-07-22,0.006582115909455677,8.21718,3.8532304763793945,0.11134764552116394
2025-07-22,2025-07-23,0.003812549642573382,8.367329,4.005807399749756,0.11134764552116394
2025-07-23,2025-07-24,0.011345477788430758,2.5992837,-1.8554909229278564,0.11134764552116394
2025-07-24,2025-07-25,-0.002355897596984402,17.243423,13.025402069091797,0.11134764552116394
2025-07-25,2025-07-28,-0.0006284367635506216,1.2948041,-3.1547107696533203,0.15097913146018982
2025-07-28,2025-07-29,0.00031372549019614837,-1.4304342,-5.924008369445801,0.15097913146018982
2025-07-29,2025-07-30,0.002184769038701573,1.3063173,-3.1430113315582275,0.15097913146018982
2025-07-30,2025-07-31,-0.001414649481295327,-0.1999793,-4.6736602783203125,0.15097913146018982
2025-07-31,2025-08-01,0.00031847133757945123,-7.3553743,-11.722816467285156,0.015492781065404415
2025-08-01,2025-08-04,0.003355168557277688,-0.48977137,-4.746216773986816,0.015492781065404415
2025-08-04,2025-08-05,0.0017355632691702372,8.607376,4.4980058670043945,0.015492781065404415
2025-08-05,2025-08-06,0.011345729593444709,4.5790515,0.404554545879364,0.015492781065404415
2025-08-06,2025-08-07,-0.0031113876789048422,11.355571,7.461977005004883,0.04877903684973717
2025-08-07,2025-08-08,0.005800282175889793,-3.6030922,-7.9098711013793945,0.015492781065404415
2025-08-08,2025-08-11,0.011400905825394325,2.5651877,-1.4705214500427246,0.04877903684973717
2025-08-11,2025-08-12,0.0013918960717598239,12.901895,9.033299446105957,0.04877903684973717
2025-08-12,2025-08-13,0.010451890562557686,4.8891215,0.4537644684314728,0.04273906350135803
2025-08-13,2025-08-14,-0.0012193263222068929,10.097381,5.7462263107299805,0.04273906350135803
2025-08-14,2025-08-15,0.01892016612828784,-7.441634,-11.576469421386719,0.5811988711357117
2025-08-15,2025-08-18,0.015251196172248793,16.964886,13.224634170532227,0.5811988711357117
2025-08-18,2025-08-19,0.0029638411381149865,7.328022,7.647131443023682,3.927809000015259
2025-08-19,2025-08-20,-0.002085195114685856,-2.3717418,-2.2094483375549316,3.927809000015259
2025-08-20,2025-08-21,-0.0029256875365711865,12.104263,12.500592231750488,3.927809000015259
2025-08-21,2025-08-22,0.010759027266028065,0.81322,1.027004599571228,3.927809000015259
2025-08-22,2025-08-25,0.004883654122378678,20.728458,21.264217376708984,3.927809000015259
2025-08-25,2025-08-26,0.010699001426533572,12.174785,12.572253227233887,3.927809000015259
2025-08-26,2025-08-27,0.01518592108998007,5.694044,5.9867377281188965,3.927809000015259
2025-08-27,2025-08-28,0.003451747447144937,-2.3487144,-2.186048746109009,3.927809000015259
2025-08-28,2025-08-29,0.004792782633211035,8.209721,5.648046970367432,1.6295338869094849
2025-08-29,2025-09-01,-0.0008378718056136769,6.071374,3.475130081176758,1.6295338869094849
2025-09-01,2025-09-02,-0.018536585365853675,4.9124975,2.2975172996520996,1.6295338869094849
2025-09-02,2025-09-03,-0.011611441517983545,-4.152158,-7.6668596267700195,1.0386972427368164
2025-09-03,2025-09-04,-0.020299452922545314,-3.4141421,-6.916910171508789,1.0386972427368164
2025-09-04,2025-09-05,0.016374096474406352,-4.508013,-8.860872268676758,0.35034289956092834
2025-09-05,2025-09-08,0.0014263300527741496,21.29314,17.357412338256836,0.35034289956092834
2025-09-08,2025-09-09,-0.004112891788398687,4.2334337,0.8543041944503784,1.0386972427368164
2025-09-09,2025-09-10,0.00142979696883061,-2.400515,-5.886896133422852,1.0386972427368164
2025-09-10,2025-09-11,0.023428571428571354,-0.84966516,-4.310973644256592,1.0386972427368164
2025-09-11,2025-09-12,0.005258060052580671,26.196804,23.172758102416992,1.0386972427368164
2025-09-12,2025-09-15,-0.0013789299503587094,3.1251452,0.481268972158432,1.6295338869094849
2025-09-15,2025-09-16,0.0002767017155507201,-4.8709183,-7.644067764282227,1.6295338869094849
2025-09-16,2025-09-17,0.010322047894302466,3.4770193,0.08566081523895264,1.0386972427368164
2025-09-17,2025-09-18,0.012513601741022784,11.831037,7.74233341217041,0.35034289956092834
2025-09-18,2025-09-19,0.0034345377112241504,-2.114581,-6.428745269775391,0.35034289956092834
2025-09-19,2025-09-22,0.00316848050695695,3.1254592,-1.1039881706237793,0.35034289956092834
2025-09-22,2025-09-23,-0.02254714402842317,4.932585,0.732353687286377,0.35034289956092834
2025-09-23,2025-09-24,0.02157079646017701,-4.9876566,-9.348270416259766,0.35034289956092834
2025-09-24,2025-09-25,0.005518169582772625,20.137484,16.18307113647461,0.35034289956092834
2025-09-25,2025-09-26,0.0002702337521955922,6.1024475,2.7535347938537598,1.0386972427368164
2025-09-26,2025-09-29,0.005998636673483215,2.4987535,-0.9084205031394958,1.0386972427368164
2025-09-29,2025-09-30,0.006297735495109036,16.986702,13.813755989074707,1.0386972427368164
2025-09-30,2025-10-09,0.013901760889712955,9.617279,6.903449535369873,1.492745041847229
2025-10-09,2025-10-10,-0.009328603337275032,13.462407,10.23248291015625,1.0386972427368164
2025-10-10,2025-10-13,0.01001371742112478,2.6715155,-0.15460826456546783,1.492745041847229
2025-10-13,2025-10-14,-0.01597869507323557,11.772089,9.093095779418945,1.492745041847229
2025-10-14,2025-10-15,-0.0006860592755213446,-5.732604,-9.032225608825684,1.2282397747039795
2025-10-15,2025-10-16,0.005191256830601176,14.2173395,11.240251541137695,1.2282397747039795
2025-10-16,2025-10-17,-0.017217819076250418,-2.5015173,-4.938613414764404,1.8624346256256104
2025-10-17,2025-10-20,0.0023696682464453556,-5.8999786,-8.392019271850586,1.8624346256256104
2025-10-20,2025-10-21,0.013645224171539905,8.360741,6.09925651550293,1.8624346256256104
2025-10-21,2025-10-22,-0.004275862068965575,20.486504,18.42105484008789,1.8624346256256104
2025-10-22,2025-10-23,-0.007359066925853863,-1.898912,-2.124980926513672,3.607726812362671
2025-10-23,2025-10-24,0.0050866098432771345,5.851886,5.751125335693359,3.607726812362671
2025-10-24,2025-10-27,0.0037669850665948967,11.669182,11.662469863891602,3.607726812362671
2025-10-27,2025-10-28,0.0049544724156400655,8.458112,6.1982011795043945,1.8624346256256104
2025-10-28,2025-10-29,0.010869565217391353,-0.34361744,-2.7458271980285645,1.8624346256256104
2025-10-29,2025-10-30,-0.003691009754811736,16.581604,14.453027725219727,1.8624346256256104
2025-10-30,2025-10-31,-0.005204163330664535,-1.5027146,-1.7223782539367676,3.607726812362671
2025-10-31,2025-11-03,-0.01023293388986124,5.134797,5.022442817687988,3.607726812362671
2025-11-03,2025-11-04,-0.011590296495956998,6.7991695,6.713723182678223,3.607726812362671
2025-11-04,2025-11-05,0.014999999999999902,-5.421732,-5.704754829406738,3.607726812362671
2025-11-05,2025-11-06,0.013360599863667444,12.802874,12.81449031829834,3.607726812362671
2025-11-06,2025-11-07,0.003638814016172276,15.282269,15.333970069885254,3.607726812362671
2025-11-07,2025-11-10,-0.010836120401337745,3.2593224,4.159046649932861,4.454683780670166
2025-11-10,2025-11-11,-0.006963042313872458,7.6116962,8.581786155700684,4.454683780670166
2025-11-11,2025-11-12,-0.00827904451682937,-1.383306,-0.5586395263671875,4.454683780670166
2025-11-12,2025-11-13,0.018808777429467183,7.7301064,7.108679294586182,3.1656877994537354
2025-11-13,2025-11-14,-0.0010806429825745978,14.189102,13.672098159790039,3.1656877994537354
2025-11-14,2025-11-17,-0.0019089173711479557,-1.7455235,-0.9267132878303528,4.454683780670166
2025-11-17,2025-11-18,-0.004103967168262446,3.212786,4.111758232116699,4.454683780670166
2025-11-18,2025-11-19,-0.007170435741864267,-1.3656449,-2.134124279022217,3.1656877994537354
2025-11-19,2025-11-20,-0.007977991746904944,1.3608255,0.6364254951477051,3.1656877994537354
2025-11-20,2025-11-21,-0.01690617075232448,-1.1612511,-1.926425814628601,3.1656877994537354
2025-11-21,2025-11-24,-0.007040229885057592,2.9469433,2.2481863498687744,3.1656877994537354
2025-11-24,2025-11-25,0.011545039908779975,13.911589,13.39009952545166,3.1656877994537354
2025-11-25,2025-11-26,0.007795889440113557,7.959037,7.341311454772949,3.1656877994537354
2025-11-26,2025-11-27,0.0035385704175514565,4.866346,4.198619842529297,3.1656877994537354
2025-11-27,2025-11-28,0.00964812712826335,-0.8331723,-1.5930430889129639,3.1656877994537354
2025-11-28,2025-12-01,0.005033557046979942,13.649897,13.124175071716309,3.1656877994537354
2025-12-01,2025-12-02,-0.002376292982946504,11.062873,11.646397590637207,4.093522548675537
2025-12-02,2025-12-03,-0.0015395381385585605,-1.4311657,-1.0496342182159424,4.093522548675537
2025-12-03,2025-12-04,0.0033802816901409294,0.37376356,0.7844759821891785,4.093522548675537
2025-12-04,2025-12-05,0.004493119910137677,9.340204,9.895878791809082,4.093522548675537
2025-12-05,2025-12-08,0.004973749654600734,18.270565,18.970617294311523,4.093522548675537
2025-12-08,2025-12-09,-0.0002756339581035938,7.6604953,12.909826278686523,8.078644752502441
2025-12-09,2025-12-10,-0.0027681660899654403,-2.8286395,-2.469701051712036,4.093522548675537
2025-12-10,2025-12-11,-0.006597938144329962,9.19252,9.745805740356445,4.093522548675537
2025-12-11,2025-12-12,0.0051267839822641825,-2.673739,-2.312296152114868,4.093522548675537
2025-12-12,2025-12-15,-0.00013793103448278554,18.96906,19.68040657043457,4.093522548675537
2025-12-15,2025-12-16,-0.0196675900277008,5.0912595,5.578239917755127,4.093522548675537
2025-12-16,2025-12-17,0.002106741573033588,1.5018444,1.930794596672058,4.093522548675537
2025-12-17,2025-12-18,0.0034602076124568004,24.015362,24.808290481567383,4.093522548675537
2025-12-18,2025-12-19,0.008980381320806696,7.216983,12.45914363861084,8.078644752502441
2025-12-19,2025-12-22,0.008060109289617312,17.178526,22.581735610961914,8.078644752502441
2025-12-22,2025-12-23,0.004888647474198704,11.072059,18.227842330932617,9.716712951660156
2025-12-23,2025-12-24,0.008544690085446893,6.0102253,13.084172248840332,9.716712951660156
2025-12-24,2025-12-25,0.003079394831972282,21.616386,28.942642211914062,9.716712951660156
2025-12-25,2025-12-26,-0.0005302226935313126,13.68559,22.075815200805664,10.792523384094238
2025-12-26,2025-12-29,0.0013194352816996435,13.223326,20.413888931274414,9.716712951660156
2025-12-29,2025-12-30,0.008519701810436597,0.2730322,7.254225254058838,9.716712951660156
2025-12-30,2025-12-31,-0.004080558115045485,12.219881,19.39422035217285,9.716712951660156
2025-12-31,2026-01-05,0.014786705051033744,3.5293696,8.711912155151367,8.078644752502441
2026-01-05,2026-01-06,0.012568936770552819,18.493345,23.91781234741211,8.078644752502441
2026-01-06,2026-01-07,0.007654661814531449,21.403358,26.874874114990234,8.078644752502441
2026-01-07,2026-01-08,0.009530975670930752,5.8956394,13.18016529083252,9.907228469848633
2026-01-08,2026-01-09,0.012961116650049842,4.5025167,11.764520645141602,9.907228469848633
2026-01-09,2026-01-12,0.012575574365175202,19.891628,27.40243148803711,9.907228469848633
2026-01-12,2026-01-13,-0.009600568922602748,8.338295,15.662313461303711,9.907228469848633
2026-01-13,2026-01-14,0.025999037072701014,2.5841148,9.815103530883789,9.907228469848633
2026-01-14,2026-01-15,-0.0015662650602409345,11.362647,18.735559463500977,9.907228469848633
2026-01-15,2026-01-16,-0.008054820870401658,7.4884176,14.79869556427002,9.907228469848633
2026-01-16,2026-01-19,0.010278113663845234,3.391564,8.571878433227539,8.078644752502441
2026-01-19,2026-01-20,-0.0114887505983724,15.63282,21.01104164123535,8.078644752502441
2026-01-20,2026-01-21,0.012195121951219523,4.1390533,11.395180702209473,9.907228469848633
2026-01-21,2026-01-22,-0.004491725768321686,17.973251,25.453039169311523,9.907228469848633
2026-01-22,2026-01-23,0.012110523221634306,11.595512,22.07928466796875,12.751113891601562
2026-01-23,2026-01-26,-0.019627981284948137,22.808464,33.47351837158203,12.751113891601562
2026-01-26,2026-01-27,-0.002809646452821224,-1.2602444,9.015687942504883,12.751113891601562
2026-01-27,2026-01-28,0.00219780219780219,8.998375,19.44015884399414,12.751113891601562
2026-01-28,2026-01-29,0.0018473617365200035,6.3919134,16.79155731201172,12.751113891601562
2026-01-29,2026-01-30,-0.0169053768490256,5.6643662,16.052249908447266,12.751113891601562
2026-01-30,2026-02-02,-0.012364945978391328,-0.3413167,9.949471473693848,12.751113891601562
2026-02-02,2026-02-03,0.007940386024920532,-5.7780285,4.424863338470459,12.751113891601562
2026-02-03,2026-02-04,-0.010526315789473606,24.680992,32.269222259521484,9.907228469848633
2026-02-04,2026-02-05,-0.015783132530120536,8.254877,18.684640884399414,12.751113891601562
2026-02-05,2026-02-06,0.024059222702035754,0.5716529,10.877201080322266,12.751113891601562
2026-02-06,2026-02-09,0.001796407185628901,15.254062,25.796981811523438,12.751113891601562
2026-02-09,2026-02-10,-0.004050029779630537,18.086641,28.675357818603516,12.751113891601562
2026-02-10,2026-02-11,0.010293237582286174,5.1041822,24.359130859375,21.41273307800293
2026-02-11,2026-02-12,0.010939357907253422,10.870079,30.218244552612305,21.41273307800293
2026-02-12,2026-02-13,-0.0038942648100070976,13.283888,32.67108154296875,21.41273307800293
2026-02-13,2026-02-24,0.004958092314956808,-4.148114,14.95725154876709,21.41273307800293
2026-02-24,2026-02-25,0.01580188679245298,11.579552,30.93918800354004,21.41273307800293
2026-02-25,2026-02-26,0.0015075959642816272,19.629875,39.11966323852539,21.41273307800293
2026-02-26,2026-02-27,0.007692307692307887,4.555176,41.63399887084961,40.82133483886719
2026-02-27,2026-03-02,-0.0004607233356369589,13.020608,50.23629379272461,40.82133483886719
2026-03-02,2026-03-03,-0.02299771167048048,7.313309,44.43672180175781,40.82133483886719
2026-03-03,2026-03-04,0.008615459288921157,-4.510968,32.42127990722656,40.82133483886719
2026-03-04,2026-03-05,-0.0036760346258745136,13.74994,50.977413177490234,40.82133483886719
2026-03-05,2026-03-06,0.018892900120337064,2.5174074,39.56328582763672,40.82133483886719
2026-03-06,2026-03-09,-0.006146059291395667,19.305965,56.623268127441406,40.82133483886719
2026-03-09,2026-03-10,-0.0026066350710900466,4.7946143,41.8773078918457,40.82133483886719
2026-03-10,2026-03-11,-0.0012957945576630436,15.682897,52.941619873046875,40.82133483886719
2026-03-11,2026-03-12,-0.010766682442025388,5.616217,42.71219253540039,40.82133483886719
2026-03-12,2026-03-13,0.00047835446065525034,3.3931437,38.39362335205078,38.45893859863281
2026-03-13,2026-03-16,-0.013497228247770554,1.617095,36.58885955810547,38.45893859863281
2026-03-16,2026-03-17,-0.00907441016333932,6.6759415,41.729496002197266,38.45893859863281
2026-03-17,2026-03-18,-0.0029593094944511122,0.8645983,35.82419967651367,38.45893859863281
2026-03-18,2026-03-19,-0.0029850746268657025,12.712608,47.86375427246094,38.45893859863281
2026-03-19,2026-03-20,0.003266331658291488,-3.1452303,15.82674503326416,21.260683059692383
2026-03-20,2026-03-23,-0.009609141669913002,1.811291,20.8633975982666,21.260683059692383
2026-03-23,2026-03-24,-0.005270786664909766,1.2433298,20.2862548828125,21.260683059692383
2026-03-24,2026-03-25,0.010779220779220777,15.424927,24.626718521118164,11.508119583129883
2026-03-25,2026-03-26,-0.0038501026694046647,11.36239,22.594820022583008,13.455390930175781
2026-03-26,2026-03-27,0.024934036939314064,-4.7529764,3.1273746490478516,10.600253105163574
2026-03-27,2026-03-30,0.016091357383856808,21.690426,29.998289108276367,10.600253105163574
2026-03-30,2026-03-31,-0.011274823830877634,7.1939383,18.358976364135742,13.455390930175781
2026-03-31,2026-04-01,-0.005374280230326489,-0.38564396,7.565314292907715,10.600253105163574
2026-04-01,2026-04-02,-0.00862179899626836,16.559755,24.784671783447266,10.600253105163574
2026-04-02,2026-04-03,-0.01195270884760291,-3.0372734,7.96235466003418,13.455390930175781
2026-04-03,2026-04-07,-0.0011815675462781838,1.7663667,12.843656539916992,13.455390930175781
2026-04-07,2026-04-08,0.016240409207161077,12.059744,23.303447723388672,13.455390930175781
2026-04-08,2026-04-09,0.0002512247205126439,29.754711,41.28449630737305,13.455390930175781
2026-04-09,2026-04-10,0.005115408608858507,1.0644257,12.130366325378418,13.455390930175781
2026-04-10,2026-04-13,0.00450845335003125,8.898898,16.99995994567871,10.600253105163574
2026-04-13,2026-04-14,0.003205918618989001,2.2601073,10.253839492797852,10.600253105163574
2026-04-14,2026-04-15,-0.006326034063260599,6.1442757,14.20080280303955,10.600253105163574
2026-04-15,2026-04-16,0.012546125461254443,-0.12407446,0.3991113603115082,4.191666126251221
2026-04-16,2026-04-17,0.0018221574344021718,15.196223,15.967093467712402,4.191666126251221
2026-04-17,2026-04-20,0.011230527714044314,5.5930266,13.640642166137695,10.600253105163574
2026-04-20,2026-04-21,-0.007663752843970695,8.132417,16.221086502075195,10.600253105163574
2026-04-21,2026-04-22,0.014125316914161745,1.9141977,9.902337074279785,10.600253105163574
2026-04-22,2026-04-23,-0.018794326241134862,13.265409,21.43706512451172,10.600253105163574
2026-04-23,2026-04-24,-0.00528782598245392,-3.5188837,-3.050581693649292,4.191666126251221
2026-04-24,2026-04-27,0.005649038461538636,1.7877841,2.3418796062469482,4.191666126251221
2026-04-27,2026-04-28,-0.0019170860292355707,4.1676292,1.8443349599838257,1.86711585521698
2026-04-28,2026-04-29,0.01735436893203879,0.0018401146,-2.388803243637085,1.86711585521698
2026-04-29,2026-04-30,-0.0003567181926278362,17.754559,13.793387413024902,0.3793644607067108
2026-04-30,2026-05-06,0.019603239816879947,2.5028489,0.15263968706130981,1.86711585521698
2026-05-06,2026-05-07,0.002298322224775884,15.895782,13.762100219726562,1.86711585521698
2026-05-07,2026-05-08,-0.0016064257028109985,7.94351,8.597126007080078,4.191666126251221
2026-05-08,2026-05-11,0.011201629327902252,0.83072853,1.3693511486053467,4.191666126251221
2026-05-11,2026-05-12,-0.009417040358744355,6.894988,7.531651496887207,4.191666126251221
2026-05-12,2026-05-13,0.011818181818181728,0.19902468,0.7274343967437744,4.191666126251221
2026-05-13,2026-05-14,-0.02453309757984312,11.11028,8.8992280960083,1.86711585521698
2026-05-14,2026-05-15,0.0011415525114155667,-8.223113,-10.746729850769043,1.86711585521698
2026-05-15,2026-05-18,0.009230050239513954,-0.95828104,-3.3644468784332275,1.86711585521698
2026-05-18,2026-05-19,-0.0013932427725529273,3.6431737,-0.4784112870693207,0.4396081566810608
2026-05-19,2026-05-20,0.003929727230698177,6.519222,2.216254472732544,0.2241176962852478
2026-05-20,2026-05-21,-0.005681818181818343,4.4552727,0.11893734335899353,0.2241176962852478
2026-05-21,2026-05-22,0.004442885537238261,-2.357246,-6.803719997406006,0.2241176962852478
2026-05-22,2026-05-25,-0.00034451079467157086,11.847722,7.569915771484375,0.006657890044152737
2026-05-25,2026-05-26,-0.010751458309504969,3.4882455,-0.6358441710472107,0.4396081566810608
2026-05-26,2026-05-27,-0.007437070938214996,1.3902414,-2.7677671909332275,0.4396081566810608
2026-05-27,2026-05-28,0.0033819241982506743,-2.9289632,-7.4456658363342285,0.006657890044152737
2026-05-28,2026-05-29,-0.016743648960738877,5.715352,1.3384031057357788,0.006657890044152737
2026-05-29,2026-06-01,-0.0016599478302111725,-2.1907759,-6.695544719696045,0.006657890044152737
2026-06-01,2026-06-02,0.0008365200764819392,7.5521445,3.204890727996826,0.006657890044152737
2026-06-02,2026-06-03,0.015357142857142847,6.209074,1.8401070833206177,0.006657890044152737
2026-06-03,2026-06-04,0.008840043005614584,1.4079864,-3.0157887935638428,0.002351080998778343
2026-06-04,2026-06-05,0.005109922756981744,2.2833803,-2.1262423992156982,0.002351080998778343
2026-06-05,2026-06-08,-0.0039215686274508554,-0.68243885,-4.0156025886535645,0.24474652111530304
2026-06-08,2026-06-09,0.003325123152709386,-1.3707623,-4.715054512023926,0.24474652111530304
2026-06-09,2026-06-10,-0.004887585532746708,15.668832,13.464652061462402,0.4895753264427185
2026-06-10,2026-06-11,-0.007008483954260347,-1.1587491,-4.4996137619018555,0.24474652111530304
2026-06-11,2026-06-12,0.00421839218994835,0.87024593,-2.4378154277801514,0.24474652111530304
2026-06-12,2026-06-15,0.013938956981494943,10.137429,6.979191780090332,0.24474652111530304
2026-06-15,2026-06-16,0.010409356725146202,16.169765,11.98464584350586,0.002351080998778343
2026-06-16,2026-06-17,0.00697512206463613,1.6060584,-2.573420524597168,0.4176289439201355
2026-06-17,2026-06-18,0.007105202842081049,6.12405,2.0176141262054443,0.4176289439201355
2026-06-18,2026-06-22,-0.0020361990950227282,4.2408743,0.10399249941110611,0.4176289439201355
2026-06-22,2026-06-23,-0.0050111358574610465,11.660856,7.643934726715088,0.4176289439201355
2026-06-23,2026-06-24,0.012762078395624377,-1.000361,-3.971933603286743,1.4253891706466675
2026-06-24,2026-06-25,0.0067898486197683905,6.2003174,2.0951144695281982,0.4176289439201355
2026-06-25,2026-06-26,-0.014990006662225053,2.9083567,-1.250067949295044,0.4176289439201355
2026-06-26,2026-06-29,-0.0037330316742081315,-4.9730654,-9.258910179138184,0.4176289439201355
2026-06-29,2026-06-30,0.02280858676207509,11.377403,7.114805221557617,0.002351080998778343
2026-06-30,2026-07-01,0.009129442451907277,12.432642,8.428197860717773,0.4176289439201355
2026-07-01,2026-07-02,-0.007259927400725896,8.385061,5.5652241706848145,1.4253891706466675
2026-07-02,2026-07-03,0.015685383041600387,6.837382,2.742478370666504,0.4176289439201355
2026-07-03,2026-07-06,-0.00739081746920478,12.440319,8.435998916625977,0.4176289439201355
2026-07-06,2026-07-07,-0.006735159817351399,5.770933,2.908832550048828,1.4253891706466675
2026-07-07,2026-07-08,0.0028865027133126997,3.2335634,0.33044129610061646,1.4253891706466675
2026-07-08,2026-07-09,-0.007007708479327079,7.7038,3.6229045391082764,0.4176289439201355
2026-07-09,2026-07-10,0.007722007722007707,17.325354,13.40001106262207,0.4176289439201355
2026-07-10,2026-07-13,-0.024622531939605063,5.225768,2.354853868484497,1.4253891706466675
2026-07-13,2026-07-14,-0.013384782346557378,3.858652,0.9656354784965515,1.4253891706466675
2026-07-14,2026-07-15,-0.009553754988511298,20.165154,17.5357666015625,1.4253891706466675
2026-07-15,2026-07-16,0.002108919488897243,6.5194564,4.126044273376465,1.7824970483779907
2026-07-16,2026-07-17,-0.027037271004422103,11.169979,8.395166397094727,1.4253891706466675
2026-07-17,2026-07-20,-0.015497767270816976,7.3358603,4.499060153961182,1.4253891706466675
2026-07-20,2026-07-21,0.034487404014549305,19.33955,16.696815490722656,1.4253891706466675
2026-07-21,2026-07-22,0.021648949961109665,21.732552,19.585092544555664,1.7824970483779907
2026-07-22,2026-07-23,-0.006459113809585193,0.67881584,-0.5359365344047546,2.784214735031128
2026-07-23,2026-07-24,-0.007450006535093423,9.129518,8.05138874053955,2.784214735031128
2026-07-24,2026-07-27,0.012195121951219523,1.7409706,0.5433902740478516,2.784214735031128
2026-07-27,2026-07-28,-0.012223974763406753,23.107838,22.255699157714844,2.784214735031128
2026-07-28,2026-07-29,-0.007640750670241281,-5.458069,-5.386010646820068,3.8951120376586914
2026-07-29,2026-07-30,-0.030307076101468655,26.36914,25.569726943969727,2.784214735031128
2026-07-30,2026-07-31,-0.003947368421052699,6.823394,7.094008445739746,3.8951120376586914
2026-07-31,2026-08-03,-0.0006701514542286624,13.638638,12.633407592773438,2.784214735031128
2026-08-03,2026-08-04,0.016733601070950455,10.418121,10.746851921081543,3.8951120376586914
2026-08-04,2026-08-05,0.02750000000000008,13.685596,14.06715202331543,3.8951120376586914
2026-08-05,2026-08-06,0.006322580645161224,13.724087,16.19171905517578,5.613603115081787
2026-08-06,2026-08-07,0.013938618925831037,2.6883006,5.115321159362793,5.729167938232422
2026-08-07,2026-08-10,-0.007248187953011631,11.490959,14.06029224395752,5.729167938232422
2026-08-10,2026-08-11,0.009633429250594183,8.928214,11.456116676330566,5.729167938232422
2026-08-11,2026-08-12,0.01140065146579805,3.77586,6.220462799072266,5.729167938232422
2026-08-12,2026-08-13,0.004329004329003849,11.217989,13.782910346984863,5.729167938232422
2026-08-13,2026-08-14,-0.004374999999999907,0.09389305,2.4789695739746094,5.729167938232422
2026-08-14,2026-08-17,0.01698938163647723,3.460674,5.900181770324707,5.729167938232422
2026-08-17,2026-08-18,-0.008664876739077565,19.882484,22.58748435974121,5.729167938232422
2026-08-18,2026-08-19,-0.025355596784168433,0.050622463,2.6977217197418213,5.950168609619141
2026-08-19,2026-08-20,0.004455760661998598,-4.0016994,-1.4201149940490723,5.950168609619141
2026-08-20,2026-08-21,0.0010206685378923996,8.469654,11.252864837646484,5.950168609619141
2026-08-21,2026-08-24,-0.019340883064003167,8.198834,10.977666854858398,5.950168609619141
2026-08-24,2026-08-25,0.002218452303275553,0.07232857,2.7197790145874023,5.950168609619141
2026-08-25,2026-08-26,0.012027935851008698,13.849963,16.72015953063965,5.950168609619141
2026-08-26,2026-08-27,0.016797025259648546,12.927355,15.845552444458008,6.003227710723877
2026-08-27,2026-08-28,-0.00226130653266321,17.19158,20.17871856689453,6.003227710723877
2026-08-28,2026-08-31,-0.0028025477707005475,2.2294028,5.294656276702881,6.2738776206970215
2026-08-31,2026-09-01,-0.006024852516631096,9.56599,12.749855041503906,6.2738776206970215
2026-09-01,2026-09-02,-0.004104669061057109,4.771705,7.878060817718506,6.2738776206970215
2026-09-02,2026-09-03,-0.0019252984212554392,-2.3892784,0.601304292678833,6.2738776206970215
2026-09-03,2026-09-04,-0.007794531050344888,7.8400736,10.676024436950684,6.003227710723877
2026-09-04,2026-09-07,0.005711318795430964,4.620797,7.4047017097473145,6.003227710723877
2026-09-07,2026-09-08,0.004498714652956037,9.792938,12.660460472106934,6.003227710723877
