design_id,optuna_trial,scenario,tail_weight,spx_weight,entry,exit,lookback,premium,max_days,cagr,drawdown,closed_trades,frequency,end_equity,sessions,return_pass,drawdown_pass,frequency_pass,qualified,fees,unfilled_orders,behavior_hash
7,7,standard,0.575,0.075,0.325,0.025,130,0.003,2,0.43846875126775453,-0.0725072010301484,39,5.806451612903226,1788608.8414000012,403,True,True,True,True,109866.95860000001,4,a5ce8abb1c4e968caa860c2342c94333fdafb502e5f6d1de0ae04513958f8704
6,6,standard,0.575,0.025,0.325,0.025,130,0.003,2,0.4303304846828968,-0.07324153948827627,41,6.104218362282879,1772453.5784000014,403,True,True,False,False,114759.02160000001,4,b06a48af27de8be4c8202b37abf2b2ba662d4164ceefd934a3c1564df6cd971c
5,5,standard,0.6,0.05,0.325,0.025,130,0.003,2,0.4639924134839082,-0.07250777024620192,40,5.955334987593052,1839631.095400002,403,True,True,True,True,114021.10459999999,4,64b13837556d95e7465b216e86c5fc26f2a0b97d1ced2647f4830b3f85ba4a94
3,3,standard,0.575,0.05,0.33,0.175,130,0.003,2,0.4310672583807367,-0.06154830526516941,40,5.955334987593052,1773913.885200002,403,True,True,True,True,109054.71479999999,4,f3bf83b55ed47b89a672efabf323cdd56297785e1f623e4bba96bceec81d58c4
1,1,standard,0.575,0.05,0.33,0.025,130,0.003,2,0.49806063332693906,-0.07250640712455592,40,5.955334987593052,1908568.3496000015,403,True,True,True,True,116695.05040000001,4,76c6901d5e26a1179e77e2cd9fc91c84420d8b87b17483fd309b108a41da7af6
2,2,standard,0.575,0.05,0.325,0.175,130,0.003,2,0.4310672583807367,-0.06154830526516941,40,5.955334987593052,1773913.885200002,403,True,True,True,True,109054.71479999999,4,f3bf83b55ed47b89a672efabf323cdd56297785e1f623e4bba96bceec81d58c4
0,0,standard,0.575,0.05,0.325,0.025,130,0.003,2,0.49806063332693906,-0.07250640712455592,40,5.955334987593052,1908568.3496000015,403,True,True,True,True,116695.05040000001,4,76c6901d5e26a1179e77e2cd9fc91c84420d8b87b17483fd309b108a41da7af6
7,7,fee_20bp,0.575,0.075,0.325,0.025,130,0.003,2,0.3704454248606883,-0.07799964076250832,39,5.806451612903226,1655275.0620000015,403,False,True,True,False,210376.538,4,791f8e4fd61839beade1a2232a030a62d1bbbc0168caa3a2a3420d4c11a3a486
5,5,fee_20bp,0.6,0.05,0.325,0.025,130,0.003,2,0.3930906753155803,-0.07800327594261836,40,5.955334987593052,1699232.2698,403,False,True,True,False,218040.0302,4,990d1a7835c32082137da009f94e06624eb1938282be508f44f76de616bff431
6,6,fee_20bp,0.575,0.025,0.325,0.025,130,0.003,2,0.359350549023691,-0.0780016139033527,41,6.104218362282879,1633896.4474000004,403,False,True,False,False,219282.2526,4,a0d6ba54f56e97581849f971edb73bc956ebd7ba198d8cd2dfd80de3091f9ca4
3,3,fee_20bp,0.575,0.05,0.33,0.175,130,0.003,2,0.36172618567673154,-0.06525271144956368,40,5.955334987593052,1638465.2760000022,403,False,True,True,False,208609.124,4,2720ef26b0218de6a26d093c120deff64784c1c553612d2fff253ac0f0c761e2
2,2,fee_20bp,0.575,0.05,0.325,0.175,130,0.003,2,0.36172618567673154,-0.06525271144956368,40,5.955334987593052,1638465.2760000022,403,False,True,True,False,208609.124,4,2720ef26b0218de6a26d093c120deff64784c1c553612d2fff253ac0f0c761e2
1,1,fee_20bp,0.575,0.05,0.33,0.025,130,0.003,2,0.4254682762884128,-0.07800002970598963,40,5.955334987593052,1762827.8454000012,403,True,True,True,True,223080.6546,4,45c6aa58744c8e3a85b195d06299d4603d5472c126127011e1c9e968237c063d
0,0,fee_20bp,0.575,0.05,0.325,0.025,130,0.003,2,0.4254682762884128,-0.07800002970598963,40,5.955334987593052,1762827.8454000012,403,True,True,True,True,223080.6546,4,45c6aa58744c8e3a85b195d06299d4603d5472c126127011e1c9e968237c063d
9,9,standard,0.575,0.05,0.325,0.0,130,0.003,2,0.4810239841626325,-0.0725095855559934,40,5.955334987593052,1873975.807400002,403,True,True,True,True,115223.9926,4,7a2144ec53173079d24e644d9b546b08fdf6e355420e39085a1c7baa8c2b373e
8,8,standard,0.575,0.05,0.32,0.025,130,0.003,2,0.5015272641767701,-0.07250545354023707,41,6.104218362282879,1915636.264800001,403,True,True,False,False,119166.1352,4,4ed22673bff901739a71723113cab0935eb65a5e4d712920d264f340b5c00daf
11,11,standard,0.575,0.05,0.325,0.025,120,0.003,2,0.43368129076978534,-0.07250977395053437,39,5.806451612903226,1779098.6076000012,403,True,True,True,True,108569.3924,4,ec18a3f59d98f733427897aca720f52a799ecf0e9da119d8172e76849226bf57
4,4,standard,0.55,0.05,0.325,0.025,130,0.003,2,0.4844522667018325,-0.07250691570768852,41,6.104218362282879,1880917.7976000016,403,True,True,False,False,117688.6024,4,95e6ee8e850a3864effbb0758ecb7ec12426d81eb544a60fb69cfeedcf7de184
12,12,standard,0.575,0.05,0.325,0.025,140,0.003,2,0.4589372101470164,-0.07250780019997471,40,5.955334987593052,1829482.9819000016,403,True,True,True,True,113859.5181,4,4e28c19c705e0cb1db2fa975ba874007328688db11d55175206f28ed74486ac8
10,10,standard,0.575,0.05,0.325,0.05,130,0.003,2,0.4509653844642496,-0.07250646569812602,40,5.955334987593052,1813522.6471000018,403,True,True,True,True,113107.65289999999,4,0e2a77ef090e08561f14149440a2c3c781536a3023b4397981af3295940e6b8f
13,13,standard,0.575,0.05,0.325,0.025,130,0.0025,2,0.47047882514523165,-0.07252440152534889,39,5.806451612903226,1852683.084500001,403,True,True,True,True,111964.8155,6,f04f446abd7de57173e8afff71a98a30bd4f15c33e03a81a773cb8b7c63464df
9,9,fee_20bp,0.575,0.05,0.325,0.0,130,0.003,2,0.409253577624479,-0.07800171581823045,40,5.955334987593052,1730869.751400001,403,True,True,True,True,220300.7486,4,a8348ab2d47d8cb64283b0003d2018d230d0faceeaeab88f1675a21c3590043a
8,8,fee_20bp,0.575,0.05,0.32,0.025,130,0.003,2,0.42702033657542726,-0.07799967174989464,41,6.104218362282879,1765898.3310000007,403,True,True,False,False,227539.76899999997,4,d0183eeaf1cbbe5cd179de6f85734fbbc519833e0f6f0e9898bd0f64c9c23bc8
11,11,fee_20bp,0.575,0.05,0.325,0.025,120,0.003,2,0.3658931959353282,-0.07800101605521681,39,5.806451612903226,1646490.8176000004,403,False,True,True,False,207892.1824,4,27eaa6d0e0c2fed1aa79ea72bb4d68003c3debfc757870cdb704b7d37fb71c42
12,12,fee_20bp,0.575,0.05,0.325,0.025,140,0.003,2,0.38824016198997446,-0.0779983859158081,40,5.955334987593052,1689780.5230000007,403,False,True,True,False,217742.17700000003,4,377be37fa401e31d0675590dca16883f1a4e618da5d68cc0eba2aa7e6d32498c
4,4,fee_20bp,0.55,0.05,0.325,0.025,130,0.003,2,0.4107903962394861,-0.07800103299359029,41,6.104218362282879,1733889.3152000005,403,True,True,False,False,224756.8848,4,d4b98cf80b90a677ff866bfc74a767b5ed29a1c2ea00243bacbff7c47a225039
10,10,fee_20bp,0.575,0.05,0.325,0.05,130,0.003,2,0.3806549452452399,-0.07799827136065596,40,5.955334987593052,1675039.5500000012,403,False,True,True,False,216315.84999999998,4,0b49d1e82c7f5c97ea14d41c3d93e6d4a53beff565b3dcec0b0c5f11de6cc06f
13,13,fee_20bp,0.575,0.05,0.325,0.025,130,0.0025,2,0.4009440129362425,-0.0780199688393326,39,5.806451612903226,1714577.1844000001,403,True,True,True,True,214329.4156,6,19b0487d13fd54c78cf5393e9eb8690a1b14d47013743eac43766b92d0c4835e
16,16,standard,0.575,0.05,0.325,0.025,130,0.003,3,0.45684811475278586,-0.09885568483421803,40,5.955334987593052,1825295.3533000017,403,True,True,True,True,115182.9467,4,29b02b72af6f65849dc6eaa7c6aa61fa735f130ca2b112c9dd4e73a0cc9cb108
15,15,standard,0.575,0.05,0.325,0.025,130,0.003,1,0.37413720663268246,-0.08261748567457905,40,5.955334987593052,1662411.7908999992,403,False,True,True,False,107154.70909999998,4,b0f990bceec5c9a3053c2236a11657ce4ecdbae93b4c8740af2fbbb01227d64c
17,17,standard,0.6,0.075,0.33,0.05,140,0.0035,2,0.39139756482847354,-0.07246613070665708,35,5.2109181141439205,1695930.8179000022,403,False,True,True,False,96717.0821,4,38b785848f7115e6750ed79404e365a5489c92f3abe07ddf32ca1d6ef69f22c9
19,19,standard,0.55,0.075,0.33,0.05,120,0.0025,2,0.3322356292876838,-0.0824131490978065,32,4.764267990074441,1582088.5846000018,403,False,True,True,False,84368.4154,3,9df2d8411700499bc005af8f4b2fde4eeb6645352ec6464f4937673d66a92653
14,14,standard,0.575,0.05,0.325,0.025,130,0.0035,2,0.49461666370417157,-0.07246784616598734,40,5.955334987593052,1901556.334900001,403,True,True,True,True,116400.5651,4,9f3a56d46f9390a5d0908445cd41741628822b299891213e63be0129d280067e
18,18,standard,0.6,0.075,0.33,0.05,140,0.0035,3,0.3665629894373559,-0.09879877995176967,35,5.2109181141439205,1647782.1909000024,403,False,True,True,False,96179.9091,4,e03c75ae8c0f6fcbea617c9e25ec1d145a5c1106bce333a044f87ed54b4d9696
20,20,standard,0.55,0.075,0.33,0.05,120,0.0025,1,0.27155949669168034,-0.08172268058500598,32,4.764267990074441,1468438.9324000005,403,False,True,True,False,80812.4676,3,62d045a1b33ed43b03f30e68b36e21e34997d78e4177c254ca61818072d2ccde
16,16,fee_20bp,0.575,0.05,0.325,0.025,130,0.003,3,0.38624852483793415,-0.10419310628438805,40,5.955334987593052,1685905.3270000012,403,False,True,True,False,220256.17300000004,4,c4d96cb6fa518ccd17d2ed781f5dff46c3e11bde2995874bd191940775cf133d
17,17,fee_20bp,0.6,0.075,0.33,0.05,140,0.0035,2,0.33223276944715163,-0.0788327698795761,35,5.2109181141439205,1582083.1534000004,403,False,True,True,False,186115.5466,4,2823d91d1fa5874d29f2d76cadac716c1dd77cc265d12bc606f73e86baa6450f
15,15,fee_20bp,0.575,0.05,0.325,0.025,130,0.003,1,0.30754726533757526,-0.08623784125071188,40,5.955334987593052,1535463.1858000006,403,False,True,True,False,205072.1142,4,3cd4cbe6dd2f8c54db6cc74601bc4d0419a67026b721415e6fc6d8cf414a8879
19,19,fee_20bp,0.55,0.075,0.33,0.05,120,0.0025,2,0.2803466672048245,-0.08682778023002857,32,4.764267990074441,1484700.7910000018,403,False,True,True,False,162926.709,3,086eb7a831c7e75870936872748c4638818f5ac4a4fef8843f9fdeb9fac545f7
14,14,fee_20bp,0.575,0.05,0.325,0.025,130,0.0035,2,0.42221303139524213,-0.07795811612132875,40,5.955334987593052,1756394.4064000004,403,True,True,True,True,222525.59360000002,4,4e90a9d1833c52a94ab96d6e10059e260b662cf8ddb4fe909dde94b3dbf7f50c
18,18,fee_20bp,0.6,0.075,0.33,0.05,140,0.0035,3,0.30845058862838415,-0.10498922008877609,35,5.2109181141439205,1537159.9426000009,403,False,True,True,False,185108.7574,4,ae37e67ced39b21751ef0ce6e124d70fb25ee58e9c8a1e5b7dbbdca92082c209
20,20,fee_20bp,0.55,0.075,0.33,0.05,120,0.0025,1,0.22202983881312277,-0.08443300342457094,32,4.764267990074441,1378039.8735999998,403,False,True,True,False,156139.72639999999,3,8a87b69495ca5010766ab8021745e729a7cc1d518d9b6599a89c3b1da9119ee6
22,22,standard,0.6,0.025,0.33,0.05,120,0.0025,3,0.36573571491978063,-0.09888239295644619,38,5.6575682382134,1646187.2466000007,403,False,True,True,False,102481.7534,5,9affeda93e25c43413996af18c31138a6b966875e68fb57810da743c1f9a5f96
21,21,standard,0.6,0.025,0.33,0.05,120,0.0025,2,0.39057970830888644,-0.0725248397631324,38,5.6575682382134,1694336.9144000006,403,False,True,True,False,103018.8856,5,ff3211098519acfb4e3b47f4755c173a21ba07035f2fa26d654925f5ec0c9234
26,26,standard,0.6,0.075,0.32,0.05,120,0.0035,1,0.33641459465387524,-0.08257036304062171,39,5.806451612903226,1590032.4306000012,403,False,True,True,False,101940.5694,4,22ce89ea8af5d29a012213448ba0fbf020cbf152c24b1bd50b4bad175536d909
23,23,standard,0.55,0.025,0.33,0.05,140,0.0035,2,0.3538739254173413,-0.07320695506446773,40,5.955334987593052,1623382.0196000019,403,False,True,True,False,106059.5804,4,da2b3b1970af95c88bfa414f2547c00ea170c980ab4b203793235392d543cf43
25,25,standard,0.6,0.075,0.32,0.05,120,0.0035,2,0.4249471434840866,-0.07246848834448893,39,5.806451612903226,1761797.322400002,403,True,True,True,True,108521.07760000002,4,f54122d76cdf95296005cbb03753d19d8eddd523dee26c35b36bdfe42900b818
24,24,standard,0.55,0.025,0.33,0.05,140,0.0035,1,0.2949411613748707,-0.08256964287366375,41,6.104218362282879,1511857.8866999994,403,False,True,False,False,104158.81330000001,4,27dad5ee27c7bbb112582501bba93ad401e7731c1030a6661c0645eccf8b12bf
27,27,standard,0.55,0.075,0.32,0.05,140,0.0025,2,0.4018599342740814,-0.07252402059632324,38,5.6575682382134,1716370.1997000014,403,True,True,True,True,104306.50030000001,5,d85af8df933746bb4cfed281c0d075c9031c38d962636b89f14b16701b86ff43
22,22,fee_20bp,0.6,0.025,0.33,0.05,120,0.0025,3,0.3028185283029907,-0.10421875679437975,38,5.6575682382134,1526592.4298000026,403,False,True,True,False,196565.47019999998,5,6873b35352c2c111d3d05709cc903f111e3263d9cdb144fe9e66acbf3b09ef9d
21,21,fee_20bp,0.6,0.025,0.33,0.05,120,0.0025,2,0.32651891490906904,-0.07801689799222655,38,5.6575682382134,1571245.7774000019,403,False,True,True,False,197566.12259999997,5,93fad574623db6b47f503071a3bb9c7e649a891fcc47d3ba1c47b915b600d099
26,26,fee_20bp,0.6,0.075,0.32,0.05,120,0.0035,1,0.27324820359044755,-0.08618516539238341,39,5.806451612903226,1471558.904600001,403,False,True,True,False,195381.9954,4,e22a6b7bac5f0246c43603ef7559a6631fef77cefd97d08195c9a232cc2b4ebe
25,25,fee_20bp,0.6,0.075,0.32,0.05,120,0.0035,2,0.35758972277540635,-0.07795643802667196,39,5.806451612903226,1630513.1088000017,403,False,True,True,False,207821.29119999998,4,10a5c0834b71025854cccd4f6c347c71d660e5a2ce7a65cee754434174ba0339
23,23,fee_20bp,0.55,0.025,0.33,0.05,140,0.0035,2,0.28831008575263417,-0.07795841618077948,40,5.955334987593052,1499496.074000002,403,False,True,True,False,203032.126,4,97bccc69706148407327751c63109946158f8ed94c28ff97af31725916d2b7f1
24,24,fee_20bp,0.55,0.025,0.33,0.05,140,0.0035,1,0.23070956245172458,-0.08618637817404051,41,6.104218362282879,1393725.8912000004,403,False,True,False,False,199293.9088,4,8eadd2e000a20c13ed5a8836e23db0726445f303a9954536cd6674b97e26bda3
27,27,fee_20bp,0.55,0.075,0.32,0.05,140,0.0025,2,0.3372177537054408,-0.07801837326593297,38,5.6575682382134,1591560.8728000012,403,False,True,True,False,200010.3272,5,b6ad2913d320d6c93f9ef2c9f6d2cac0803b7811d8ae122d4a0571f70dee7f3e
28,28,standard,0.55,0.075,0.32,0.05,140,0.0025,3,0.37681303417367573,-0.09888141799667527,38,5.6575682382134,1667591.7266000013,403,False,True,True,False,103762.2734,5,b9905ac9e6724a7a8cdba2e3a30a2d1741a012699bde6d7e6a2c7cbec0ded74e
33,33,standard,0.6,0.075,0.33,0.0,140,0.0025,2,0.37558113876863586,-0.07252276063397556,34,5.062034739454094,1665206.2418000016,403,False,True,True,False,93238.7582,6,25fe3788da174ddaa287ca396fc0867bb36935a7977f149c1ca6b7db63bcdac9
30,30,standard,0.6,0.025,0.32,0.05,140,0.0025,1,0.3227731330987982,-0.08264324965484304,43,6.401985111662531,1564156.3698,403,False,True,False,False,112712.6302,6,f6b54e93d54badd10d7d96787e68a5533296a717b32400f4bad0610875779f7d
31,31,standard,0.55,0.025,0.32,0.05,120,0.0035,2,0.3748985642525535,-0.07320666127997477,41,6.104218362282879,1663885.0319000015,403,False,True,False,False,109811.8681,4,bf19fffa29f88f843b3a9f7cf9ed4ab35e028187120f49d468e4088ac0fe52ce
34,34,standard,0.6,0.075,0.33,0.0,140,0.0025,1,0.3253633094440176,-0.08263793948378917,34,5.062034739454094,1569057.3538000002,403,False,True,True,False,90218.4462,5,331963a3aa6a6a5e997de6b1477c4a9ab7c336952b5b1bdd93422154b6f5b2e2
29,29,standard,0.6,0.025,0.32,0.05,140,0.0025,2,0.41043342004564054,-0.07539299479601413,43,6.401985111662531,1733187.7473000016,403,True,True,False,False,119466.15269999999,7,aac4a9a19df5bc9991f359a92d56382743747ae30164a0de82e0a744b3e3389f
32,32,standard,0.55,0.025,0.32,0.05,120,0.0035,3,0.36540760498987623,-0.09880014839783502,41,6.104218362282879,1645554.8272000023,403,False,True,False,False,110076.1728,4,19c700fe96b012752ce5af3ef4c6f9d9f89de4884b036b56ed625d0d0d8c11a9
28,28,fee_20bp,0.55,0.075,0.32,0.05,140,0.0025,3,0.3133247904837875,-0.10422219950798728,38,5.6575682382134,1546327.5064000012,403,False,True,True,False,198996.0936,5,0f33132472079bccc4ed83e17617d40bd702212f5e3a9caa7821b4fb4e799f15
33,33,fee_20bp,0.6,0.075,0.33,0.0,140,0.0025,2,0.31868024387890936,-0.07889415133492339,34,5.062034739454094,1556423.755600002,403,False,True,True,False,179641.8444,6,1c3cf77835baf2dc6efc57fffbb5b3066ac32b73b5ab9a6ffa42724039c7ee98
31,31,fee_20bp,0.55,0.025,0.32,0.05,120,0.0035,2,0.3066960948552102,-0.07795544837201995,41,6.104218362282879,1533865.0328000009,403,False,True,False,False,209945.7672,4,d8f8fa362cb21935e59f7603038763f461024bf72a0ceabe9425aae5639dd782
30,30,fee_20bp,0.6,0.025,0.32,0.05,140,0.0025,1,0.25396012695123993,-0.08626125288934494,43,6.401985111662531,1436071.1598000012,403,False,True,False,False,215133.9402,6,7718a1b23f1be36e581a1168996b543045c8e1fa8d2ebaab3b11465c8c84eca1
34,34,fee_20bp,0.6,0.075,0.33,0.0,140,0.0025,1,0.27053838045134837,-0.08626344276713338,34,5.062034739454094,1466553.5720000006,403,False,True,True,False,173896.228,5,642fb906ed5532632edd6043598b6d5db52b881c757f156c7d4645c5c758f27f
29,29,fee_20bp,0.6,0.025,0.32,0.05,140,0.0025,2,0.33705409267403863,-0.0818152699477771,43,6.401985111662531,1591249.3750000014,403,False,True,False,False,227867.525,6,c1b2662a3d106603a3da2153e99bd059f95ca007a82653b9768921f6066e7403
32,32,fee_20bp,0.55,0.025,0.32,0.05,120,0.0035,3,0.29767658843760225,-0.10413465881394579,41,6.104218362282879,1516968.4088000006,403,False,True,False,False,210451.59120000002,4,035134362add5d814f711e02f1f9d019b3c70c3e2f9392043c7314232dcbeeba
39,39,standard,0.55,0.025,0.33,0.0,140,0.0025,2,0.3585739418070397,-0.07327889034612489,39,5.806451612903226,1632403.9120000005,403,False,True,True,False,103857.68800000002,6,c1b5f938193c9cfe4535d3c06369133b849bafb420da3aa027165578b019c83d
37,37,standard,0.6,0.025,0.33,0.0,120,0.0035,2,0.4344386266092808,-0.07246600392094482,40,5.955334987593052,1780601.7812000008,403,True,True,True,True,111496.4188,4,55b22d2f8c1acb03fc8c0f486d3a51ec45981d066eb94fecb4485d215957e624
38,38,standard,0.6,0.025,0.33,0.0,120,0.0035,1,0.312219433319016,-0.08256805724324934,39,5.806451612903226,1544246.7227000005,403,False,True,True,False,99863.17730000001,4,706af6f0c4687063b545e7a642f6824eb1f552aaead1fe7c683728e3c022fe21
36,36,standard,0.55,0.075,0.33,0.0,120,0.0035,3,0.3017540700311967,-0.10840049963047838,32,4.764267990074441,1524598.2423000017,403,False,True,True,False,83664.85770000001,3,0a5e5e5a00516115558d21766d2e6c235a662e95dab556ba90e363a64a9749de
41,41,standard,0.6,0.075,0.32,0.0,120,0.0025,2,0.41702575795680175,-0.0725215073893346,38,5.6575682382134,1746160.8644999994,403,True,True,True,True,105338.43549999999,6,3e521c050c5d1d912fa9265db48347749939251cd352d56ebe9d8d44d1defed3
35,35,standard,0.55,0.075,0.33,0.0,120,0.0035,2,0.34348869487408495,-0.08234654073054448,32,4.764267990074441,1603513.6197999998,403,False,True,True,False,84972.78019999998,3,9214cb7f29f2b30679216334e9638ec83861e7c16aee546c24001d66bd5a76aa
40,40,standard,0.55,0.025,0.33,0.0,140,0.0025,3,0.33764601587921605,-0.09888660438352148,39,5.806451612903226,1592376.0969000002,403,False,True,True,False,103465.6031,6,cb5962322d1f46087d17f7ac07c242a07aceab0b062835b795630fa3e273630b
39,39,fee_20bp,0.55,0.025,0.33,0.0,140,0.0025,2,0.2943687336948637,-0.078018733794613,39,5.806451612903226,1510789.2538000017,403,False,True,True,False,199027.0462,6,6178f85374daf8059dd5718f6395c785256394a62bf6e1124e4c5f68dd762e67
37,37,fee_20bp,0.6,0.025,0.33,0.0,120,0.0035,2,0.3649900037482776,-0.07795526012502896,40,5.955334987593052,1644750.0484,403,False,True,True,False,213278.1516,4,1aedf5905ae7f2e39c0415cf87d7e9f975f3ddffadbbdb820f57aa17c81f38bc
38,38,fee_20bp,0.6,0.025,0.33,0.0,120,0.0035,1,0.2502465584026121,-0.08618544768197611,39,5.806451612903226,1429275.9553999999,403,False,True,True,False,191446.5446,4,93fab5f00cfb716e3633dd97f10d8054272e57dcef1036c2ee9d9c8681e700dc
36,36,fee_20bp,0.55,0.075,0.33,0.0,120,0.0035,3,0.25108660202687205,-0.11322089273205416,32,4.764267990074441,1430812.0366000002,403,False,True,True,False,161600.86340000003,3,740885b031b9cf7987a3fdd73b6dd69f9e248740db460b70e38fac3a25b10a43
41,41,fee_20bp,0.6,0.075,0.32,0.0,120,0.0025,2,0.3516745023440315,-0.07801883223773809,38,5.6575682382134,1619166.5660000008,403,False,True,True,False,201964.634,6,0a6b4a9d93a4e5ff47cc8dcf0242f95a50044482d700a87ed0810c9be7b0b3fc
35,35,fee_20bp,0.55,0.075,0.33,0.0,120,0.0035,2,0.29119377143526726,-0.08730749609055721,32,4.764267990074441,1504867.2380000008,403,False,True,True,False,164082.76199999996,3,1e7b72a724b438d825b3b6526ff49ea0bcbc306ba74a2bd77f8f3ee1560a2ee9
40,40,fee_20bp,0.55,0.025,0.33,0.0,140,0.0025,3,0.2744277175026675,-0.10422131635426302,39,5.806451612903226,1473739.5882000006,403,False,True,True,False,198297.5118,6,87d687476c05d11a3d0a45dc9fa2863754cf5873a976a631f2523ac7be407285
43,43,standard,0.55,0.075,0.32,0.0,140,0.0035,2,0.4403450223156957,-0.07246637814942336,39,5.806451612903226,1792341.2113000015,403,True,True,True,True,109555.2887,4,360dbead2fed42867747066f4359ac9e7dbba0d7d23219875f19ef4b617a6c12
44,44,standard,0.55,0.075,0.32,0.0,140,0.0035,1,0.33641459465387524,-0.08257036304062171,39,5.806451612903226,1590032.4306000012,403,False,True,True,False,101940.5694,4,8d49b3c38675a35ea2c0ac986b65be3be13e90c4e70ab650805e94054f432fe4
47,47,standard,0.55,0.025,0.32,0.0,120,0.0025,2,0.3649565141371187,-0.07327635824195611,40,5.955334987593052,1644685.5154000013,403,False,True,True,False,106642.8846,6,7a767157322a2ca5bacb5b7af4ec18de0d51fbdfaf8c4299500a15a82a39b4e1
42,42,standard,0.6,0.075,0.32,0.0,120,0.0025,3,0.3671038258310375,-0.09888756620433647,38,5.6575682382134,1648825.2094999996,403,False,True,True,False,103280.0905,6,1794758318d371e8352c7057e555315e5cb3aa481a711586fa14a80e1e362bd0
45,45,standard,0.6,0.025,0.32,0.0,140,0.0035,2,0.4252440805909805,-0.10505979339671112,44,6.550868486352357,1762384.4780999997,403,True,True,False,False,123564.62190000001,6,c8d315df500953b913349b2b8281c7068633ebab31b892ca8ffd859dae83711f
46,46,standard,0.6,0.025,0.32,0.0,140,0.0035,3,0.4213024482328116,-0.11403552870019307,44,6.550868486352357,1754596.3712000018,403,True,True,False,False,122590.22879999998,6,64b7089f58e2138986ed6c5769bd9c0e876cd3fa6a0fb82c8edc474adcab9c8c
48,48,standard,0.55,0.025,0.32,0.0,120,0.0025,1,0.29237610430548355,-0.08263523356129943,41,6.104218362282879,1507071.5352000003,403,False,True,False,False,103924.26479999999,5,949668d765b9cd100ffd5e296013302a450d10adb900b309c77449c85f1e23e3
43,43,fee_20bp,0.55,0.075,0.32,0.0,140,0.0035,2,0.3722497318245894,-0.07795851659728714,39,5.806451612903226,1658761.601599999,403,False,True,True,False,209776.79840000003,4,78fde739ebedeba277ed6f4a97ddd394b6f6264211292a53ec1f4c75f64d08f6
44,44,fee_20bp,0.55,0.075,0.32,0.0,140,0.0035,1,0.27324820359044755,-0.08618516539238341,39,5.806451612903226,1471558.904600001,403,False,True,True,False,195381.9954,4,c628a8b10fba35a5a9d9d6e267582ce35ae1705da96b017f16a9199855a73ccf
42,42,fee_20bp,0.6,0.075,0.32,0.0,120,0.0025,3,0.30404838632881503,-0.10422273434981821,38,5.6575682382134,1528897.6980000008,403,False,True,True,False,198093.30200000003,6,8eb0b8ac9b51a40c81a35cb9ba40c60d0c0b42cd62654e3eee7957373962a0f5
47,47,fee_20bp,0.55,0.025,0.32,0.0,120,0.0025,2,0.29882316743375603,-0.07801773266888679,40,5.955334987593052,1519112.4518000009,403,False,True,True,False,204129.4482,6,9e45fc294230fb5a72255bcc859bf5b6119cd4b3db762df9f9881bc545b7d33b
46,46,fee_20bp,0.6,0.025,0.32,0.0,140,0.0035,3,0.3457279768296522,-0.11754355750282719,44,6.550868486352357,1607789.9250000012,403,False,True,False,False,233580.57499999998,5,f8a03874be17ff045990364a2056e588e9a3a9755ac822a0a01f157910e7f91e
45,45,fee_20bp,0.6,0.025,0.32,0.0,140,0.0035,2,0.3494670979524823,-0.11037055516234195,44,6.550868486352357,1614939.9458000006,403,False,True,False,False,235402.9542,6,b3e99050851f8abee8987cef03517c63a3211e816cba2afef060a6336976e2e0
48,48,fee_20bp,0.55,0.025,0.32,0.0,120,0.0025,1,0.22821928396864855,-0.08626073716733951,41,6.104218362282879,1389218.6502000014,403,False,True,False,False,198849.8498,5,09b7c551098c79e8366192b40311c8531e1e6a0d62f229ac1db7385c2552506b
49,49,standard,0.55,0.05,0.33,0.025,130,0.003,2,0.4810239841626325,-0.0725095855559934,40,5.955334987593052,1873975.807400002,403,True,True,True,True,115223.9926,4,03665debcbc2df782132499a5a5cb9734d317be11a1d14d07b086069411d027b
51,51,standard,0.575,0.025,0.33,0.025,130,0.003,2,0.4844522667018325,-0.07250691570768852,41,6.104218362282879,1880917.7976000016,403,True,True,False,False,117688.6024,4,93588bbdbd757c49edc19bf42ffd073042dc26a42499d5bcb5cdd6b7753e6161
54,54,standard,0.575,0.05,0.33,0.0,130,0.003,2,0.4810239841626325,-0.0725095855559934,40,5.955334987593052,1873975.807400002,403,True,True,True,True,115223.9926,4,7a2144ec53173079d24e644d9b546b08fdf6e355420e39085a1c7baa8c2b373e
52,52,standard,0.575,0.075,0.33,0.025,130,0.003,2,0.42145779818480666,-0.07250769581246563,36,5.359801488833747,1754903.0760000001,403,True,True,True,True,101236.12400000001,4,9cc52b574530ab6dd8c6edbdeb1eb00295b2830fe6746e76909b7c629c31ff8a
50,50,standard,0.6,0.05,0.33,0.025,130,0.003,2,0.46518884579158604,-0.07250769975202731,40,5.955334987593052,1842035.9613000008,403,True,True,True,True,114166.93869999998,4,ab5c1deecee5e80f6e2457c52c7e17ecd168df93991131e098d4216856ea9664
55,55,standard,0.575,0.05,0.33,0.05,130,0.003,2,0.4509653844642496,-0.07250646569812602,40,5.955334987593052,1813522.6471000018,403,True,True,True,True,113107.65289999999,4,0e2a77ef090e08561f14149440a2c3c781536a3023b4397981af3295940e6b8f
53,53,standard,0.575,0.05,0.335,0.025,130,0.003,2,0.4135720019998106,-0.07250805477753697,38,5.6575682382134,1739359.668300002,403,True,True,True,True,104750.4317,4,1d638644ba5e38e1a7f606be10e3e8e640cf668848e9136f7fab67f93b1598db
49,49,fee_20bp,0.55,0.05,0.33,0.025,130,0.003,2,0.409253577624479,-0.07800171581823045,40,5.955334987593052,1730869.751400001,403,True,True,True,True,220300.7486,4,b5821c94a752ce6898e38112189a5e35f4932c90f3deed37f7dda20ff9d7a030
54,54,fee_20bp,0.575,0.05,0.33,0.0,130,0.003,2,0.409253577624479,-0.07800171581823045,40,5.955334987593052,1730869.751400001,403,True,True,True,True,220300.7486,4,a8348ab2d47d8cb64283b0003d2018d230d0faceeaeab88f1675a21c3590043a
52,52,fee_20bp,0.575,0.075,0.33,0.025,130,0.003,2,0.3593016998776837,-0.0788775435873329,36,5.359801488833747,1633802.5508000008,403,False,True,True,False,194541.4492,4,f513275f07f81fe48238f00b712c6bd392460143c659ca25d6fe0ca2a9528f67
51,51,fee_20bp,0.575,0.025,0.33,0.025,130,0.003,2,0.4107903962394861,-0.07800103299359029,41,6.104218362282879,1733889.3152000005,403,True,True,False,False,224756.8848,4,ea248277413f58dabecf207df93e6d34b32a92f2fda921ada06fe039043e8e4e
50,50,fee_20bp,0.6,0.05,0.33,0.025,130,0.003,2,0.3941922940046487,-0.07799899255522602,40,5.955334987593052,1701381.644,403,False,True,True,False,218309.35599999997,4,6135ef90ad0f6f1fd64c6b0956aa81608776a8f1e1c4ddf3b2a1951b0e7368eb
53,53,fee_20bp,0.575,0.05,0.335,0.025,130,0.003,2,0.348403706374282,-0.0779980562423338,38,5.6575682382134,1612905.2980000016,403,False,True,True,False,200840.302,4,159e83e9c85bc47665dac329442d84ea6b0b6aa557c0c24954163d2f9ff88fee
55,55,fee_20bp,0.575,0.05,0.33,0.05,130,0.003,2,0.3806549452452399,-0.07799827136065596,40,5.955334987593052,1675039.5500000012,403,False,True,True,False,216315.84999999998,4,0b49d1e82c7f5c97ea14d41c3d93e6d4a53beff565b3dcec0b0c5f11de6cc06f
56,56,standard,0.575,0.05,0.33,0.025,120,0.003,2,0.3974803952660051,-0.07250658432015111,38,5.6575682382134,1707803.1282000025,403,False,True,True,False,103444.6718,4,36ca7131fe4335cf4734188e7e590d84e79c245e34057788f6b81661dcd7f746
57,57,standard,0.575,0.05,0.33,0.025,140,0.003,2,0.4221076991378807,-0.07250645058570315,39,5.806451612903226,1756186.382300001,403,True,True,True,True,108516.91769999999,4,51852ec9513dbc1128337881b38032560bf15606a094598a1ec52db0cac3cf1f
60,60,standard,0.575,0.05,0.33,0.025,130,0.003,1,0.37413720663268246,-0.08261748567457905,40,5.955334987593052,1662411.7908999992,403,False,True,True,False,107154.70909999998,4,b0f990bceec5c9a3053c2236a11657ce4ecdbae93b4c8740af2fbbb01227d64c
58,58,standard,0.575,0.05,0.33,0.025,130,0.0025,2,0.47047882514523165,-0.07252440152534889,39,5.806451612903226,1852683.084500001,403,True,True,True,True,111964.8155,6,f04f446abd7de57173e8afff71a98a30bd4f15c33e03a81a773cb8b7c63464df
61,61,standard,0.575,0.05,0.33,0.025,130,0.003,3,0.45684811475278586,-0.09885568483421803,40,5.955334987593052,1825295.3533000017,403,True,True,True,True,115182.9467,4,29b02b72af6f65849dc6eaa7c6aa61fa735f130ca2b112c9dd4e73a0cc9cb108
59,59,standard,0.575,0.05,0.33,0.025,130,0.0035,2,0.49461666370417157,-0.07246784616598734,40,5.955334987593052,1901556.334900001,403,True,True,True,True,116400.5651,4,9f3a56d46f9390a5d0908445cd41741628822b299891213e63be0129d280067e
62,62,standard,0.6,0.075,0.335,0.05,140,0.0035,2,0.34692199104521326,-0.07246708230911991,34,5.062034739454094,1610071.8504000008,403,False,True,True,False,90722.5496,4,747722b969d32a19fc85335b341b4bbe0d330b968654e1f2d5d0457ecfeb781c
56,56,fee_20bp,0.575,0.05,0.33,0.025,120,0.003,2,0.33305978608664555,-0.0779989583878129,38,5.6575682382134,1583654.0540000007,403,False,True,True,False,198366.946,4,46c959298b5858cd607d942bf318d0f2864f60b63e68ca3c03d78ae3dcb322ad
57,57,fee_20bp,0.575,0.05,0.33,0.025,140,0.003,2,0.3548550184918442,-0.07800099020952689,39,5.806451612903226,1625263.7244000025,403,False,True,True,False,207825.4756,4,235e2f509e4a2ace10fd638b728fa63f4b4d140236ade19aee21668d252c4097
60,60,fee_20bp,0.575,0.05,0.33,0.025,130,0.003,1,0.30754726533757526,-0.08623784125071188,40,5.955334987593052,1535463.1858000006,403,False,True,True,False,205072.1142,4,3cd4cbe6dd2f8c54db6cc74601bc4d0419a67026b721415e6fc6d8cf414a8879
58,58,fee_20bp,0.575,0.05,0.33,0.025,130,0.0025,2,0.4009440129362425,-0.0780199688393326,39,5.806451612903226,1714577.1844000001,403,True,True,True,True,214329.4156,6,19b0487d13fd54c78cf5393e9eb8690a1b14d47013743eac43766b92d0c4835e
61,61,fee_20bp,0.575,0.05,0.33,0.025,130,0.003,3,0.38624852483793415,-0.10419310628438805,40,5.955334987593052,1685905.3270000012,403,False,True,True,False,220256.17300000004,4,c4d96cb6fa518ccd17d2ed781f5dff46c3e11bde2995874bd191940775cf133d
62,62,fee_20bp,0.6,0.075,0.335,0.05,140,0.0035,2,0.2912549683654442,-0.0788331056847732,34,5.062034739454094,1504981.3016000008,403,False,True,True,False,174829.89839999998,4,af53d42f30242eade1d60bd8399373eebeb9c7fbf945c237ef1764bb6e62f2b8
59,59,fee_20bp,0.575,0.05,0.33,0.025,130,0.0035,2,0.42221303139524213,-0.07795811612132875,40,5.955334987593052,1756394.4064000004,403,True,True,True,True,222525.59360000002,4,4e90a9d1833c52a94ab96d6e10059e260b662cf8ddb4fe909dde94b3dbf7f50c
66,66,standard,0.6,0.025,0.335,0.05,120,0.0025,2,0.39057970830888644,-0.0725248397631324,38,5.6575682382134,1694336.9144000006,403,False,True,True,False,103018.8856,5,ff3211098519acfb4e3b47f4755c173a21ba07035f2fa26d654925f5ec0c9234
68,68,standard,0.55,0.025,0.335,0.05,140,0.0035,2,0.35074950407481564,-0.07320705224039936,39,5.806451612903226,1617394.9248000025,403,False,True,True,False,103664.27519999999,4,2649e49c44ddbfca03c17ae840f43d42a17bfb2397fd3bedbadfc33566b3316f
63,63,standard,0.6,0.075,0.335,0.05,140,0.0035,3,0.3228809571963245,-0.09880122741270636,34,5.062034739454094,1564360.273800001,403,False,True,True,False,90212.72619999999,4,44fc4cfdf0fec9342e1136f58c257c40e6f8eb34e77e9e4e0f90dde69f4a9701
65,65,standard,0.55,0.075,0.335,0.05,120,0.0025,1,0.2643501062955109,-0.08172147484126513,30,4.4665012406947895,1455147.146300001,403,False,True,True,False,75928.95370000001,3,346cc0b397225581f61578f4524563b1f7bc1f221b49e120d53de1c8a457f897
69,69,standard,0.55,0.025,0.335,0.05,140,0.0035,1,0.29195846274675596,-0.08257043639936668,40,5.955334987593052,1506292.7618000011,403,False,True,True,False,101803.6382,4,a1c370ae9b6b68d4cdc5dcd42cea7c203b853940482fc89fc2c6976a737d4cce
67,67,standard,0.6,0.025,0.335,0.05,120,0.0025,3,0.36573571491978063,-0.09888239295644619,38,5.6575682382134,1646187.2466000007,403,False,True,True,False,102481.7534,5,9affeda93e25c43413996af18c31138a6b966875e68fb57810da743c1f9a5f96
64,64,standard,0.55,0.075,0.335,0.05,120,0.0025,2,0.3178792786230533,-0.08241251925454274,30,4.4665012406947895,1554912.1883000026,403,False,True,True,False,78546.91170000001,3,c7d1781a978eff61389ca6e63d98a59be962c98e67d7d7af20bb8e2dc433bb15
66,66,fee_20bp,0.6,0.025,0.335,0.05,120,0.0025,2,0.32651891490906904,-0.07801689799222655,38,5.6575682382134,1571245.7774000019,403,False,True,True,False,197566.12259999997,5,93fad574623db6b47f503071a3bb9c7e649a891fcc47d3ba1c47b915b600d099
68,68,fee_20bp,0.55,0.025,0.335,0.05,140,0.0035,2,0.28692595069671234,-0.07795541145852214,39,5.806451612903226,1496920.535400001,403,False,True,True,False,198671.9646,4,943f0b7491313fe143c377d3ef751cf4f6711d291fab9d88ecffe905e7119457
63,63,fee_20bp,0.6,0.075,0.335,0.05,140,0.0035,3,0.26820870219704185,-0.10498404666364924,34,5.062034739454094,1462255.5178000014,403,False,True,True,False,173871.98220000003,4,e07e84f34d7f3b9b54de6d75d5dd1367561ac0ecc7b0a91eb981401def3394b4
65,65,fee_20bp,0.55,0.075,0.335,0.05,120,0.0025,1,0.218124493722613,-0.08443550237810227,30,4.4665012406947895,1371003.8434000001,403,False,True,True,False,147037.65660000005,3,82aac60e9bc03f19fd2c50603353fedb9a4c493a614cac3d5683418e11b15053
69,69,fee_20bp,0.55,0.025,0.335,0.05,140,0.0035,1,0.22935856952787148,-0.08618987166487757,40,5.955334987593052,1391280.0035999997,403,False,True,True,False,194999.79640000005,4,e6f563cdc9be5ea7aa753743ff05ad353791534ab06bb3ec0aaa73107c3b9f03
64,64,fee_20bp,0.55,0.075,0.335,0.05,120,0.0025,2,0.26969539798449826,-0.0876974603305748,30,4.4665012406947895,1464997.7968000008,403,False,True,True,False,152037.40319999997,3,43057819b25f78b78541beca16ecac447dc29ad5daf5c1216e141dd873d6a797
67,67,fee_20bp,0.6,0.025,0.335,0.05,120,0.0025,3,0.3028185283029907,-0.10421875679437975,38,5.6575682382134,1526592.4298000026,403,False,True,True,False,196565.47019999998,5,6873b35352c2c111d3d05709cc903f111e3263d9cdb144fe9e66acbf3b09ef9d
71,71,standard,0.6,0.075,0.325,0.05,120,0.0035,1,0.2825577831772632,-0.08256822825677324,37,5.508684863523573,1488803.323100002,403,False,True,True,False,92665.37690000002,4,3523c254f77adfcfb461d5419b0d06ed20aea6c0e1e9672c9a95ab313237cb95
70,70,standard,0.6,0.075,0.325,0.05,120,0.0035,2,0.3675212003189354,-0.07246748717285334,37,5.508684863523573,1649630.2973000028,403,False,True,True,False,98469.2027,4,ecdfe8228126c950524b8b65ad91c3b7829beaba087ca50f11ef0e21d2b752ee
72,72,standard,0.55,0.075,0.325,0.05,140,0.0025,2,0.38977810929582857,-0.07252514537117405,37,5.508684863523573,1692775.2398000003,403,False,True,True,False,100448.3602,5,82c7d3b5438364f86c4c240e70d30e04348a9ded117dca4066e0ec7abbca08da
73,73,standard,0.55,0.075,0.325,0.05,140,0.0025,3,0.36494514593871763,-0.09888625518658412,37,5.508684863523573,1644663.6096000012,403,False,True,True,False,99911.5904,5,c32034619f8bdc838fb3ede11d5edf67fdfce9dadddd5e2fe292075bb9f8853a
74,74,standard,0.6,0.025,0.325,0.05,140,0.0025,2,0.4210035044345082,-0.07327973398560717,41,6.104218362282879,1754006.2280000013,403,True,True,False,False,114303.172,7,c0669918677541c7eff5dd714a70028c6d1a652e9d83bec045e6116b498125f3
75,75,standard,0.6,0.025,0.325,0.05,140,0.0025,1,0.3326981046521089,-0.08264175023471787,41,6.104218362282879,1582966.975900001,403,False,True,False,False,107732.32409999998,7,958d0e246561b9115254fa5db7e7938a7d9859e459c41d8ef004bbe29c619fb2
76,76,standard,0.55,0.025,0.325,0.05,120,0.0035,2,0.3748985642525535,-0.07320666127997477,41,6.104218362282879,1663885.0319000015,403,False,True,False,False,109811.8681,4,bf19fffa29f88f843b3a9f7cf9ed4ab35e028187120f49d468e4088ac0fe52ce
71,71,fee_20bp,0.6,0.075,0.325,0.05,120,0.0035,1,0.2249544191237034,-0.08618410094257378,37,5.508684863523573,1383317.7499999993,403,False,True,True,False,178074.05,4,4ca9e323adcd6256c45b17993994a78f4d7aa24b64354d9e8854b1b3770b50aa
74,74,fee_20bp,0.6,0.025,0.325,0.05,140,0.0025,2,0.3504422049138436,-0.0780196460049013,41,6.104218362282879,1616806.518200002,403,False,True,False,False,218471.78180000006,7,09dc8e5df3d794d90228f660f8e074e163c7ab7b31bf8d755ade5040ecea6a8d
73,73,fee_20bp,0.55,0.075,0.325,0.05,140,0.0025,3,0.3036123952026808,-0.10507271912279703,37,5.508684863523573,1528080.3192000012,403,False,True,True,False,191839.6808,5,45b08a30e2f036f61e2b9476719a3c7bbf417c0631abff7d73ec0703ba356746
70,70,fee_20bp,0.6,0.075,0.325,0.05,120,0.0035,2,0.3061039376729455,-0.07883341755156437,37,5.508684863523573,1532753.569600001,403,False,True,True,False,189082.03040000002,4,f230d3f23b10cb79ab2ed9f56449ef395708685162bca23ffe1e24299881d754
75,75,fee_20bp,0.6,0.025,0.325,0.05,140,0.0025,1,0.26651700604037787,-0.08626423133899297,41,6.104218362282879,1459137.4484000008,403,False,True,False,False,206046.7516,6,6d911eff0f0aa8b1f45a6b9612e43b6aa9de975737e9c8c4a91546df302ca089
72,72,fee_20bp,0.55,0.075,0.325,0.05,140,0.0025,2,0.3273282625876228,-0.0788943926245449,37,5.508684863523573,1572779.1570000008,403,False,True,True,False,192841.143,5,b541054842fabd67da4efa427b3063a6e76e30ecc42a42993119509c26ab059e
76,76,fee_20bp,0.55,0.025,0.325,0.05,120,0.0035,2,0.3066960948552102,-0.07795544837201995,41,6.104218362282879,1533865.0328000009,403,False,True,False,False,209945.7672,4,d8f8fa362cb21935e59f7603038763f461024bf72a0ceabe9425aae5639dd782
78,78,standard,0.6,0.075,0.335,0.0,140,0.0025,2,0.331577134418348,-0.07252169219366555,33,4.913151364764268,1580838.203700002,403,False,True,True,False,87394.29630000002,6,2f1c865b52c74cec641af4dd4f90c77a05ba8bea11f45ad76b3fabd809a3dd68
77,77,standard,0.55,0.025,0.325,0.05,120,0.0035,3,0.36540760498987623,-0.09880014839783502,41,6.104218362282879,1645554.8272000023,403,False,True,False,False,110076.1728,4,19c700fe96b012752ce5af3ef4c6f9d9f89de4884b036b56ed625d0d0d8c11a9
80,80,standard,0.55,0.075,0.335,0.0,120,0.0035,2,0.3290079206695766,-0.08234903041918473,30,4.4665012406947895,1575963.2034000014,403,False,True,True,False,79103.79659999999,3,e2d7487485acb427de4790007c195fd15b279fb3174de4e07da6e7e0faa2a92d
82,82,standard,0.6,0.025,0.335,0.0,120,0.0035,2,0.4344386266092808,-0.07246600392094482,40,5.955334987593052,1780601.7812000008,403,True,True,True,True,111496.4188,4,55b22d2f8c1acb03fc8c0f486d3a51ec45981d066eb94fecb4485d215957e624
83,83,standard,0.6,0.025,0.335,0.0,120,0.0035,1,0.312219433319016,-0.08256805724324934,39,5.806451612903226,1544246.7227000005,403,False,True,True,False,99863.17730000001,4,706af6f0c4687063b545e7a642f6824eb1f552aaead1fe7c683728e3c022fe21
79,79,standard,0.6,0.075,0.335,0.0,140,0.0025,1,0.28296259317221906,-0.08263831931272292,33,4.913151364764268,1489554.871900001,403,False,True,True,False,84537.4281,5,d73277f50bb60f0e81f91811f32e78d11e6edfadd2f6959c9ba8a5492cca5982
81,81,standard,0.55,0.075,0.335,0.0,120,0.0035,3,0.2877348711984442,-0.10840102533770946,30,4.4665012406947895,1498425.5382,403,False,True,True,False,77881.46179999999,3,5aab84f18750e9cfa27b5abd1a0c2e5cfbcab65fd545edf0a0794c7de61839db
78,78,fee_20bp,0.6,0.075,0.335,0.0,140,0.0025,2,0.2780956290735872,-0.07889208078894794,33,4.913151364764268,1480528.545600001,403,False,True,True,False,168624.2544,6,db9a9e02e7be996f0dec3ee4cfd81b5679780120195d67e2efa9c4f4117d3164
77,77,fee_20bp,0.55,0.025,0.325,0.05,120,0.0035,3,0.29767658843760225,-0.10413465881394579,41,6.104218362282879,1516968.4088000006,403,False,True,False,False,210451.59120000002,4,035134362add5d814f711e02f1f9d019b3c70c3e2f9392043c7314232dcbeeba
80,80,fee_20bp,0.55,0.075,0.335,0.0,120,0.0035,2,0.28046784461284124,-0.08817404863220657,30,4.4665012406947895,1484925.5151999993,403,False,True,True,False,153106.68480000002,3,82bd588a5dcdf01f96de59c4f0ca24754be8fae7a0033a97d64ac00427d13fea
79,79,fee_20bp,0.6,0.075,0.335,0.0,140,0.0025,1,0.2314352592421185,-0.08626600007063068,33,4.913151364764268,1395040.3840000015,403,False,True,True,False,163182.21600000001,5,aba4c8797835dca9bf64e1aa5cca7eec52ca0451dd775c7553d568c69d624f81
82,82,fee_20bp,0.6,0.025,0.335,0.0,120,0.0035,2,0.3649900037482776,-0.07795526012502896,40,5.955334987593052,1644750.0484,403,False,True,True,False,213278.1516,4,1aedf5905ae7f2e39c0415cf87d7e9f975f3ddffadbbdb820f57aa17c81f38bc
81,81,fee_20bp,0.55,0.075,0.335,0.0,120,0.0035,3,0.24069692753296068,-0.11406071686556774,30,4.4665012406947895,1411857.265000001,403,False,True,True,False,150778.83499999996,3,7c2f18656e8c4102add8058b93acab025af4e5e7afb038013d2b8e1badbd8d08
83,83,fee_20bp,0.6,0.025,0.335,0.0,120,0.0035,1,0.2502465584026121,-0.08618544768197611,39,5.806451612903226,1429275.9553999999,403,False,True,True,False,191446.5446,4,93fab5f00cfb716e3633dd97f10d8054272e57dcef1036c2ee9d9c8681e700dc
87,87,standard,0.6,0.075,0.325,0.0,120,0.0025,3,0.31197143114863857,-0.09888024435702458,36,5.359801488833747,1543780.0143000006,403,False,True,True,False,93612.28570000001,6,c12416dfa5ace6d1860ae9e73d3e6085cc7820f9120757e64369018ed9e4e0f4
85,85,standard,0.55,0.025,0.335,0.0,140,0.0025,3,0.3345610545295996,-0.09888313738909382,38,5.6575682382134,1586507.1739999996,403,False,True,True,False,101049.62599999999,6,cf01a3dde2fa1714d16d2701760cb7043de5557f7055217633443689627f50da
84,84,standard,0.55,0.025,0.335,0.0,140,0.0025,2,0.3554452565633244,-0.07327685569816156,38,5.6575682382134,1626396.1753999998,403,False,True,True,False,101440.22459999999,6,508dd4bb5f4d9cc309062670483ecd129a93939f4c90f278893770de0aacd803
86,86,standard,0.6,0.075,0.325,0.0,120,0.0025,2,0.3598755916596963,-0.07252337502149919,36,5.359801488833747,1634905.7987999988,403,False,True,True,False,95454.6012,6,917e6228eb67d8244f1bc9e3fb720e5fe13281928dde8afc356002f0712e4385
89,89,standard,0.55,0.075,0.325,0.0,140,0.0035,1,0.3249108838859449,-0.08256955447556436,38,5.6575682382134,1568200.8859000008,403,False,True,True,False,98429.8141,4,aa5ded463fbac72c4752b15fec0291ba29ab75a0be3d6d5f2d7d05c4288cec94
88,88,standard,0.55,0.075,0.325,0.0,140,0.0035,2,0.4279445998069311,-0.072465392584665,38,5.6575682382134,1767727.7786000012,403,True,True,True,True,105528.22140000001,4,f14d4e6fdec92e1b028da456652ad32518eae51ba493e3b1622496770d0a55ee
90,90,standard,0.6,0.025,0.325,0.0,140,0.0035,2,0.46467519637507126,-0.0732044009874635,43,6.401985111662531,1841003.3659000013,403,True,True,False,False,123461.53409999999,6,ececf283108e87c1646c038ea60e36bf9496e9340efb51da0a694a5fdfa2e059
86,86,fee_20bp,0.6,0.075,0.325,0.0,120,0.0025,2,0.3003783663495174,-0.0788976693250143,36,5.359801488833747,1522022.4056000006,403,False,True,True,False,183506.39440000002,6,59851d6d7e55aaf4db70ee2c77b76a7fafe1713356b4ea7700fd26626a3cf788
85,85,fee_20bp,0.55,0.025,0.335,0.0,140,0.0025,3,0.2730410818912459,-0.10422368927310943,38,5.6575682382134,1471176.1032000019,403,False,True,True,False,193881.29679999995,6,1f3709392e9da83f59970e6ca0cc2156cfdff0434743dfb5998938fbfc650383
84,84,fee_20bp,0.55,0.025,0.335,0.0,140,0.0025,2,0.29297176209414544,-0.07801494794907216,38,5.6575682382134,1508182.5152000012,403,False,True,True,False,194610.6848,6,ece2a158bc3b57167302263b3398483a5e54a51765e666b0c27d2c183d9e94a9
87,87,fee_20bp,0.6,0.075,0.325,0.0,120,0.0025,3,0.2545694533587828,-0.10507326963063301,36,5.359801488833747,1437187.2774000005,403,False,True,True,False,180032.6226,6,332ccebf3b7e1371de109967477ca0700fa5c6957bb08ac293a29abfce96b4e3
89,89,fee_20bp,0.55,0.075,0.325,0.0,140,0.0035,1,0.2638383843559142,-0.08618510108258581,38,5.6575682382134,1454205.4184000008,403,False,True,True,False,188870.7816,4,c3282396146ff08c9d4399e2b8185fb78dcb53a8b4e96adba1a7123e0cb8a966
88,88,fee_20bp,0.55,0.075,0.325,0.0,140,0.0035,2,0.3621095234908409,-0.0788351991538051,38,5.6575682382134,1639202.9597999984,403,False,True,True,False,202310.3402,4,cdea71fc7e2b9395f9378e435402fcf6032cbc8f418ced44940b83ec8ebc9445
90,90,fee_20bp,0.6,0.025,0.325,0.0,140,0.0035,2,0.3885387493067145,-0.07795629902135626,43,6.401985111662531,1690361.781800001,403,False,True,False,False,235370.5182,6,e8e466dc5ff99b06f3477de880530ec5629aa8687a2b2d6fdf0ddc02bbea9c0d
92,92,standard,0.55,0.025,0.325,0.0,120,0.0025,2,0.3649565141371187,-0.07327635824195611,40,5.955334987593052,1644685.5154000013,403,False,True,True,False,106642.8846,6,7a767157322a2ca5bacb5b7af4ec18de0d51fbdfaf8c4299500a15a82a39b4e1
93,93,standard,0.55,0.025,0.325,0.0,120,0.0025,1,0.29237610430548355,-0.08263523356129943,41,6.104218362282879,1507071.5352000003,403,False,True,False,False,103924.26479999999,5,949668d765b9cd100ffd5e296013302a450d10adb900b309c77449c85f1e23e3
91,91,standard,0.6,0.025,0.325,0.0,140,0.0035,3,0.46158237930894797,-0.09880155802048052,43,6.401985111662531,1834790.427100001,403,True,True,False,False,122513.67289999999,6,1319683d11a3e31805795ac43a659050313471257f656a13094d3d00fa7f8f66
94,94,standard,0.55,0.05,0.325,0.175,130,0.003,2,0.4343668884824916,-0.06154820340543088,41,6.104218362282879,1780459.3737000008,403,True,True,False,False,111434.3263,4,ccc95a61cff9056a89cdb4de2121eea439ecc76fa028e81fd85d5f50f32af1c9
95,95,standard,0.6,0.05,0.325,0.175,130,0.003,2,0.42774619980950135,-0.06154950137679549,40,5.955334987593052,1767335.0142000017,403,True,True,True,True,108702.3858,4,26f5514e9f1d555c164eca4f8c3d57b60357fdd86a9fe7a117e9180fa7390b96
97,97,standard,0.575,0.075,0.325,0.175,130,0.003,2,0.3949303753037061,-0.06154809676352602,39,5.806451612903226,1702822.2879000022,403,False,True,True,False,104012.0121,4,72a640bcaab7a4aa6e074ebc97af584a5e6caf8947b0a98aa5b253cdbc284988
96,96,standard,0.575,0.025,0.325,0.175,130,0.003,2,0.4016943670908404,-0.07323927815299491,41,6.104218362282879,1716046.0320000013,403,True,True,False,False,110430.168,4,60ecf4d918d304cdd562d848c3b0b91dc384b9a63343c5c45f4e8ab6913e4c8e
92,92,fee_20bp,0.55,0.025,0.325,0.0,120,0.0025,2,0.29882316743375603,-0.07801773266888679,40,5.955334987593052,1519112.4518000009,403,False,True,True,False,204129.4482,6,9e45fc294230fb5a72255bcc859bf5b6119cd4b3db762df9f9881bc545b7d33b
91,91,fee_20bp,0.6,0.025,0.325,0.0,140,0.0035,3,0.3856015434279305,-0.10413476684029266,43,6.401985111662531,1684647.1908000011,403,False,True,False,False,233592.20920000004,6,3bc61e9e0746e3bbf0c7d1adc3ac04fc4ffc675fb0a2f6ef47f586a32b2848b5
93,93,fee_20bp,0.55,0.025,0.325,0.0,120,0.0025,1,0.22821928396864855,-0.08626073716733951,41,6.104218362282879,1389218.6502000014,403,False,True,False,False,198849.8498,5,09b7c551098c79e8366192b40311c8531e1e6a0d62f229ac1db7385c2552506b
94,94,fee_20bp,0.55,0.05,0.325,0.175,130,0.003,2,0.36319900938134975,-0.06525422725762142,41,6.104218362282879,1641300.213000002,403,False,True,False,False,212920.68699999998,4,5f2c9db6f2b78087245f93897d0e85b1848f189fffaedc2c1eee9552f1aa1a04
95,95,fee_20bp,0.6,0.05,0.325,0.175,130,0.003,2,0.3586038166460439,-0.0652522761757176,40,5.955334987593052,1632461.318000001,403,False,True,True,False,207943.882,4,d587e0d9a47e76e335291046dc6cfb7e66f4b62a5a0d32e97221d4d2194260bf
97,97,fee_20bp,0.575,0.075,0.325,0.175,130,0.003,2,0.328972371831181,-0.06525683267785065,39,5.806451612903226,1575895.7902000016,403,False,True,True,False,199251.9098,4,fdd659bca4716ca9cc58bdd7688bb4fdc4bb2bcecd581fdfb9faadd4fb2b7e2c
96,96,fee_20bp,0.575,0.025,0.325,0.175,130,0.003,2,0.3321466989104316,-0.07692737106169589,41,6.104218362282879,1581919.6978000007,403,False,True,False,False,211075.2022,4,31ae39e43350a4b38cbb2761e653658b3956db42dfbba1493c53400f81c61fba
100,100,standard,0.575,0.05,0.325,0.2,130,0.003,2,0.4310672583807367,-0.06154830526516941,40,5.955334987593052,1773913.885200002,403,True,True,True,True,109054.71479999999,4,f3bf83b55ed47b89a672efabf323cdd56297785e1f623e4bba96bceec81d58c4
101,101,standard,0.575,0.05,0.325,0.175,120,0.003,2,0.39472923972179874,-0.061550315802214484,39,5.806451612903226,1702429.6507000008,403,False,True,True,False,103497.84930000002,4,e8487f3e55fe3db3919094b382390ec26fd1227ace0921fca0dce11a5c35be04
98,98,standard,0.575,0.05,0.32,0.175,130,0.003,2,0.4343668884824916,-0.06154820340543088,41,6.104218362282879,1780459.3737000008,403,True,True,False,False,111434.3263,4,cd2ae42d47b9564063f39b6e96cf3e71757904e780dd447bd7d3df3ff74a223a
99,99,standard,0.575,0.05,0.325,0.15,130,0.003,2,0.4612233642493242,-0.06155118676217286,40,5.955334987593052,1834069.7373000018,403,True,True,True,True,111631.5627,4,bd0efd3d77ce43f8bb300c164fb3b8336c2ce862ee58969b58f4a25c9733d4d2
103,103,standard,0.575,0.05,0.325,0.175,130,0.0025,2,0.4184385560487076,-0.06156253741816464,39,5.806451612903226,1748945.8363000008,403,True,True,True,True,105653.8637,5,88a6458d0707abc4c4c7e43c7c9282d7f8d4d3268d2da4aac402456e5df35e13
104,104,standard,0.575,0.05,0.325,0.175,130,0.0035,2,0.427782193188871,-0.061514257955223695,40,5.955334987593052,1767406.2664000026,403,True,True,True,True,108783.9336,4,8f12cccec1eeecba371a4b2f11610c8f0be2aba9a2d9b7cb392aa9e9b097efc4
102,102,standard,0.575,0.05,0.325,0.175,140,0.003,2,0.4407718773206484,-0.06155083693178143,40,5.955334987593052,1793190.7391000013,403,True,True,True,True,109836.1609,4,4e0a89cd08c2aebf37c50777f383088a7d878420b0305c398bd4b4930d1dfe91
100,100,fee_20bp,0.575,0.05,0.325,0.2,130,0.003,2,0.36172618567673154,-0.06525271144956368,40,5.955334987593052,1638465.2760000022,403,False,True,True,False,208609.124,4,2720ef26b0218de6a26d093c120deff64784c1c553612d2fff253ac0f0c761e2
101,101,fee_20bp,0.575,0.05,0.325,0.175,120,0.003,2,0.32879567985153546,-0.06525715145044164,39,5.806451612903226,1575560.7355999998,403,False,True,True,False,198258.0644,4,545b572362deee975aed76a8bee207350a216b5713ef459fa2a249dfbc02de47
98,98,fee_20bp,0.575,0.05,0.32,0.175,130,0.003,2,0.36319900938134975,-0.06525422725762142,41,6.104218362282879,1641300.213000002,403,False,True,False,False,212920.68699999998,4,be73df9c29c82eab74e9299454538875bf5ab11ff3381c785907764092f08f46
99,99,fee_20bp,0.575,0.05,0.325,0.15,130,0.003,2,0.3904150702361471,-0.06525536507137941,40,5.955334987593052,1694016.122600001,403,False,True,True,False,213475.77740000002,4,39cd0c3f857d92d97fe09137db118bbbe7e2e23410f3b56c6834899c20e658ed
103,103,fee_20bp,0.575,0.05,0.325,0.175,130,0.0025,2,0.3513595877462581,-0.06526766720970245,39,5.806451612903226,1618563.3312000008,403,False,True,True,False,202342.6688,5,8592042cd7b212b6f96b427be4d29e08136da936c106b560e2fb6c5e1e21dcd1
102,102,fee_20bp,0.575,0.05,0.325,0.175,140,0.003,2,0.37096926347428516,-0.06525351839589066,40,5.955334987593052,1656287.0146000017,403,False,True,True,False,210085.68540000002,4,4c943bb994ffcfc81e2edc167e20fedc1883769d22206a44e8c50da3cc9b6c98
104,104,fee_20bp,0.575,0.05,0.325,0.175,130,0.0035,2,0.3586146325042727,-0.06521474063892596,40,5.955334987593052,1632482.1014000012,403,False,True,True,False,208096.59860000003,4,3d6da24e2e32f58e67b880996ecc8886ddefa6b9d5123ee09388c5c09310e3f4
109,109,standard,0.55,0.075,0.33,0.2,120,0.0025,2,0.32427314236672977,-0.06062217549751203,32,4.764267990074441,1566993.9017000005,403,False,True,True,False,82176.9983,3,428c410b7d4f1c2f1ca5d981a145ddfd0845539e66be96cce47f7ba7644a7975
107,107,standard,0.6,0.075,0.33,0.2,140,0.0035,2,0.39024235726953105,-0.06151105680627411,35,5.2109181141439205,1693679.6216000016,403,False,True,True,False,95031.77840000001,4,b096dbfb1ecdb15c43b90c6fc0b002058c82941871c4abe54660d1d2b6161ebf
108,108,standard,0.6,0.075,0.33,0.2,140,0.0035,3,0.39024235726953105,-0.06151105680627411,35,5.2109181141439205,1693679.6216000016,403,False,True,True,False,95031.77840000001,4,b096dbfb1ecdb15c43b90c6fc0b002058c82941871c4abe54660d1d2b6161ebf
106,106,standard,0.575,0.05,0.325,0.175,130,0.003,3,0.4310672583807367,-0.06154830526516941,40,5.955334987593052,1773913.885200002,403,True,True,True,True,109054.71479999999,4,f3bf83b55ed47b89a672efabf323cdd56297785e1f623e4bba96bceec81d58c4
105,105,standard,0.575,0.05,0.325,0.175,130,0.003,1,0.37413720663268246,-0.08261748567457905,40,5.955334987593052,1662411.7908999992,403,False,True,True,False,107154.70909999998,4,50d8540b14a9c987f343fab4f0ec7a80d30e32ebcb4112a5ebd6689e32060eba
110,110,standard,0.55,0.075,0.33,0.2,120,0.0025,1,0.27155949669168034,-0.08172268058500598,32,4.764267990074441,1468438.9324000005,403,False,True,True,False,80812.4676,3,e9e2e98b8ebc6a7553d3b40c08d9e02a0c030b84a12a40199d88c54039ced3e4
111,111,standard,0.6,0.025,0.33,0.2,120,0.0025,2,0.3714776628402947,-0.06156214263401172,38,5.6575682382134,1657269.3632000012,403,False,True,True,False,99369.23679999998,5,df88ccd34d57b602e256c315b8f03f609d64b53b57d837bbdb0fc3f82671f490
109,109,fee_20bp,0.55,0.075,0.33,0.2,120,0.0025,2,0.27269562329874697,-0.06421710059400554,32,4.764267990074441,1470537.7112000007,403,False,True,True,False,158716.88880000002,3,1f60590c01331be064a39a08ee72452be9c051f235976a1e54df91a5349cfe38
107,107,fee_20bp,0.6,0.075,0.33,0.2,140,0.0035,2,0.3311160763819232,-0.0652160127886634,35,5.2109181141439205,1579962.945600002,403,False,True,True,False,182886.8544,4,7ce5f252f201c003515dfcaaa1d2aecc0a57e5b59157da6a81a20942f3bc643c
108,108,fee_20bp,0.6,0.075,0.33,0.2,140,0.0035,3,0.3311160763819232,-0.0652160127886634,35,5.2109181141439205,1579962.945600002,403,False,True,True,False,182886.8544,4,7ce5f252f201c003515dfcaaa1d2aecc0a57e5b59157da6a81a20942f3bc643c
105,105,fee_20bp,0.575,0.05,0.325,0.175,130,0.003,1,0.30754726533757526,-0.08623784125071188,40,5.955334987593052,1535463.1858000006,403,False,True,True,False,205072.1142,4,2a6f1d3f4cd211b3e6b9313801f3505644e9156bbc6b48366edacd21592a7a40
106,106,fee_20bp,0.575,0.05,0.325,0.175,130,0.003,3,0.36172618567673154,-0.06525271144956368,40,5.955334987593052,1638465.2760000022,403,False,True,True,False,208609.124,4,2720ef26b0218de6a26d093c120deff64784c1c553612d2fff253ac0f0c761e2
110,110,fee_20bp,0.55,0.075,0.33,0.2,120,0.0025,1,0.22202983881312277,-0.08443300342457094,32,4.764267990074441,1378039.8735999998,403,False,True,True,False,156139.72639999999,3,9353e8b5a8abe885caae45d0de3950324995bb38919e2e9ced3e5bca1862b0b7
111,111,fee_20bp,0.6,0.025,0.33,0.2,120,0.0025,2,0.3082913415712716,-0.06526802047152769,38,5.6575682382134,1536860.7700000005,403,False,True,True,False,190603.62999999998,5,68b633f212d4e4238546f46359fea7d0d9800215c81e9a54c545970b70d1e186
114,114,standard,0.55,0.025,0.33,0.2,140,0.0035,1,0.2949411613748707,-0.08256964287366375,41,6.104218362282879,1511857.8866999994,403,False,True,False,False,104158.81330000001,4,b97a5080d54df144a4a03aea60ecf4d9ea169bb081aca74b717535c44edc478b
113,113,standard,0.55,0.025,0.33,0.2,140,0.0035,2,0.3352925879461146,-0.07320503227569253,40,5.955334987593052,1587898.130600001,403,False,True,True,False,102299.6694,4,6847b1a8bc0c12367e69e143cf0733471341e56ba11f7bf753fa7967445df601
112,112,standard,0.6,0.025,0.33,0.2,120,0.0025,3,0.3714776628402947,-0.06156214263401172,38,5.6575682382134,1657269.3632000012,403,False,True,True,False,99369.23679999998,5,df88ccd34d57b602e256c315b8f03f609d64b53b57d837bbdb0fc3f82671f490
116,116,standard,0.6,0.075,0.32,0.2,120,0.0035,1,0.33641459465387524,-0.08257036304062171,39,5.806451612903226,1590032.4306000012,403,False,True,True,False,101940.5694,4,678be61137fc7c2d07d6a0183f52e9989181484d178c38b0d49e39a985d1ea80
117,117,standard,0.55,0.075,0.32,0.2,140,0.0025,2,0.38260357658854893,-0.061561342303570576,38,5.6575682382134,1678821.8648000013,403,False,True,True,False,100680.33520000002,5,d0a8578ac74423d229f0b0a867ed44c6be2a5cd56edf919389539bd89c030016
115,115,standard,0.6,0.075,0.32,0.2,120,0.0035,2,0.39176167538311724,-0.06151418109305751,39,5.806451612903226,1696640.606000002,403,False,True,True,False,103760.99399999999,4,8623610de2e52c3032e5fe1f0ca4e47c0a0ba953aaa9090a5329e1de67fbdf8b
118,118,standard,0.55,0.075,0.32,0.2,140,0.0025,3,0.38260357658854893,-0.061561342303570576,38,5.6575682382134,1678821.8648000013,403,False,True,True,False,100680.33520000002,5,d0a8578ac74423d229f0b0a867ed44c6be2a5cd56edf919389539bd89c030016
114,114,fee_20bp,0.55,0.025,0.33,0.2,140,0.0035,1,0.23070956245172458,-0.08618637817404051,41,6.104218362282879,1393725.8912000004,403,False,True,False,False,199293.9088,4,e9035bbefa836a0de2d2018ab704a019007debd8a7c060c39ec26fb932c9a507
113,113,fee_20bp,0.55,0.025,0.33,0.2,140,0.0035,2,0.2706399167839668,-0.0768880837801974,40,5.955334987593052,1466741.005200001,403,False,True,True,False,195878.39479999998,4,7ae500d1a476d5169ba59fd95f670ada3698c95ae02a40b2db2373869c8126d7
112,112,fee_20bp,0.6,0.025,0.33,0.2,120,0.0025,3,0.3082913415712716,-0.06526802047152769,38,5.6575682382134,1536860.7700000005,403,False,True,True,False,190603.62999999998,5,68b633f212d4e4238546f46359fea7d0d9800215c81e9a54c545970b70d1e186
116,116,fee_20bp,0.6,0.075,0.32,0.2,120,0.0035,1,0.27324820359044755,-0.08618516539238341,39,5.806451612903226,1471558.904600001,403,False,True,True,False,195381.9954,4,3f3228aa1db3f9cbda145aa14b5ba9bf47ee3f3c25f1e0b5b2acbc705870d5a6
115,115,fee_20bp,0.6,0.075,0.32,0.2,120,0.0035,2,0.32596417589371995,-0.06521438145441061,39,5.806451612903226,1570195.099800001,403,False,True,True,False,198772.6002,4,df23c78617c7c583a7e98bf8fea8aeb2bcc4e41094795679149f2370077c6424
118,118,fee_20bp,0.55,0.075,0.32,0.2,140,0.0025,3,0.31885083913617907,-0.0652663000860122,38,5.6575682382134,1556745.7710000006,403,False,True,True,False,193097.329,5,b9b4db7d49a960cae1312dbe9ad03c5066a7df7f721bd3b9b53198ca35568722
117,117,fee_20bp,0.55,0.075,0.32,0.2,140,0.0025,2,0.31885083913617907,-0.0652663000860122,38,5.6575682382134,1556745.7710000006,403,False,True,True,False,193097.329,5,b9b4db7d49a960cae1312dbe9ad03c5066a7df7f721bd3b9b53198ca35568722
120,120,standard,0.6,0.025,0.32,0.2,140,0.0025,1,0.3227731330987982,-0.08264324965484304,43,6.401985111662531,1564156.3698,403,False,True,False,False,112712.6302,6,3b36ecbcfbbf12a46b2cd88f92783c5217e6b876ab6b44dd9a76516e2f5415fe
119,119,standard,0.6,0.025,0.32,0.2,140,0.0025,2,0.37342664911215606,-0.07539329732861855,42,6.253101736972705,1661037.290200004,403,False,True,False,False,111866.1098,7,367238d2625ee6759a2a533ce15b85574ecf421c8d4fd2d73454e76fff5b3cf0
122,122,standard,0.55,0.025,0.32,0.2,120,0.0035,3,0.356501590917099,-0.06338971710508146,41,6.104218362282879,1628423.6324000019,403,False,True,False,False,105807.9676,4,a978953e13285f215b697990e174bc3bc572db4270ccba706d3f9a37dbd43c31
121,121,standard,0.55,0.025,0.32,0.2,120,0.0035,2,0.3415463370858878,-0.07320555963943975,41,6.104218362282879,1599807.8010000025,403,False,True,False,False,105051.799,4,a4301cb840dc28c9eb6f60ce3abd18270f587528b364a1092664e0810d3bdbc8
124,124,standard,0.6,0.075,0.33,0.15,140,0.0025,1,0.3253633094440176,-0.08263793948378917,34,5.062034739454094,1569057.3538000002,403,False,True,True,False,90218.4462,5,209237f71a06e9e5beffc6b2965f8a5190d3e2a4913a192b8b03cfc7fac63be2
123,123,standard,0.6,0.075,0.33,0.15,140,0.0025,2,0.3600719949305442,-0.07252376026933771,34,5.062034739454094,1635283.428,403,False,True,True,False,91738.372,5,01623bf2aa22b870931a4fb21fcc9690d009f9e9f0191918aa9942e394fc606a
120,120,fee_20bp,0.6,0.025,0.32,0.2,140,0.0025,1,0.25396012695123993,-0.08626125288934494,43,6.401985111662531,1436071.1598000012,403,False,True,False,False,215133.9402,6,50bb8dcbba6268df50062d3b6d3772ddf2d7d227aadc44f22407b6432e7b1e51
122,122,fee_20bp,0.55,0.025,0.32,0.2,120,0.0035,3,0.28921739565901494,-0.06525737597336878,41,6.104218362282879,1501185.257000002,403,False,True,False,False,202334.44299999997,4,af84c157c97ea9fb1b72f82353c159bc3b3710bdb66de5d9fb9024cf88cb10ad
119,119,fee_20bp,0.6,0.025,0.32,0.2,140,0.0025,2,0.30360501462679523,-0.08181657245825658,42,6.253101736972705,1528066.4838000021,403,False,True,False,False,213659.41620000004,6,e1de2d70b51b2add8c27b90c5bdee16731470a385899f4a9a721ce28d5f4ba77
121,121,fee_20bp,0.55,0.025,0.32,0.2,120,0.0035,2,0.2750092381652103,-0.07688938782298771,41,6.104218362282879,1474815.1480000007,403,False,True,False,False,200920.852,4,1cce990d6677b63cb27eab48fbbf3363f955e6b28f2f0dd78acfb3cd34a3f490
124,124,fee_20bp,0.6,0.075,0.33,0.15,140,0.0025,1,0.27053838045134837,-0.08626344276713338,34,5.062034739454094,1466553.5720000006,403,False,True,True,False,173896.228,5,b8b49958b4b0295d1fd033bda87aec40bda3e67aa80fd78c8615ef5687a237e9
123,123,fee_20bp,0.6,0.075,0.33,0.15,140,0.0025,2,0.3038264907819761,-0.07889479047963344,34,5.062034739454094,1528481.6766000001,403,False,True,True,False,176766.82339999996,5,aee76f417522cb648e297fd3bdbd82063908d8a40662a17f92a8d180c649622f
125,125,standard,0.55,0.075,0.33,0.15,120,0.0035,2,0.3490188487292085,-0.060578858624577236,32,4.764267990074441,1614082.1678000016,403,False,True,True,False,83818.4322,3,7a9320a149b8f86e1726da0ac2b376edbcfe450b98438fba8273349892c78e72
131,131,standard,0.6,0.075,0.32,0.15,120,0.0025,2,0.3899051125130597,-0.061562303909698524,38,5.6575682382134,1693022.6314000017,403,False,True,True,False,101175.5686,5,6ce3351d40624b280c3394d98cd81d0cd49b2d5f559292bf52d69b3347c8883e
127,127,standard,0.6,0.025,0.33,0.15,120,0.0035,2,0.38263471739828026,-0.07246735784757186,39,5.806451612903226,1678882.3354000018,403,False,True,True,False,104222.6646,4,cb6fdae55c7fb45c22373debb17b4dda34abb3ff108a03da0cffe26a3672ea34
130,130,standard,0.55,0.025,0.33,0.15,140,0.0025,3,0.36865768886882644,-0.0634530052453709,39,5.806451612903226,1651823.2549000015,403,False,True,True,False,102326.84510000002,5,49d3abaf687b8493e152acbcf3d390793c9e6bd18b21929022690716bde440bf
126,126,standard,0.55,0.075,0.33,0.15,120,0.0035,3,0.3490188487292085,-0.060578858624577236,32,4.764267990074441,1614082.1678000016,403,False,True,True,False,83818.4322,3,7a9320a149b8f86e1726da0ac2b376edbcfe450b98438fba8273349892c78e72
129,129,standard,0.55,0.025,0.33,0.15,140,0.0025,2,0.35355784971968385,-0.07327336589196565,39,5.806451612903226,1622775.9706000022,403,False,True,True,False,101558.2294,5,fec89f565c5c45f723d466a854c368338ad4cf7f17b6765f666a5e09a41a972d
128,128,standard,0.6,0.025,0.33,0.15,120,0.0035,1,0.312219433319016,-0.08256805724324934,39,5.806451612903226,1544246.7227000005,403,False,True,True,False,99863.17730000001,4,599bff451184b04f6bc69aa77553fc7c19782a79e98ee15bdb78a7854bd1b1b5
131,131,fee_20bp,0.6,0.075,0.32,0.15,120,0.0025,2,0.3258077469267253,-0.06526933153663617,38,5.6575682382134,1569898.8704000004,403,False,True,True,False,194029.9296,5,81764ec6aa0ba3660d6fd28951e0c2d076216ec546bc760498bd86c9dfe15c61
127,127,fee_20bp,0.6,0.025,0.33,0.15,120,0.0035,2,0.31733165151422527,-0.07795669517577775,39,5.806451612903226,1553879.0330000012,403,False,True,True,False,199656.267,4,4dafb002831fe62b2ba611f53476137942d19877c79ede5da6db28c27719b317
125,125,fee_20bp,0.55,0.075,0.33,0.15,120,0.0035,2,0.2965161220294745,-0.06473271819567639,32,4.764267990074441,1514799.5526000012,403,False,True,True,False,161853.9474,3,674baca080d2581a878d80c9984abcbc7b0b0a55c09498280a5599dd5472ec7d
130,130,fee_20bp,0.55,0.025,0.33,0.15,140,0.0025,3,0.30397085874425067,-0.06532217635524606,39,5.806451612903226,1528752.340400002,403,False,True,True,False,196066.6596,5,d16532ddc2a18a3b1bb91de4abbfa17a15e94840d779a05625c1303db8c08b3e
126,126,fee_20bp,0.55,0.075,0.33,0.15,120,0.0035,3,0.2965161220294745,-0.06473271819567639,32,4.764267990074441,1514799.5526000012,403,False,True,True,False,161853.9474,3,674baca080d2581a878d80c9984abcbc7b0b0a55c09498280a5599dd5472ec7d
129,129,fee_20bp,0.55,0.025,0.33,0.15,140,0.0025,2,0.2895752213424321,-0.07696547274533216,39,5.806451612903226,1501851.6344000015,403,False,True,True,False,194624.5656,5,787de3ea9cf5d6df505050b5514f3dd5c1247b8967a47fae727dad3762334c48
128,128,fee_20bp,0.6,0.025,0.33,0.15,120,0.0035,1,0.2502465584026121,-0.08618544768197611,39,5.806451612903226,1429275.9553999999,403,False,True,True,False,191446.5446,4,58420ef577adf101a4eb6254800fbec24dd3165c43c011c93c61525d13e4c7e4
132,132,standard,0.6,0.075,0.32,0.15,120,0.0025,3,0.3899051125130597,-0.061562303909698524,38,5.6575682382134,1693022.6314000017,403,False,True,True,False,101175.5686,5,6ce3351d40624b280c3394d98cd81d0cd49b2d5f559292bf52d69b3347c8883e
133,133,standard,0.55,0.075,0.32,0.15,140,0.0035,2,0.42321596227065017,-0.06151189152488057,39,5.806451612903226,1758375.589600002,403,True,True,True,True,106368.01040000001,4,055a5c932c3e2ccdc79268408916f70bc8085ae01f614fdf55b5dbe3d19a154a
134,134,standard,0.55,0.075,0.32,0.15,140,0.0035,1,0.33641459465387524,-0.08257036304062171,39,5.806451612903226,1590032.4306000012,403,False,True,True,False,101940.5694,4,5bb80bdef851d169943ffb81bf3c4ba390baaeda636b2049f5e15e5ca39b826c
138,138,standard,0.55,0.025,0.32,0.15,120,0.0025,1,0.29237610430548355,-0.08263523356129943,41,6.104218362282879,1507071.5352000003,403,False,True,False,False,103924.26479999999,5,87969977e2f608ed5ba00580d75f1952ec6e789f586f8c3653441277f4c18e5a
136,136,standard,0.6,0.025,0.32,0.15,140,0.0035,3,0.3750543227992431,-0.09880267288602229,43,6.401985111662531,1664186.4878000023,403,False,True,False,False,117405.31219999999,6,d4ea42bfc2088855d33e33940e5012fe30c3e9bdeb12eaff3027a1fdf7de140b
137,137,standard,0.55,0.025,0.32,0.15,120,0.0025,2,0.3598992749042189,-0.07327767584023814,40,5.955334987593052,1634951.333400002,403,False,True,True,False,104308.86660000001,5,1df3ffca882c556ab9637d6c8754b18c59254e7730694ff93973fd16ca417de5
135,135,standard,0.6,0.025,0.32,0.15,140,0.0035,2,0.3846118051966443,-0.0753220892677896,43,6.401985111662531,1682723.202200002,403,False,True,False,False,117136.7978,6,47b7c2e14a8a9b113b78911ba0ec28e0214603920a362a4ca8f2cf5d2ac9aab8
132,132,fee_20bp,0.6,0.075,0.32,0.15,120,0.0025,3,0.3258077469267253,-0.06526933153663617,38,5.6575682382134,1569898.8704000004,403,False,True,True,False,194029.9296,5,81764ec6aa0ba3660d6fd28951e0c2d076216ec546bc760498bd86c9dfe15c61
133,133,fee_20bp,0.55,0.075,0.32,0.15,140,0.0035,2,0.35593412807463,-0.06521667585969426,39,5.806451612903226,1627334.3648000008,403,False,True,True,False,203706.23520000002,4,643dbb5084c3d84e79030493b12e1c6fc3918a20087ef78dae45cd3012782d0c
138,138,fee_20bp,0.55,0.025,0.32,0.15,120,0.0025,1,0.22821928396864855,-0.08626073716733951,41,6.104218362282879,1389218.6502000014,403,False,True,False,False,198849.8498,5,b69e66832cc09b408f3d01389501758ff76a10236c5a40bc3541a6e3ff53006d
134,134,fee_20bp,0.55,0.075,0.32,0.15,140,0.0035,1,0.27324820359044755,-0.08618516539238341,39,5.806451612903226,1471558.904600001,403,False,True,True,False,195381.9954,4,06eba262b863c4c647314da3817da8440f8a2a2e2aac02ca60ca6fd4367be741
136,136,fee_20bp,0.6,0.025,0.32,0.15,140,0.0035,3,0.30358027201221915,-0.10413531765086803,43,6.401985111662531,1528020.1024000011,403,False,True,False,False,223937.6976,5,e03dd53cc9e7733d9c2a4bcc4d5b38e35fa7ecd221ed9d291d2b5b9a4daa0803
137,137,fee_20bp,0.55,0.025,0.32,0.15,120,0.0025,2,0.2939979522700513,-0.07696787192885879,40,5.955334987593052,1510097.2140000009,403,False,True,True,False,199667.98600000003,5,76e0093690489af6734c6f4b618fa082fbf86bb1627264c272896de62036036b
135,135,fee_20bp,0.6,0.025,0.32,0.15,140,0.0035,2,0.3126376792285035,-0.08173516832032524,43,6.401985111662531,1545033.927800002,403,False,True,False,False,223428.97220000002,5,688727c6471eb8aa357815a54f15c86cd9744f4f1831026170d43df8593feba0
143,143,standard,0.575,0.05,0.335,0.175,130,0.003,2,0.3503492846246503,-0.06154815290624427,38,5.6575682382134,1616628.6132000014,403,False,True,True,False,97967.38680000001,4,7a1518a250eb46c5d6ebb5429f757dbb8619b107831ba39bc97cd291b4977e1a
140,140,standard,0.6,0.05,0.33,0.175,130,0.003,2,0.4289117275918475,-0.06154711267622037,40,5.955334987593052,1769642.8303000012,403,True,True,True,True,108837.46970000002,4,a979438ed0617650698dc44f84ace64bbc19a58ecc17deaf5488f08543f2dcae
139,139,standard,0.55,0.05,0.33,0.175,130,0.003,2,0.4310672583807367,-0.06154830526516941,40,5.955334987593052,1773913.885200002,403,True,True,True,True,109054.71479999999,4,423d3b710eed3d47c319aa4e66dc035be457bdb6340e1895b5d6f3fd3814fff7
142,142,standard,0.575,0.075,0.33,0.175,130,0.003,2,0.3892716753396912,-0.061548864821657,36,5.359801488833747,1691788.8837000015,403,False,True,True,False,96826.21629999999,4,dfb0019d562759873e5496ff63f2ebed55cab1fbd9f3c74a2f2cbc90c354d6dd
141,141,standard,0.575,0.025,0.33,0.175,130,0.003,2,0.454738415412663,-0.06154859960390924,41,6.104218362282879,1821070.0738000013,403,True,True,False,False,113215.1262,4,7d3f6e8af385951e9b3ac5fdbda572b787bf25294a2b0966858947656c6bf802
144,144,standard,0.575,0.05,0.33,0.15,130,0.003,2,0.4612233642493242,-0.06155118676217286,40,5.955334987593052,1834069.7373000018,403,True,True,True,True,111631.5627,4,bd0efd3d77ce43f8bb300c164fb3b8336c2ce862ee58969b58f4a25c9733d4d2
145,145,standard,0.575,0.05,0.33,0.2,130,0.003,2,0.4310672583807367,-0.06154830526516941,40,5.955334987593052,1773913.885200002,403,True,True,True,True,109054.71479999999,4,f3bf83b55ed47b89a672efabf323cdd56297785e1f623e4bba96bceec81d58c4
143,143,fee_20bp,0.575,0.05,0.335,0.175,130,0.003,2,0.28810468760585795,-0.06525514949983735,38,5.6575682382134,1499113.7732000009,403,False,True,True,False,187953.22679999995,4,f56cb82026d14778d12648a54f22e99ad92346ac3c857fe05bd1e2be5c23513b
140,140,fee_20bp,0.6,0.05,0.33,0.175,130,0.003,2,0.35967461153204927,-0.06525234535476199,40,5.955334987593052,1634519.4034000016,403,False,True,True,False,208196.8966,4,8121d287610d6b061d81068e08650dd11699b2a6f4492fccbb98b5c3278c696c
139,139,fee_20bp,0.55,0.05,0.33,0.175,130,0.003,2,0.36172618567673154,-0.06525271144956368,40,5.955334987593052,1638465.2760000022,403,False,True,True,False,208609.124,4,42beb7128b74a1e24576fb73ada4ae8433444588b7973e2400fe959a259131c0
142,142,fee_20bp,0.575,0.075,0.33,0.175,130,0.003,2,0.3285175306315675,-0.06525245326012563,36,5.359801488833747,1575033.3454000005,403,False,True,True,False,186120.1546,4,5561ab14cc9598025e6e7736c1b69468515ccd65cb535fca21eadad75be01f59
141,141,fee_20bp,0.575,0.025,0.33,0.175,130,0.003,2,0.3825571954658573,-0.06525506589615937,41,6.104218362282879,1678731.8014000012,403,False,True,False,False,216277.8986,4,57578098193bb1072caa3829b272cac2ae0851501a92085980695932b58de30d
145,145,fee_20bp,0.575,0.05,0.33,0.2,130,0.003,2,0.36172618567673154,-0.06525271144956368,40,5.955334987593052,1638465.2760000022,403,False,True,True,False,208609.124,4,2720ef26b0218de6a26d093c120deff64784c1c553612d2fff253ac0f0c761e2
144,144,fee_20bp,0.575,0.05,0.33,0.15,130,0.003,2,0.3904150702361471,-0.06525536507137941,40,5.955334987593052,1694016.122600001,403,False,True,True,False,213475.77740000002,4,39cd0c3f857d92d97fe09137db118bbbe7e2e23410f3b56c6834899c20e658ed
146,146,standard,0.575,0.05,0.33,0.175,120,0.003,2,0.3595126817806682,-0.06154722538116908,38,5.6575682382134,1634208.1094000016,403,False,True,True,False,98658.29060000001,4,4769c093f81387f533a8b9e595ecd4907067b038dd7bf67b1ccca7df5344695a
150,150,standard,0.575,0.05,0.33,0.175,130,0.003,1,0.37413720663268246,-0.08261748567457905,40,5.955334987593052,1662411.7908999992,403,False,True,True,False,107154.70909999998,4,50d8540b14a9c987f343fab4f0ec7a80d30e32ebcb4112a5ebd6689e32060eba
149,149,standard,0.575,0.05,0.33,0.175,130,0.0035,2,0.427782193188871,-0.061514257955223695,40,5.955334987593052,1767406.2664000026,403,True,True,True,True,108783.9336,4,8f12cccec1eeecba371a4b2f11610c8f0be2aba9a2d9b7cb392aa9e9b097efc4
151,151,standard,0.575,0.05,0.33,0.175,130,0.003,3,0.4310672583807367,-0.06154830526516941,40,5.955334987593052,1773913.885200002,403,True,True,True,True,109054.71479999999,4,f3bf83b55ed47b89a672efabf323cdd56297785e1f623e4bba96bceec81d58c4
152,152,standard,0.6,0.075,0.335,0.2,140,0.0035,2,0.3457808086327505,-0.06151183766032875,34,5.062034739454094,1607890.8682000008,403,False,True,True,False,89116.1318,4,27263ed5fc9ff0b670179d2168d73c28364e559190fcd2d7816b01bc8bf867fe
147,147,standard,0.575,0.05,0.33,0.175,140,0.003,2,0.4044068949194637,-0.06154812395209208,39,5.806451612903226,1721359.841400001,403,True,True,True,True,104740.95860000001,4,23d197837eccf0bd9fb97a608d68416d4974fb6d59933c4beb23f5f531732bc1
148,148,standard,0.575,0.05,0.33,0.175,130,0.0025,2,0.4184385560487076,-0.06156253741816464,39,5.806451612903226,1748945.8363000008,403,True,True,True,True,105653.8637,5,88a6458d0707abc4c4c7e43c7c9282d7f8d4d3268d2da4aac402456e5df35e13
146,146,fee_20bp,0.575,0.05,0.33,0.175,120,0.003,2,0.2968416769332767,-0.06525430188649728,38,5.6575682382134,1515407.8818000015,403,False,True,True,False,189261.41820000001,4,3db10a02f34a4fc8371e1e65263216874efd3d6c86ea479625f84a80b1293e0e
150,150,fee_20bp,0.575,0.05,0.33,0.175,130,0.003,1,0.30754726533757526,-0.08623784125071188,40,5.955334987593052,1535463.1858000006,403,False,True,True,False,205072.1142,4,2a6f1d3f4cd211b3e6b9313801f3505644e9156bbc6b48366edacd21592a7a40
149,149,fee_20bp,0.575,0.05,0.33,0.175,130,0.0035,2,0.3586146325042727,-0.06521474063892596,40,5.955334987593052,1632482.1014000012,403,False,True,True,False,208096.59860000003,4,3d6da24e2e32f58e67b880996ecc8886ddefa6b9d5123ee09388c5c09310e3f4
151,151,fee_20bp,0.575,0.05,0.33,0.175,130,0.003,3,0.36172618567673154,-0.06525271144956368,40,5.955334987593052,1638465.2760000022,403,False,True,True,False,208609.124,4,2720ef26b0218de6a26d093c120deff64784c1c553612d2fff253ac0f0c761e2
147,147,fee_20bp,0.575,0.05,0.33,0.175,140,0.003,2,0.3380016112481927,-0.06525576234216157,39,5.806451612903226,1593053.1140000022,403,False,True,True,False,200628.486,4,224529d16f1d440a728a8c9333200018994871c047b7d93342411c08f02c4871
152,152,fee_20bp,0.6,0.075,0.335,0.2,140,0.0035,2,0.2901703922927428,-0.06521450148326613,34,5.062034739454094,1502960.2644000011,403,False,True,True,False,171748.13560000007,4,6fd8972006fcedba213caf89abd77673dc3cc91feceb63df120c4d02212e9921
148,148,fee_20bp,0.575,0.05,0.33,0.175,130,0.0025,2,0.3513595877462581,-0.06526766720970245,39,5.806451612903226,1618563.3312000008,403,False,True,True,False,202342.6688,5,8592042cd7b212b6f96b427be4d29e08136da936c106b560e2fb6c5e1e21dcd1
153,153,standard,0.6,0.075,0.335,0.2,140,0.0035,3,0.3457808086327505,-0.06151183766032875,34,5.062034739454094,1607890.8682000008,403,False,True,True,False,89116.1318,4,27263ed5fc9ff0b670179d2168d73c28364e559190fcd2d7816b01bc8bf867fe
154,154,standard,0.55,0.075,0.335,0.2,120,0.0025,2,0.3167772149506951,-0.06062274452418526,30,4.4665012406947895,1552833.2931000022,403,False,True,True,False,77128.2069,3,359e5926e90607316acaf84083b06389ac305c3127a7bb0b84c02f0d35115f45
157,157,standard,0.6,0.025,0.335,0.2,120,0.0025,3,0.3714776628402947,-0.06156214263401172,38,5.6575682382134,1657269.3632000012,403,False,True,True,False,99369.23679999998,5,df88ccd34d57b602e256c315b8f03f609d64b53b57d837bbdb0fc3f82671f490
159,159,standard,0.55,0.025,0.335,0.2,140,0.0035,1,0.29195846274675596,-0.08257043639936668,40,5.955334987593052,1506292.7618000011,403,False,True,True,False,101803.6382,4,a25993fc909395add4da53b69093fdfea6fc5b4ffa48f9b6894c5a505da604e4
155,155,standard,0.55,0.075,0.335,0.2,120,0.0025,1,0.2643501062955109,-0.08172147484126513,30,4.4665012406947895,1455147.146300001,403,False,True,True,False,75928.95370000001,3,47353518a584be1f17b9f427f44ce72cd8cad1e70f109134b9d5cc9cf3630f08
156,156,standard,0.6,0.025,0.335,0.2,120,0.0025,2,0.3714776628402947,-0.06156214263401172,38,5.6575682382134,1657269.3632000012,403,False,True,True,False,99369.23679999998,5,df88ccd34d57b602e256c315b8f03f609d64b53b57d837bbdb0fc3f82671f490
158,158,standard,0.55,0.025,0.335,0.2,140,0.0035,2,0.332213778574149,-0.07320558062680349,39,5.806451612903226,1582047.087500002,403,False,True,True,False,99955.01250000001,4,c9c99d1171b3c500180b32ebf4dbace3117f09a4316ab9ffdd174863bee14cad
153,153,fee_20bp,0.6,0.075,0.335,0.2,140,0.0035,3,0.2901703922927428,-0.06521450148326613,34,5.062034739454094,1502960.2644000011,403,False,True,True,False,171748.13560000007,4,6fd8972006fcedba213caf89abd77673dc3cc91feceb63df120c4d02212e9921
154,154,fee_20bp,0.55,0.075,0.335,0.2,120,0.0025,2,0.2686279997660097,-0.06421523190087619,30,4.4665012406947895,1463028.7366000009,403,False,True,True,False,149305.16340000005,3,6b720cbb23c6c5eef59d8c288b89a6354d04f6b782737b3d603b81dc46326c84
159,159,fee_20bp,0.55,0.025,0.335,0.2,140,0.0035,1,0.22935856952787148,-0.08618987166487757,40,5.955334987593052,1391280.0035999997,403,False,True,True,False,194999.79640000005,4,c3c86f348e5460f5559b336e1b00664e92e8db490ddcfebd8aa11b9b37c98514
157,157,fee_20bp,0.6,0.025,0.335,0.2,120,0.0025,3,0.3082913415712716,-0.06526802047152769,38,5.6575682382134,1536860.7700000005,403,False,True,True,False,190603.62999999998,5,68b633f212d4e4238546f46359fea7d0d9800215c81e9a54c545970b70d1e186
155,155,fee_20bp,0.55,0.075,0.335,0.2,120,0.0025,1,0.218124493722613,-0.08443550237810227,30,4.4665012406947895,1371003.8434000001,403,False,True,True,False,147037.65660000005,3,01f7b5cd472896abbcdfea9d2f8269e5b3dbcbad78a901498756c68c1f7fb921
156,156,fee_20bp,0.6,0.025,0.335,0.2,120,0.0025,2,0.3082913415712716,-0.06526802047152769,38,5.6575682382134,1536860.7700000005,403,False,True,True,False,190603.62999999998,5,68b633f212d4e4238546f46359fea7d0d9800215c81e9a54c545970b70d1e186
158,158,fee_20bp,0.55,0.025,0.335,0.2,140,0.0035,2,0.2692596414902382,-0.07689075944047419,39,5.806451612903226,1464193.8244000012,403,False,True,True,False,191601.7756,4,43ef8e71a7ca1f3f188ba56954257253254f81e26d723d6ce51d509f28ea0625
161,161,standard,0.6,0.075,0.325,0.2,120,0.0035,1,0.2825577831772632,-0.08256822825677324,37,5.508684863523573,1488803.323100002,403,False,True,True,False,92665.37690000002,4,a5ae2a613d429dc5b22384c7368d6366da1f0716d3c1277b7e4eedd24e87e09e
166,166,standard,0.55,0.025,0.325,0.2,120,0.0035,2,0.3415463370858878,-0.07320555963943975,41,6.104218362282879,1599807.8010000025,403,False,True,False,False,105051.799,4,a4301cb840dc28c9eb6f60ce3abd18270f587528b364a1092664e0810d3bdbc8
162,162,standard,0.55,0.075,0.325,0.2,140,0.0025,2,0.3706889478349642,-0.061560191263291375,37,5.508684863523573,1655745.4714000018,403,False,True,True,False,97017.52859999998,5,398f79c2db705cd3c6d827b1a2b93ad82cd03b5543fdf6c115a6baa970654a2a
160,160,standard,0.6,0.075,0.325,0.2,120,0.0035,2,0.3356686635255446,-0.06151479350916844,37,5.508684863523573,1588613.3882000016,403,False,True,True,False,94217.4118,4,96ca314c62844c467335a2e562a8644ccf2e3d36848a0df6c67fac084a93f174
164,164,standard,0.6,0.025,0.325,0.2,140,0.0025,2,0.38373623728040474,-0.0732793065490992,40,5.955334987593052,1681021.8403000017,403,False,True,True,False,106844.8597,7,1a45ba13681129135efc953e6f8b20d016e87923b313750f24093a619090509c
165,165,standard,0.6,0.025,0.325,0.2,140,0.0025,1,0.3326981046521089,-0.08264175023471787,41,6.104218362282879,1582966.975900001,403,False,True,False,False,107732.32409999998,7,1e25fafe5e62af5d63f9cf63ad2dd8a743f762620be4d6ad50bdd050adb3e9bc
163,163,standard,0.55,0.075,0.325,0.2,140,0.0025,3,0.3706889478349642,-0.061560191263291375,37,5.508684863523573,1655745.4714000018,403,False,True,True,False,97017.52859999998,5,398f79c2db705cd3c6d827b1a2b93ad82cd03b5543fdf6c115a6baa970654a2a
161,161,fee_20bp,0.6,0.075,0.325,0.2,120,0.0035,1,0.2249544191237034,-0.08618410094257378,37,5.508684863523573,1383317.7499999993,403,False,True,True,False,178074.05,4,80ac5db658330f7c5d6f4bc57f9307f341e2ee2498caa4ec9ab3f8f8d8315e8a
166,166,fee_20bp,0.55,0.025,0.325,0.2,120,0.0035,2,0.2750092381652103,-0.07688938782298771,41,6.104218362282879,1474815.1480000007,403,False,True,False,False,200920.852,4,1cce990d6677b63cb27eab48fbbf3363f955e6b28f2f0dd78acfb3cd34a3f490
162,162,fee_20bp,0.55,0.075,0.325,0.2,140,0.0025,2,0.30909700149213104,-0.06526629807159856,37,5.508684863523573,1538374.5628000004,403,False,True,True,False,186295.0372,5,1888d4023630405ef20eb44fec551818d3ce56de9135d38d79608e71a389312f
164,164,fee_20bp,0.6,0.025,0.325,0.2,140,0.0025,2,0.31666383088142913,-0.07696597968587493,40,5.955334987593052,1552619.4684000022,403,False,True,True,False,204483.1316,6,54bc6e0c6f7dcd068ff7ef4b18344d4d53d3a1fc10f0ad3ea32ce410059b17aa
165,165,fee_20bp,0.6,0.025,0.325,0.2,140,0.0025,1,0.26651700604037787,-0.08626423133899297,41,6.104218362282879,1459137.4484000008,403,False,True,False,False,206046.7516,6,c65adc79f0815471c05226a0ed21a672daff5845b74bbee875e687981b2fca21
163,163,fee_20bp,0.55,0.075,0.325,0.2,140,0.0025,3,0.30909700149213104,-0.06526629807159856,37,5.508684863523573,1538374.5628000004,403,False,True,True,False,186295.0372,5,1888d4023630405ef20eb44fec551818d3ce56de9135d38d79608e71a389312f
160,160,fee_20bp,0.6,0.075,0.325,0.2,120,0.0035,2,0.27569154709793176,-0.06521402951668787,37,5.508684863523573,1476077.497000001,403,False,True,True,False,180978.40300000002,4,5a449a20d9381c4a55c06f4bdaeef6d8be423b25ca5f50757c0a573d33db8768
167,167,standard,0.55,0.025,0.325,0.2,120,0.0035,3,0.356501590917099,-0.06338971710508146,41,6.104218362282879,1628423.6324000019,403,False,True,False,False,105807.9676,4,a978953e13285f215b697990e174bc3bc572db4270ccba706d3f9a37dbd43c31
170,170,standard,0.55,0.075,0.335,0.15,120,0.0035,2,0.3413857213848832,-0.06057699820510121,30,4.4665012406947895,1599501.5065999997,403,False,True,True,False,78675.29340000001,3,b8fee7e39b7a0aaa906e6a1f723f14f3e44dff5cc784bedea7f056b5d71697ec
169,169,standard,0.6,0.075,0.335,0.15,140,0.0025,1,0.28296259317221906,-0.08263831931272292,33,4.913151364764268,1489554.871900001,403,False,True,True,False,84537.4281,5,51e5a64b035d5b5666f5e6e4ced88052e77220446c0fb1357b6c10d8c2d2d6ae
171,171,standard,0.55,0.075,0.335,0.15,120,0.0035,3,0.3413857213848832,-0.06057699820510121,30,4.4665012406947895,1599501.5065999997,403,False,True,True,False,78675.29340000001,3,b8fee7e39b7a0aaa906e6a1f723f14f3e44dff5cc784bedea7f056b5d71697ec
168,168,standard,0.6,0.075,0.335,0.15,140,0.0025,2,0.3165658102799429,-0.0725219726515629,33,4.913151364764268,1552434.625700001,403,False,True,True,False,85990.07430000001,5,aed8f5c7dba2abcac877754c91a6225ce150bfeb39cf4201abd35f24d9e5c22f
172,172,standard,0.6,0.025,0.335,0.15,120,0.0035,2,0.38263471739828026,-0.07246735784757186,39,5.806451612903226,1678882.3354000018,403,False,True,True,False,104222.6646,4,cb6fdae55c7fb45c22373debb17b4dda34abb3ff108a03da0cffe26a3672ea34
173,173,standard,0.6,0.025,0.335,0.15,120,0.0035,1,0.312219433319016,-0.08256805724324934,39,5.806451612903226,1544246.7227000005,403,False,True,True,False,99863.17730000001,4,599bff451184b04f6bc69aa77553fc7c19782a79e98ee15bdb78a7854bd1b1b5
167,167,fee_20bp,0.55,0.025,0.325,0.2,120,0.0035,3,0.28921739565901494,-0.06525737597336878,41,6.104218362282879,1501185.257000002,403,False,True,False,False,202334.44299999997,4,af84c157c97ea9fb1b72f82353c159bc3b3710bdb66de5d9fb9024cf88cb10ad
170,170,fee_20bp,0.55,0.075,0.335,0.15,120,0.0035,2,0.29237915212347043,-0.06473242195497153,30,4.4665012406947895,1507077.2190000007,403,False,True,True,False,152273.88100000002,3,8a26b65b2b338b0f61650e30bd1a3a4768aa45c7efc215c45bf947f989e8e7be
169,169,fee_20bp,0.6,0.075,0.335,0.15,140,0.0025,1,0.2314352592421185,-0.08626600007063068,33,4.913151364764268,1395040.3840000015,403,False,True,True,False,163182.21600000001,5,74bcffa03e2f081c9525ef8f96aa933e52825ea51c39569b2f5336f551a3fa78
173,173,fee_20bp,0.6,0.025,0.335,0.15,120,0.0035,1,0.2502465584026121,-0.08618544768197611,39,5.806451612903226,1429275.9553999999,403,False,True,True,False,191446.5446,4,58420ef577adf101a4eb6254800fbec24dd3165c43c011c93c61525d13e4c7e4
171,171,fee_20bp,0.55,0.075,0.335,0.15,120,0.0035,3,0.29237915212347043,-0.06473242195497153,30,4.4665012406947895,1507077.2190000007,403,False,True,True,False,152273.88100000002,3,8a26b65b2b338b0f61650e30bd1a3a4768aa45c7efc215c45bf947f989e8e7be
172,172,fee_20bp,0.6,0.025,0.335,0.15,120,0.0035,2,0.31733165151422527,-0.07795669517577775,39,5.806451612903226,1553879.0330000012,403,False,True,True,False,199656.267,4,4dafb002831fe62b2ba611f53476137942d19877c79ede5da6db28c27719b317
168,168,fee_20bp,0.6,0.075,0.335,0.15,140,0.0025,2,0.26369980136336335,-0.07889269493212014,33,4.913151364764268,1453950.4218000008,403,False,True,True,False,165928.2782,5,0ccd9d8a8c6095fdd4a246b2260bf010bf8d2b7d4e351f32546175111f87dd3b
174,174,standard,0.55,0.025,0.335,0.15,140,0.0025,2,0.35042644850778926,-0.073277059791102,38,5.6575682382134,1616776.350500002,403,False,True,True,False,99214.3495,5,a8d28e84754a0eac672abc8cfa14a262030dd2b328d8bcd69fec62b40427d145
179,179,standard,0.55,0.075,0.325,0.15,140,0.0035,1,0.3249108838859449,-0.08256955447556436,38,5.6575682382134,1568200.8859000008,403,False,True,True,False,98429.8141,4,276124434574d90c4f8554297f74d72346926d479488607edd3b965d59ef214d
175,175,standard,0.55,0.025,0.335,0.15,140,0.0025,3,0.3654976837946702,-0.06345618904010053,38,5.6575682382134,1645728.441600002,403,False,True,True,False,99980.9584,5,847d14a7a57d6b1d6e3c8785366023ae872737d981e3e8c00779cb5b955de05a
178,178,standard,0.55,0.075,0.325,0.15,140,0.0035,2,0.4109627062094723,-0.06151151905819463,38,5.6575682382134,1734227.995300002,403,True,True,True,True,102532.9047,4,d82fc613d6fe1ccc24c418339273dcebd10daa66518e407503fa697096b54477
176,176,standard,0.6,0.075,0.325,0.15,120,0.0025,2,0.3338571784050739,-0.06155964461629182,36,5.359801488833747,1585169.2369000004,403,False,True,True,False,91767.8631,5,51f74a60311dd890b4f404acbce638eb43bc065c1c15425c9499d32a988caf9b
180,180,standard,0.6,0.025,0.325,0.15,140,0.0035,2,0.39498959507136355,-0.07320645584166985,41,6.104218362282879,1702937.8974000025,403,False,True,False,False,111965.10260000001,6,3f5d4e4c9d72c3375155420978d4066f067e0b26dc7beb95a6badce30acbfd45
177,177,standard,0.6,0.075,0.325,0.15,120,0.0025,3,0.3338571784050739,-0.06155964461629182,36,5.359801488833747,1585169.2369000004,403,False,True,True,False,91767.8631,5,51f74a60311dd890b4f404acbce638eb43bc065c1c15425c9499d32a988caf9b
174,174,fee_20bp,0.55,0.025,0.335,0.15,140,0.0025,2,0.2881848512486209,-0.0769666010093899,38,5.6575682382134,1499262.9747999997,403,False,True,True,False,190348.82519999996,5,00d8c0e8ecc305bcdd1a81b28f4b638e87a10d33a55324e310a2d5f5aa27d104
179,179,fee_20bp,0.55,0.075,0.325,0.15,140,0.0035,1,0.2638383843559142,-0.08618510108258581,38,5.6575682382134,1454205.4184000008,403,False,True,True,False,188870.7816,4,1c855e1140719d6fac1e79d76a2587711e556377db29c9c2efafef6888587dc5
175,175,fee_20bp,0.55,0.025,0.335,0.15,140,0.0025,3,0.30255456067700703,-0.0653256753561754,38,5.6575682382134,1526097.8140000007,403,False,True,True,False,191785.986,5,28726dd4637b8bbdfe934f49fc57e50bdf2bc8cfe64809034385b68b8732889e
176,176,fee_20bp,0.6,0.075,0.325,0.15,120,0.0025,2,0.2755024810430926,-0.06526552546327513,36,5.359801488833747,1475727.6628,403,False,True,True,False,176460.3372,5,c770ffd3aeed01b8446f35102e54b35e1ced168800e23d9aed151cdf2fa227e2
178,178,fee_20bp,0.55,0.075,0.325,0.15,140,0.0035,2,0.34591739874410066,-0.06521640642911464,38,5.6575682382134,1608151.855400001,403,False,True,True,False,196597.0446,4,868618ad23a286b0c1140802a7327f3b628ae3b97f2331c7042c1c3cad18eeb5
177,177,fee_20bp,0.6,0.075,0.325,0.15,120,0.0025,3,0.2755024810430926,-0.06526552546327513,36,5.359801488833747,1475727.6628,403,False,True,True,False,176460.3372,5,c770ffd3aeed01b8446f35102e54b35e1ced168800e23d9aed151cdf2fa227e2
180,180,fee_20bp,0.6,0.025,0.325,0.15,140,0.0035,2,0.3257691833469738,-0.07795520494682662,41,6.104218362282879,1569825.845800001,403,False,True,False,False,214004.65419999996,5,e34a8f15f62dd8084c400b6af389b5581972a8b7d7ee422e5c40ec2b89f0ee23
181,181,standard,0.6,0.025,0.325,0.15,140,0.0035,3,0.38536164053835975,-0.09879980953260858,41,6.104218362282879,1684180.7591000015,403,False,True,False,False,112236.7409,6,48881b52c50faeba2b938029718071dce9d578c94525242fe94dc8193d6841c5
182,182,standard,0.55,0.025,0.325,0.15,120,0.0025,2,0.3598992749042189,-0.07327767584023814,40,5.955334987593052,1634951.333400002,403,False,True,True,False,104308.86660000001,5,1df3ffca882c556ab9637d6c8754b18c59254e7730694ff93973fd16ca417de5
181,181,fee_20bp,0.6,0.025,0.325,0.15,140,0.0035,3,0.3166178998677851,-0.10413597161095944,41,6.104218362282879,1552532.8528000012,403,False,True,False,False,214521.14720000006,5,d67e6621a134489484bb09d035997d73821ac1a772cfde9d51281eb5cdc78705
182,182,fee_20bp,0.55,0.025,0.325,0.15,120,0.0025,2,0.2939979522700513,-0.07696787192885879,40,5.955334987593052,1510097.2140000009,403,False,True,True,False,199667.98600000003,5,76e0093690489af6734c6f4b618fa082fbf86bb1627264c272896de62036036b
183,183,standard,0.55,0.025,0.325,0.15,120,0.0025,1,0.29237610430548355,-0.08263523356129943,41,6.104218362282879,1507071.5352000003,403,False,True,False,False,103924.26479999999,5,87969977e2f608ed5ba00580d75f1952ec6e789f586f8c3653441277f4c18e5a
183,183,fee_20bp,0.55,0.025,0.325,0.15,120,0.0025,1,0.22821928396864855,-0.08626073716733951,41,6.104218362282879,1389218.6502000014,403,False,True,False,False,198849.8498,5,b69e66832cc09b408f3d01389501758ff76a10236c5a40bc3541a6e3ff53006d
