reference,scenario,accounting,all_order_outcomes,metrics_and_gates
EX16BH,standard,PASS,PASS,PASS
EX16BH,fee_12_5bp,PASS,PASS,PASS
EX16BH,fee_15bp,PASS,PASS,PASS
EX16BH,fee_20bp,PASS,PASS,PASS
EX16BH,fee_25bp,PASS,PASS,PASS
EX16BH,fee_30bp,PASS,PASS,PASS
EX16BH,fee_40bp,PASS,PASS,PASS
EX16BH,fee_50bp,PASS,PASS,PASS
EX15T040,standard,PASS,PASS,PASS
EX15T040,fee_12_5bp,PASS,PASS,PASS
EX15T040,fee_15bp,PASS,PASS,PASS
EX15T040,fee_20bp,PASS,PASS,PASS
EX15T040,fee_25bp,PASS,PASS,PASS
EX15T040,fee_30bp,PASS,PASS,PASS
EX15T040,fee_40bp,PASS,PASS,PASS
EX15T040,fee_50bp,PASS,PASS,PASS
EX23T011,standard,PASS,PASS,PASS
EX23T011,fee_12_5bp,PASS,PASS,PASS
EX23T011,fee_15bp,PASS,PASS,PASS
EX23T011,fee_20bp,PASS,PASS,PASS
EX23T011,fee_25bp,PASS,PASS,PASS
EX23T011,fee_30bp,PASS,PASS,PASS
EX23T011,fee_40bp,PASS,PASS,PASS
EX23T011,fee_50bp,PASS,PASS,PASS
EX23T051,standard,PASS,PASS,PASS
EX23T051,fee_12_5bp,PASS,PASS,PASS
EX23T051,fee_15bp,PASS,PASS,PASS
EX23T051,fee_20bp,PASS,PASS,PASS
EX23T051,fee_25bp,PASS,PASS,PASS
EX23T051,fee_30bp,PASS,PASS,PASS
EX23T051,fee_40bp,PASS,PASS,PASS
EX23T051,fee_50bp,PASS,PASS,PASS
EX23T054,standard,PASS,PASS,PASS
EX23T054,fee_12_5bp,PASS,PASS,PASS
EX23T054,fee_15bp,PASS,PASS,PASS
EX23T054,fee_20bp,PASS,PASS,PASS
EX23T054,fee_25bp,PASS,PASS,PASS
EX23T054,fee_30bp,PASS,PASS,PASS
EX23T054,fee_40bp,PASS,PASS,PASS
EX23T054,fee_50bp,PASS,PASS,PASS
EX22T015,standard,PASS,PASS,PASS
EX22T015,fee_12_5bp,PASS,PASS,PASS
EX22T015,fee_15bp,PASS,PASS,PASS
EX22T015,fee_20bp,PASS,PASS,PASS
EX22T015,fee_25bp,PASS,PASS,PASS
EX22T015,fee_30bp,PASS,PASS,PASS
EX22T015,fee_40bp,PASS,PASS,PASS
EX22T015,fee_50bp,PASS,PASS,PASS
EX24T002,standard,PASS,PASS,PASS
EX24T002,fee_12_5bp,PASS,PASS,PASS
EX24T002,fee_15bp,PASS,PASS,PASS
EX24T002,fee_20bp,PASS,PASS,PASS
EX24T002,fee_25bp,PASS,PASS,PASS
EX24T002,fee_30bp,PASS,PASS,PASS
EX24T002,fee_40bp,PASS,PASS,PASS
EX24T002,fee_50bp,PASS,PASS,PASS
EX24T003,standard,PASS,PASS,PASS
EX24T003,fee_12_5bp,PASS,PASS,PASS
EX24T003,fee_15bp,PASS,PASS,PASS
EX24T003,fee_20bp,PASS,PASS,PASS
EX24T003,fee_25bp,PASS,PASS,PASS
EX24T003,fee_30bp,PASS,PASS,PASS
EX24T003,fee_40bp,PASS,PASS,PASS
EX24T003,fee_50bp,PASS,PASS,PASS
EX24T006,standard,PASS,PASS,PASS
EX24T006,fee_12_5bp,PASS,PASS,PASS
EX24T006,fee_15bp,PASS,PASS,PASS
EX24T006,fee_20bp,PASS,PASS,PASS
EX24T006,fee_25bp,PASS,PASS,PASS
EX24T006,fee_30bp,PASS,PASS,PASS
EX24T006,fee_40bp,PASS,PASS,PASS
EX24T006,fee_50bp,PASS,PASS,PASS
EX24T007,standard,PASS,PASS,PASS
EX24T007,fee_12_5bp,PASS,PASS,PASS
EX24T007,fee_15bp,PASS,PASS,PASS
EX24T007,fee_20bp,PASS,PASS,PASS
EX24T007,fee_25bp,PASS,PASS,PASS
EX24T007,fee_30bp,PASS,PASS,PASS
EX24T007,fee_40bp,PASS,PASS,PASS
EX24T007,fee_50bp,PASS,PASS,PASS
EX24T010,standard,PASS,PASS,PASS
EX24T010,fee_12_5bp,PASS,PASS,PASS
EX24T010,fee_15bp,PASS,PASS,PASS
EX24T010,fee_20bp,PASS,PASS,PASS
EX24T010,fee_25bp,PASS,PASS,PASS
EX24T010,fee_30bp,PASS,PASS,PASS
EX24T010,fee_40bp,PASS,PASS,PASS
EX24T010,fee_50bp,PASS,PASS,PASS
EX24T011,standard,PASS,PASS,PASS
EX24T011,fee_12_5bp,PASS,PASS,PASS
EX24T011,fee_15bp,PASS,PASS,PASS
EX24T011,fee_20bp,PASS,PASS,PASS
EX24T011,fee_25bp,PASS,PASS,PASS
EX24T011,fee_30bp,PASS,PASS,PASS
EX24T011,fee_40bp,PASS,PASS,PASS
EX24T011,fee_50bp,PASS,PASS,PASS
EX24T014,standard,PASS,PASS,PASS
EX24T014,fee_12_5bp,PASS,PASS,PASS
EX24T014,fee_15bp,PASS,PASS,PASS
EX24T014,fee_20bp,PASS,PASS,PASS
EX24T014,fee_25bp,PASS,PASS,PASS
EX24T014,fee_30bp,PASS,PASS,PASS
EX24T014,fee_40bp,PASS,PASS,PASS
EX24T014,fee_50bp,PASS,PASS,PASS
EX24T015,standard,PASS,PASS,PASS
EX24T015,fee_12_5bp,PASS,PASS,PASS
EX24T015,fee_15bp,PASS,PASS,PASS
EX24T015,fee_20bp,PASS,PASS,PASS
EX24T015,fee_25bp,PASS,PASS,PASS
EX24T015,fee_30bp,PASS,PASS,PASS
EX24T015,fee_40bp,PASS,PASS,PASS
EX24T015,fee_50bp,PASS,PASS,PASS
EX24T019,standard,PASS,PASS,PASS
EX24T019,fee_12_5bp,PASS,PASS,PASS
EX24T019,fee_15bp,PASS,PASS,PASS
EX24T019,fee_20bp,PASS,PASS,PASS
EX24T019,fee_25bp,PASS,PASS,PASS
EX24T019,fee_30bp,PASS,PASS,PASS
EX24T019,fee_40bp,PASS,PASS,PASS
EX24T019,fee_50bp,PASS,PASS,PASS
EX24T020,standard,PASS,PASS,PASS
EX24T020,fee_12_5bp,PASS,PASS,PASS
EX24T020,fee_15bp,PASS,PASS,PASS
EX24T020,fee_20bp,PASS,PASS,PASS
EX24T020,fee_25bp,PASS,PASS,PASS
EX24T020,fee_30bp,PASS,PASS,PASS
EX24T020,fee_40bp,PASS,PASS,PASS
EX24T020,fee_50bp,PASS,PASS,PASS
EX25T008,standard,PASS,PASS,PASS
EX25T008,fee_12_5bp,PASS,PASS,PASS
EX25T008,fee_15bp,PASS,PASS,PASS
EX25T008,fee_20bp,PASS,PASS,PASS
EX25T008,fee_25bp,PASS,PASS,PASS
EX25T008,fee_30bp,PASS,PASS,PASS
EX25T008,fee_40bp,PASS,PASS,PASS
EX25T008,fee_50bp,PASS,PASS,PASS
EX25T010,standard,PASS,PASS,PASS
EX25T010,fee_12_5bp,PASS,PASS,PASS
EX25T010,fee_15bp,PASS,PASS,PASS
EX25T010,fee_20bp,PASS,PASS,PASS
EX25T010,fee_25bp,PASS,PASS,PASS
EX25T010,fee_30bp,PASS,PASS,PASS
EX25T010,fee_40bp,PASS,PASS,PASS
EX25T010,fee_50bp,PASS,PASS,PASS
EX25T012,standard,PASS,PASS,PASS
EX25T012,fee_12_5bp,PASS,PASS,PASS
EX25T012,fee_15bp,PASS,PASS,PASS
EX25T012,fee_20bp,PASS,PASS,PASS
EX25T012,fee_25bp,PASS,PASS,PASS
EX25T012,fee_30bp,PASS,PASS,PASS
EX25T012,fee_40bp,PASS,PASS,PASS
EX25T012,fee_50bp,PASS,PASS,PASS
EX25T014,standard,PASS,PASS,PASS
EX25T014,fee_12_5bp,PASS,PASS,PASS
EX25T014,fee_15bp,PASS,PASS,PASS
EX25T014,fee_20bp,PASS,PASS,PASS
EX25T014,fee_25bp,PASS,PASS,PASS
EX25T014,fee_30bp,PASS,PASS,PASS
EX25T014,fee_40bp,PASS,PASS,PASS
EX25T014,fee_50bp,PASS,PASS,PASS
EX25T016,standard,PASS,PASS,PASS
EX25T016,fee_12_5bp,PASS,PASS,PASS
EX25T016,fee_15bp,PASS,PASS,PASS
EX25T016,fee_20bp,PASS,PASS,PASS
EX25T016,fee_25bp,PASS,PASS,PASS
EX25T016,fee_30bp,PASS,PASS,PASS
EX25T016,fee_40bp,PASS,PASS,PASS
EX25T016,fee_50bp,PASS,PASS,PASS
EX25T017,standard,PASS,PASS,PASS
EX25T017,fee_12_5bp,PASS,PASS,PASS
EX25T017,fee_15bp,PASS,PASS,PASS
EX25T017,fee_20bp,PASS,PASS,PASS
EX25T017,fee_25bp,PASS,PASS,PASS
EX25T017,fee_30bp,PASS,PASS,PASS
EX25T017,fee_40bp,PASS,PASS,PASS
EX25T017,fee_50bp,PASS,PASS,PASS
EX25T018,standard,PASS,PASS,PASS
EX25T018,fee_12_5bp,PASS,PASS,PASS
EX25T018,fee_15bp,PASS,PASS,PASS
EX25T018,fee_20bp,PASS,PASS,PASS
EX25T018,fee_25bp,PASS,PASS,PASS
EX25T018,fee_30bp,PASS,PASS,PASS
EX25T018,fee_40bp,PASS,PASS,PASS
EX25T018,fee_50bp,PASS,PASS,PASS
EX25T020,standard,PASS,PASS,PASS
EX25T020,fee_12_5bp,PASS,PASS,PASS
EX25T020,fee_15bp,PASS,PASS,PASS
EX25T020,fee_20bp,PASS,PASS,PASS
EX25T020,fee_25bp,PASS,PASS,PASS
EX25T020,fee_30bp,PASS,PASS,PASS
EX25T020,fee_40bp,PASS,PASS,PASS
EX25T020,fee_50bp,PASS,PASS,PASS
EX25T022,standard,PASS,PASS,PASS
EX25T022,fee_12_5bp,PASS,PASS,PASS
EX25T022,fee_15bp,PASS,PASS,PASS
EX25T022,fee_20bp,PASS,PASS,PASS
EX25T022,fee_25bp,PASS,PASS,PASS
EX25T022,fee_30bp,PASS,PASS,PASS
EX25T022,fee_40bp,PASS,PASS,PASS
EX25T022,fee_50bp,PASS,PASS,PASS
EX25T023,standard,PASS,PASS,PASS
EX25T023,fee_12_5bp,PASS,PASS,PASS
EX25T023,fee_15bp,PASS,PASS,PASS
EX25T023,fee_20bp,PASS,PASS,PASS
EX25T023,fee_25bp,PASS,PASS,PASS
EX25T023,fee_30bp,PASS,PASS,PASS
EX25T023,fee_40bp,PASS,PASS,PASS
EX25T023,fee_50bp,PASS,PASS,PASS
EX25T024,standard,PASS,PASS,PASS
EX25T024,fee_12_5bp,PASS,PASS,PASS
EX25T024,fee_15bp,PASS,PASS,PASS
EX25T024,fee_20bp,PASS,PASS,PASS
EX25T024,fee_25bp,PASS,PASS,PASS
EX25T024,fee_30bp,PASS,PASS,PASS
EX25T024,fee_40bp,PASS,PASS,PASS
EX25T024,fee_50bp,PASS,PASS,PASS
