fill_id,order_id,decision_id,cycle_id,signal_date,fill_time,side,quantity,price,fees,trigger
FIL-04134684894670463AEC,ORD-C4B5F05DE620F60A64D3,DEC-90777FD58D837194D077,CYC-05EA2A3EB0AED083C3A0,2026-01-08,2026-01-09 00:00:00,BUY,643200,1.524,980.2368,OPEN
FIL-43155601620AF5981D0D,ORD-6A787B82CA6CF5CCF9B7,DEC-BC0032E21E9ECF88343D,CYC-05EA2A3EB0AED083C3A0,2026-01-09,2026-01-12 00:00:00,SELL,643200,1.592,1023.9744000000001,OPEN_MARKET
FIL-63DC20C7AE894106A822,ORD-EF006208D2EB8465D4A6,DEC-BDFA80E372E19FD65D3F,CYC-E7A84D8B70911BF4A8E0,2026-01-16,2026-01-19 00:00:00,BUY,614300,1.692,1039.3956,OPEN
FIL-1735370C0B61FCA25854,ORD-D1DDCD98654D432E485F,DEC-09396A954BF1AB97A3B2,CYC-E7A84D8B70911BF4A8E0,2026-01-19,2026-01-20 00:00:00,SELL,614300,1.82,1118.026,OPEN_MARKET
FIL-EAA97C186C5D4AD2DEFA,ORD-9CE84516E728E3D3968A,DEC-7F9704D133448DB7D1CF,CYC-AA0481FB29C3AF402922,2026-02-02,2026-02-03 00:00:00,BUY,637200,1.75,1115.1000000000001,OPEN
FIL-72C88BCB93484B706E73,ORD-428863538F9DEBDC176E,DEC-632ED6863F5E5F7E4BD8,CYC-AA0481FB29C3AF402922,2026-02-03,2026-02-04 00:00:00,SELL,637200,1.804,1149.5088,OPEN_MARKET
FIL-F60240A69E7AB8DB3ECE,ORD-6DE5C98C325680413825,DEC-8A75D2ED05EDA0A97C20,CYC-D6326FA2205F68DB815B,2026-03-03,2026-03-04 00:00:00,BUY,596000,1.891,1127.036,OPEN
FIL-B7D0B96DC1C138226FF2,ORD-8C7E388ADC4B8B49E1C8,DEC-545D485B64365C06B027,CYC-D6326FA2205F68DB815B,2026-03-04,2026-03-05 00:00:00,SELL,596000,2.019,1203.324,OPEN_MARKET
FIL-676BB7C7D6070A37DFB9,ORD-257031FD291949FB6B82,DEC-29F4727E573AF398EC1F,CYC-1752706BBCEEC4CE37BE,2026-03-17,2026-03-18 00:00:00,BUY,639300,1.908,1219.7844,OPEN
FIL-0C7CA7D19E137CE44A92,ORD-D7339D798512C4F327ED,DEC-7C8B61F9D27F05930592,CYC-1752706BBCEEC4CE37BE,2026-03-18,2026-03-19 00:00:00,SELL,639300,1.906,1218.5058000000001,OPEN_MARKET
FIL-E96B3AF6ECBAB7664BDB,ORD-077748BE390914E76BDD,DEC-3DE618CF87BA6637E7D1,CYC-ED7E179D6AA763D17315,2026-03-23,2026-03-24 10:00:00,BUY,674000,1.809,1219.266,INTRADAY_LIMIT
FIL-0E712C62F7BEC587F380,ORD-32DDF5923B1D25A8863B,DEC-31E8A41E10A2D841C9EA,CYC-ED7E179D6AA763D17315,2026-03-24,2026-03-25 00:00:00,SELL,674000,1.873,1262.402,OPEN_MARKET
FIL-48F590DAEBB1636935DB,ORD-8B0406108BFD41BD144F,DEC-BFD61DE624AAC0329455,CYC-8B8F6B6DBA0CF2F5B0A3,2026-05-14,2026-05-15 00:00:00,BUY,595100,2.101,1250.3051,OPEN
FIL-F80A75D16F87B5EA6076,ORD-C07D878E6E80BCAAD259,DEC-CD5A3EB4A8FCC0D4367C,CYC-8B8F6B6DBA0CF2F5B0A3,2026-05-18,2026-05-19 00:00:00,SELL,595100,2.08,1237.808,OPEN_MARKET
FIL-5F6D10D58DFA20B4E416,ORD-3DC7E2F253A7B03A9EEA,DEC-C2D4DAA82528853F7517,CYC-FB79D4F549FC62812AD5,2026-05-21,2026-05-22 00:00:00,BUY,607900,2.042,1241.3318,OPEN
FIL-816D7A1364213FA05F96,ORD-23322B2908AFF07DF169,DEC-3A79C83FFA33CE698295,CYC-FB79D4F549FC62812AD5,2026-05-22,2026-05-25 00:00:00,SELL,607900,2.099,1275.9821000000002,OPEN_MARKET
FIL-3F144A870ADF932E6609,ORD-37FF90492C5735862F88,DEC-AC0FC075F256065844F1,CYC-1D6FBCADDCC137E417D1,2026-05-27,2026-05-28 00:00:00,BUY,622600,2.043,1271.9718,OPEN
FIL-29C5C5032874970B385C,ORD-BCB724E9AFBF14A3F65B,DEC-433AE99901BE35671D54,CYC-1D6FBCADDCC137E417D1,2026-05-28,2026-05-29 00:00:00,SELL,622600,2.082,1296.2531999999999,OPEN_MARKET
FIL-C83EE02FE78CBB0ABC99,ORD-1225BFFB6E83FFFC0A19,DEC-40C9FD1B0D7B11984599,CYC-31F1DA1CC092C595378A,2026-05-29,2026-06-01 00:00:00,BUY,628600,2.059,1294.2874000000002,OPEN
FIL-767802D42161376BFD57,ORD-42D892E5B35729526DC4,DEC-40BD768C60A0DFE30AB2,CYC-31F1DA1CC092C595378A,2026-06-02,2026-06-03 00:00:00,SELL,628600,2.087,1311.8882000000003,OPEN_MARKET
FIL-17029EF93BBC3515051C,ORD-AC59A3ABDACC483769F9,DEC-5F9F57106A5A75E3042E,CYC-DB38C7B749E08A261100,2026-06-05,2026-06-08 00:00:00,BUY,637700,1.981,1263.2837,OPEN
FIL-174EE0EA919B7E331A0C,ORD-176B933124FB95C2DFA0,DEC-B6745D7A70D7A485EA28,CYC-DB38C7B749E08A261100,2026-06-09,2026-06-10 00:00:00,SELL,637700,2.057,1311.7488999999998,OPEN_MARKET
FIL-AA6B6CD17CE71C0CAF16,ORD-C10ACB42F842AE0D5379,DEC-5B45356E43E1B2154885,CYC-CF73959170113CEA8C2C,2026-06-23,2026-06-24 00:00:00,BUY,618800,2.163,1338.4643999999998,OPEN
FIL-46A3134D429EB16219B1,ORD-D920D8672A5250EBAB80,DEC-5659ABFE179652BD18B6,CYC-CF73959170113CEA8C2C,2026-06-24,2026-06-25 00:00:00,SELL,618800,2.198,1360.1224,OPEN_MARKET
FIL-BC449856CD2E3D68E19A,ORD-7886EB50F82E032AAAE7,DEC-C00EFFA6A86ECE0256C9,CYC-7F83D5CE82C523CD6F2A,2026-06-26,2026-06-29 00:00:00,BUY,659600,2.07,1365.372,OPEN
FIL-BC3A1C57A2EE7E90C94C,ORD-783CC3465ED69A98A8FE,DEC-68E75F3477BF39665F03,CYC-7F83D5CE82C523CD6F2A,2026-06-29,2026-06-30 00:00:00,SELL,659600,2.069,1364.7124,OPEN_MARKET
FIL-4ED5CE8CCF6C20754EBA,ORD-53E0073B141815B8008F,DEC-48E6A890C4C3BD163D43,CYC-A4BA7B272671E814A33A,2026-07-02,2026-07-03 00:00:00,BUY,705500,1.924,1357.382,OPEN
FIL-4C5CF925386022BA860B,ORD-545023A7B6413289BB00,DEC-9556E3EDBB8794E93F91,CYC-A4BA7B272671E814A33A,2026-07-03,2026-07-06 00:00:00,SELL,705500,1.974,1392.657,OPEN_MARKET
FIL-269D1D280D2DA08C735D,ORD-510FCF200B7BE0EF5BFE,DEC-27F01FAE1E5729E56845,CYC-A8E97FCAD1D2411BB748,2026-07-08,2026-07-09 00:00:00,BUY,782900,1.793,1403.7397,OPEN
FIL-F9F7BB33F320C7F13528,ORD-03E4845655EE1F24422C,DEC-47954D3BDCA09FB114E0,CYC-A8E97FCAD1D2411BB748,2026-07-09,2026-07-10 00:00:00,SELL,782900,1.816,1421.7464000000002,OPEN_MARKET
FIL-92508536A29F81AD9542,ORD-2C40C3BCC2C0E1EF35FB,DEC-91E33513738C31C6C615,CYC-AA419C966E835D8AA3FD,2026-07-10,2026-07-13 00:00:00,BUY,790900,1.773,1402.2657,OPEN
FIL-5FBD31DD7E9AE4D9E79E,ORD-35E45A95B9D66C2BB886,DEC-EB9749C2C6E447372040,CYC-AA419C966E835D8AA3FD,2026-07-14,2026-07-15 00:00:00,SELL,790900,1.739,1375.3751000000002,OPEN_MARKET
FIL-8018D7EBF0B1A237B1F0,ORD-07D0A52D7463B8B19BC4,DEC-6D7EF8495F618253B1FC,CYC-FCC42C8FE6CDE9B5B7BF,2026-07-16,2026-07-17 00:00:00,BUY,850500,1.62,1377.81,OPEN
FIL-8D1B3D442D9E1424B6DC,ORD-C4236FA634D7E6E41416,DEC-9CEFC6EE4B5029353244,CYC-FCC42C8FE6CDE9B5B7BF,2026-07-20,2026-07-21 00:00:00,SELL,850500,1.564,1330.182,OPEN_MARKET
FIL-60F211613993C2E92E3E,ORD-4246218405B97EEEB66A,DEC-67E874FDA7B7524A4A78,CYC-5CE4BB611E56376ABA61,2026-08-13,2026-08-14 00:00:00,BUY,791300,1.692,1338.8796,OPEN
FIL-BB74B00C3B2FA20D4D8B,ORD-C3BA35D393523E7B7D93,DEC-13E40B08D10B09CC4E86,CYC-5CE4BB611E56376ABA61,2026-08-14,2026-08-17 00:00:00,SELL,791300,1.718,1359.4533999999999,OPEN_MARKET
FIL-CA870368EF9EB39937D8,ORD-87EEBCB26EA3BDC834B6,DEC-A6DDD8B434E10571D8F2,CYC-3879C2E8DAA0FA858CF8,2026-08-19,2026-08-20 14:00:00,BUY,817700,1.664,1360.6528,INTRADAY_LIMIT
FIL-92510B3DE30C4E71A4EC,ORD-3FF3F21788B3F15CC0E6,DEC-9DD4E90907BE82BBFBF7,CYC-3879C2E8DAA0FA858CF8,2026-08-20,2026-08-21 00:00:00,SELL,817700,1.663,1359.8351,OPEN_MARKET
