ReferenceMonth,ReleaseDate,AvailableDate,AbsoluteDifferencePP
2013-07,2013-08-15,2013-08-16,0.039318388156
2013-08,2013-09-17,2013-09-18,0.018367559543
2013-09,2013-10-30,2013-10-31,0.015074738448
2013-10,2013-11-20,2013-11-21,0.036387295357
2013-11,2013-12-17,2013-12-18,0.037072204534
2013-12,2014-01-16,2014-01-17,0.001735619618
2014-01,2014-02-20,2014-02-21,0.021052631579
2014-02,2014-03-18,2014-03-19,0.026349250106
2014-03,2014-04-15,2014-04-16,0.012202875763
2014-04,2014-05-15,2014-05-16,0.047142101483
2014-05,2014-06-17,2014-06-18,0.027111549937
2014-06,2014-07-22,2014-07-23,0.027658626833
2014-07,2014-08-19,2014-08-20,0.007671364236
2014-08,2014-09-17,2014-09-18,0.000388665837
2014-09,2014-10-22,2014-10-23,0.042081324285
2014-10,2014-11-20,2014-11-21,0.035659784368
2014-11,2014-12-17,2014-12-18,0.022355182371
2014-12,2015-01-16,2015-01-19,0.043506730344
2015-01,2015-02-26,2015-02-27,0.010651686930
2015-02,2015-03-24,2015-03-25,0.025129801815
2015-03,2015-04-17,2015-04-20,0.026362609134
2015-04,2015-05-22,2015-05-25,0.000482553823
2015-05,2015-06-18,2015-06-19,0.039932744851
2015-06,2015-07-17,2015-07-20,0.023771203685
2015-07,2015-08-19,2015-08-20,0.030430220357
2015-08,2015-09-16,2015-09-17,0.004920706994
2015-09,2015-10-15,2015-10-16,0.036129747806
2015-10,2015-11-17,2015-11-18,0.029425564264
2015-11,2015-12-15,2015-12-16,0.001797578668
2015-12,2016-01-20,2016-01-21,0.029519786042
2016-01,2016-02-19,2016-02-22,0.026913186169
2016-02,2016-03-16,2016-03-17,0.017799780165
2016-03,2016-04-14,2016-04-15,0.047463778857
2016-04,2016-05-17,2016-05-18,0.025110418894
2016-05,2016-06-16,2016-06-17,0.022266142428
2016-06,2016-07-15,2016-07-18,0.005707389435
2016-07,2016-08-16,2016-08-17,0.035100186881
2016-08,2016-09-16,2016-09-19,0.035447053492
2016-09,2016-10-18,2016-10-19,0.036216352518
2016-10,2016-11-17,2016-11-18,0.035987520918
2016-11,2016-12-15,2016-12-16,0.007462837496
2016-12,2017-01-18,2017-01-19,0.025377867033
2017-01,2017-02-15,2017-02-16,0.000042209053
2017-02,2017-03-15,2017-03-16,0.037958171489
2017-03,2017-04-14,2017-04-17,0.019387566560
2017-04,2017-05-12,2017-05-15,0.000310121583
2017-05,2017-06-14,2017-06-15,0.025122279159
2017-06,2017-07-14,2017-07-17,0.033487955256
2017-07,2017-08-11,2017-08-14,0.027978456372
2017-08,2017-09-14,2017-09-15,0.038974212058
2017-09,2017-10-13,2017-10-16,0.032963865003
2017-10,2017-11-15,2017-11-16,0.041128701976
2017-11,2017-12-13,2017-12-14,0.002582938683
2017-12,2018-01-12,2018-01-15,0.009082474568
2018-01,2018-02-14,2018-02-22,0.029492379725
2018-02,2018-03-13,2018-03-14,0.011795421239
2018-03,2018-04-11,2018-04-12,0.040288596027
2018-04,2018-05-10,2018-05-11,0.037256056665
2018-05,2018-06-12,2018-06-13,0.001011714808
2018-06,2018-07-12,2018-07-13,0.028452164683
2018-07,2018-08-10,2018-08-13,0.049515086647
2018-08,2018-09-13,2018-09-14,0.000819895813
2018-09,2018-10-11,2018-10-12,0.023027805801
2018-10,2018-11-14,2018-11-15,0.022469928607
2018-11,2018-12-12,2018-12-13,0.023398967848
2018-12,2019-01-11,2019-01-14,0.010158848631
2019-01,2019-02-13,2019-02-14,0.048764861801
2019-02,2019-03-12,2019-03-13,0.020135265933
2019-03,2019-04-10,2019-04-11,0.037477259431
2019-04,2019-05-10,2019-05-13,0.003560224470
2019-05,2019-06-12,2019-06-13,0.009771531234
2019-06,2019-07-11,2019-07-12,0.048484656076
2019-07,2019-08-13,2019-08-14,0.011464806394
2019-08,2019-09-12,2019-09-16,0.049779889429
2019-09,2019-10-10,2019-10-11,0.011304513170
2019-10,2019-11-13,2019-11-14,0.035957055579
2019-11,2019-12-11,2019-12-12,0.048722018108
2019-12,2020-01-14,2020-01-15,0.014870259878
2020-01,2020-02-13,2020-02-14,0.013428044750
2020-02,2020-03-11,2020-03-12,0.034873563946
2020-03,2020-04-10,2020-04-13,0.039326991920
2020-04,2020-05-12,2020-05-13,0.029096686337
2020-05,2020-06-10,2020-06-11,0.017926370211
2020-06,2020-07-14,2020-07-15,0.045733047555
2020-07,2020-08-12,2020-08-13,0.013918174696
2020-08,2020-09-11,2020-09-14,0.009645382331
2020-09,2020-10-13,2020-10-14,0.028675138944
2020-10,2020-11-12,2020-11-13,0.017933832273
2020-11,2020-12-10,2020-12-11,0.025464215732
2020-12,2021-01-13,2021-01-14,0.037994505281
2021-01,2021-02-10,2021-02-18,0.000230258440
2021-02,2021-03-10,2021-03-11,0.023784782625
2021-03,2021-04-13,2021-04-14,0.019762508959
2021-04,2021-05-12,2021-05-13,0.040305161298
2021-05,2021-06-10,2021-06-11,0.007293462406
2021-06,2021-07-13,2021-07-14,0.008548586679
2021-07,2021-08-11,2021-08-12,0.034524760615
2021-08,2021-09-14,2021-09-15,0.048728445125
2021-09,2021-10-13,2021-10-14,0.009651144921
2021-10,2021-11-10,2021-11-11,0.021868903329
2021-11,2021-12-10,2021-12-13,0.009002839806
2021-12,2022-01-12,2022-01-13,0.036402865545
2022-01,2022-02-10,2022-02-11,0.020127531711
2022-02,2022-03-10,2022-03-11,0.028936102261
2022-03,2022-04-12,2022-04-13,0.042455554842
2022-04,2022-05-11,2022-05-12,0.041370659118
2022-05,2022-06-10,2022-06-13,0.018488456323
2022-06,2022-07-13,2022-07-14,0.040242035216
2022-07,2022-08-10,2022-08-11,0.024814745626
2022-08,2022-09-13,2022-09-14,0.037307496884
2022-09,2022-10-13,2022-10-14,0.001669643834
2022-10,2022-11-10,2022-11-11,0.045427330805
2022-11,2022-12-13,2022-12-14,0.010322794192
2022-12,2023-01-12,2023-01-13,0.045598668589
2023-01,2023-02-14,2023-02-15,0.010146968856
2023-02,2023-03-14,2023-03-15,0.035613077867
2023-03,2023-04-12,2023-04-13,0.015025877901
2023-04,2023-05-10,2023-05-11,0.030320398189
2023-05,2023-06-13,2023-06-14,0.047609272792
2023-06,2023-07-12,2023-07-13,0.030822345441
2023-07,2023-08-10,2023-08-11,0.022219822058
2023-08,2023-09-13,2023-09-14,0.034887615600
2023-09,2023-10-12,2023-10-13,0.000301878656
2023-10,2023-11-14,2023-11-15,0.041144651893
2023-11,2023-12-12,2023-12-13,0.037270708842
2023-12,2024-01-11,2024-01-12,0.047877168570
2024-01,2024-02-13,2024-02-19,0.009115218772
2024-02,2024-03-12,2024-03-13,0.046828879138
2024-03,2024-04-10,2024-04-11,0.022614929962
2024-04,2024-05-15,2024-05-16,0.042636049881
2024-05,2024-06-12,2024-06-13,0.030970943060
2024-06,2024-07-11,2024-07-12,0.028602892737
2024-07,2024-08-14,2024-08-15,0.005246801509
2024-08,2024-09-11,2024-09-12,0.030730296457
2024-09,2024-10-10,2024-10-11,0.040633031070
2024-10,2024-11-13,2024-11-14,0.002095095085
2024-11,2024-12-11,2024-12-12,0.049380396091
