trial,qualified,cagr,drawdown,frequency,unfilled_orders,cash_days
0,True,0.4154489709858009,-0.07250951093439251,5.955334987593052,3,347
1,True,0.4268585090742474,-0.07235127587824985,5.955334987593052,2,348
2,False,0.4948263797201382,-0.07235171725043188,6.253101736972705,2,345
3,False,0.5120056580471386,-0.07234945844424745,6.253101736972705,2,346
4,False,0.46452085662826037,-0.07235187521659714,6.253101736972705,2,349
5,False,0.46452085662826037,-0.07235187521659714,6.253101736972705,2,349
6,False,0.46452085662826037,-0.07235187521659714,6.253101736972705,2,349
7,False,0.45702573427598736,-0.0723511931275429,6.253101736972705,2,350
8,False,0.4748650700761101,-0.061416229260751076,6.253101736972705,2,352
9,False,0.444467222975063,-0.06141876624488618,6.253101736972705,2,355
10,False,0.444467222975063,-0.06141876624488618,6.253101736972705,2,355
11,False,0.444467222975063,-0.06141876624488618,6.253101736972705,2,355
12,False,0.444467222975063,-0.06141876624488618,6.253101736972705,2,355
13,False,0.43710746150164215,-0.0614184324755388,6.253101736972705,2,357
14,False,0.41862042360726104,-0.06141712789098841,6.253101736972705,2,358
15,True,0.410650083923912,-0.07235132473435757,5.955334987593052,2,347
16,False,0.38205268741928844,-0.0723522781360646,5.955334987593052,2,351
17,False,0.38205268741928844,-0.0723522781360646,5.955334987593052,2,351
18,False,0.38205268741928844,-0.0723522781360646,5.955334987593052,2,351
19,False,0.37496747272939235,-0.07235114825268252,5.955334987593052,2,352
20,False,0.39180076215527904,-0.06141833490918869,5.955334987593052,2,354
21,False,0.36312006093855276,-0.06141712117254017,5.955334987593052,2,357
22,False,0.36312006093855276,-0.06141712117254017,5.955334987593052,2,357
23,False,0.36312006093855276,-0.06141712117254017,5.955334987593052,2,357
24,False,0.36312006093855276,-0.06141712117254017,5.955334987593052,2,357
25,False,0.3561652961544244,-0.06141780820274956,5.955334987593052,2,359
26,False,0.3387188730202142,-0.06141571215127328,5.955334987593052,2,360
27,False,0.3387188730202142,-0.06141571215127328,5.955334987593052,2,360
28,False,0.37424628162113405,-0.07262582541635243,5.2109181141439205,2,354
29,False,0.390021112927186,-0.07262775216541206,5.2109181141439205,2,355
30,False,0.34638178304598544,-0.07262970691126647,5.2109181141439205,2,358
31,False,0.34638178304598544,-0.07262970691126647,5.2109181141439205,2,358
32,False,0.34638178304598544,-0.07262970691126647,5.2109181141439205,2,358
33,False,0.3394938933108391,-0.07262571697472375,5.2109181141439205,2,359
34,False,0.36652769543843733,-0.06169713211380945,5.2109181141439205,2,360
35,False,0.33836032341096534,-0.061694641996071664,5.2109181141439205,2,363
36,False,0.33836032341096534,-0.061694641996071664,5.2109181141439205,2,363
37,False,0.33836032341096534,-0.061694641996071664,5.2109181141439205,2,363
38,False,0.33836032341096534,-0.061694641996071664,5.2109181141439205,2,363
39,False,0.3315353950411333,-0.06169645216583641,5.2109181141439205,2,365
40,False,0.3315353950411333,-0.06169645216583641,5.2109181141439205,2,365
41,False,0.3315353950411333,-0.06169645216583641,5.2109181141439205,2,365
