cycle_id,status,entry_date,exit_date,quantity,entry_price,exit_price,net_return,net_cash_pnl
CYC-111651458B97D81D4419,CLOSED,2025-02-19 00:00:00,2025-02-20,915600,1.088,1.093,0.0025884042428159226,2581.0763999999035
CYC-FE89AF1230F441D421FA,CLOSED,2025-02-26 00:00:00,2025-02-27,911300,1.099,1.105,0.003450598537040772,3459.2948000000324
CYC-59FC6AC3965BD77953F0,CLOSED,2025-03-03 00:00:00,2025-03-05,918600,1.089,1.095,0.003500631599805182,3505.377600000007
CYC-F55A3469280083763E7A,CLOSED,2025-03-21 00:00:00,2025-03-25,888500,1.121,1.127,0.0033436679288596505,3333.652000000002
CYC-D6D8F702D1415B861D9D,CLOSED,2025-04-08 00:00:00,2025-04-09,1022000,0.967,0.995,0.02689967736503407,26610.836000000025
CYC-69C420DFBD9AE7720E49,CLOSED,2025-05-26 00:00:00,2025-05-27,989000,1.043,1.05,0.004699997988588667,4853.023000000161
CYC-C27B9B3406A73FBDD6CF,CLOSED,2025-06-20 00:00:00,2025-06-24,998300,1.039,1.041,-7.692019241589687e-05,-79.8640000000596
CYC-92BC23374DF8B198AFCD,CLOSED,2025-08-01 00:00:00,2025-08-05,925600,1.114,1.13,0.012335958475994113,12732.553599999752
CYC-2AE144C5F278B229E7B5,CLOSED,2025-08-28 00:00:00,2025-08-29,868300,1.215,1.2290000000000003,0.00950160950160961,10034.07480000006
CYC-1EB2C1A303121109391A,CLOSED,2025-09-15 00:00:00,2025-09-17,848600,1.2539999999999998,1.2470000000000003,-0.007568986037885472,-8062.548599999864
CYC-6EB73F007FEC1E839BFA,CLOSED,2025-09-19 00:00:00,2025-09-22,823900,1.278,1.291,0.008153818012972991,8594.100899999961
CYC-1FC1D61CE773E9C38E5B,CLOSED,2025-09-29 00:00:00,2025-09-30,807300,1.31,1.331,0.014000503313480461,14821.220699999947
CYC-5EAB6B273D1E111EBE23,CLOSED,2025-10-15 00:00:00,2025-10-16,786400,1.3690000000000002,1.4220000000000002,0.03663903663903656,39484.35759999999
CYC-46AD58104EAE97205791,CLOSED,2025-10-31 00:00:00,2025-11-04,779900,1.43,1.457,0.01684539236986793,18805.728700000094
CYC-0924922816547DF1C76F,CLOSED,2025-11-05 00:00:00,2025-11-06,782100,1.413,1.538,0.08628950667167223,95454.52289999998
CYC-CBDFB24355EA490CBF8E,CLOSED,2025-11-17 00:00:00,2025-11-18,824900,1.478,1.4730000000000003,-0.005374192789618815,-6558.779899999732
CYC-E59F6DE3EDEE7A3F71F6,CLOSED,2025-11-24 00:00:00,2025-11-26,903100,1.353,1.3889999999999998,0.024556374888969,30035.29979999992
CYC-EE09C90D6D9FF67C5658,CLOSED,2025-12-04 00:00:00,2025-12-05,900100,1.392,1.394,-0.0005640910813324851,-707.4786000000313
CYC-976204C10238E3B60CB0,CLOSED,2025-12-12 00:00:00,2025-12-15,872700,1.435,1.4810000000000003,0.029993699680110897,37599.4068
CYC-84909966CB3B97FCB220,CLOSED,2025-12-19 00:00:00,2025-12-23,899400,1.44,1.486,0.029882617382617438,38740.75560000003
CYC-2B97263ADC0C7A08B6B2,CLOSED,2026-01-19 00:00:00,2026-01-20,786000,1.692,1.82,0.07350096711798848,97847.56799999997
CYC-F8B79A7F493B11D7A786,CLOSED,2026-02-03 00:00:00,2026-02-04,815200,1.75,1.804,0.028797488226059764,41123.57920000004
CYC-4F576BF348B181BB75F4,CLOSED,2026-02-09 10:00:00,2026-02-10,842500,1.748,1.792,0.0231233297594855,34087.55000000005
CYC-6B6A6D984147907DC5C1,CLOSED,2026-03-04 00:00:00,2026-03-06,779900,1.8909999999999998,2.069,0.09194401579383071,135733.7960000001
CYC-34F46D85A180300C4FEC,CLOSED,2026-03-18 00:00:00,2026-03-19,856700,1.908,1.906,-0.0030441256856350574,-4980.853799999924
CYC-F5906E31821D75496C1B,CLOSED,2026-03-24 10:00:00,2026-03-25,903100,1.813,1.873,0.03103019429550047,50857.17339999997
CYC-C8680620F1949AF1CFFF,CLOSED,2026-04-01 10:30:00,2026-04-02,913000,1.849,1.86,0.00393927327404886,6656.682999999961
CYC-28428AB28665C867EBF0,CLOSED,2026-05-15 00:00:00,2026-05-19,799000,2.101,2.08,-0.011973271849521239,-20119.618999999948
CYC-D4589E631F69891FE3CA,CLOSED,2026-05-22 00:00:00,2026-05-25,816100,2.042,2.099,0.02586003614407173,43138.229900000384
CYC-0D099DF7456D374A91E8,CLOSED,2026-05-28 00:00:00,2026-05-29,835900,2.043,2.082,0.017053431150347187,29152.01249999972
CYC-878E95D916A876FA9349,CLOSED,2026-06-01 00:00:00,2026-06-03,843900,2.059,2.087,0.011573661889349163,20130.390600000042
CYC-541EDCCF2A21AA4C1E9A,CLOSED,2026-06-08 00:00:00,2026-06-10,856100,1.981,2.057,0.03628980812221605,61606.66819999996
CYC-D7A245E066DF288A40DB,CLOSED,2026-06-24 00:00:00,2026-06-25,830800,2.163,2.198,0.014150897646043159,25454.881199999945
CYC-CDDDCE0675E825215CB4,CLOSED,2026-06-29 00:00:00,2026-06-30,885400,2.07,2.069,-0.002480128567084905,-4550.070599999744
CYC-2FF48AC8DDDFF072910C,CLOSED,2026-07-03 00:00:00,2026-07-07,947000,1.924,1.911,-0.00874125874125864,-15942.744999999879
CYC-5D24285F1487351B5006,CLOSED,2026-07-09 00:00:00,2026-07-10,1018100,1.7930000000000001,1.816,0.010804031439837436,19741.97710000002
CYC-E8F41A9DFA4D161E9FF1,CLOSED,2026-07-13 00:00:00,2026-07-15,1028400,1.773,1.739,-0.021136224181909413,-38577.34079999996
CYC-4A54BB1398B24228DC12,CLOSED,2026-07-17 00:00:00,2026-07-21,1105200,1.62,1.564,-0.03649683649683644,-65410.156800000084
CYC-17337CB740E749E29A6C,CLOSED,2026-08-14 00:00:00,2026-08-17,1029000,1.692,1.718,0.013337726103683556,23245.11000000003
CYC-25F543C6857E49EC7C07,CLOSED,2026-08-20 11:30:00,2026-08-21,1062700,1.6680000000000001,1.663,-0.004989614701845002,-8853.353700000094
