decision_id,signal_date,valid_session,target_position,plan_mode,action,base_score,confirmation_score
DEC-50A7381CAB50583A594E,2026-09-02,2026-09-03,0.0,NONE,HOLD_CASH,-0.13541246038190136,-0.21754281552423682
DEC-128CBF7BBBC470D2230C,2026-09-03,2026-09-04,0.0,NONE,HOLD_CASH,-0.0432220531311963,-0.211013442420258
DEC-759C1788D7730CFBE926,2026-09-04,2026-09-07,0.0,NONE,HOLD_CASH,0.2243532214898981,-0.2062881119282734
DEC-972464A7867A73918C4C,2026-09-07,2026-09-08,0.0,NONE,HOLD_CASH,-0.1328975848755936,-0.17315011597664623
DEC-7C94244053FA8F5CE337,2026-09-08,2026-09-09,0.0,NONE,HOLD_CASH,-0.10458064545706355,-0.11699321288375927
DEC-1A5DF3C31C53E983C135,2026-09-09,2026-09-10,0.0,NONE,HOLD_CASH,-0.17529745398997287,-0.2112697918402575
DEC-9E7B287A05C0FF1607AE,2026-09-10,2026-09-11,0.0,NONE,HOLD_CASH,-0.25019583325915884,-0.3611538360144444
DEC-304C7EFCF7B84BDFE92D,2026-09-11,2026-09-14,0.0,NONE,HOLD_CASH,-0.2273591238332675,0.08318998799639996
DEC-DDA67DC442DC8D90057B,2026-09-14,2026-09-15,0.0,NONE,HOLD_CASH,-0.11969928549729766,-0.22714280771327333
DEC-CC0E553B265FF6752915,2026-09-15,2026-09-16,0.0,NONE,HOLD_CASH,-0.2140058787768456,-0.12298831873947344
DEC-0F92C162F4F86F4210DE,2026-09-16,2026-09-17,0.0,NONE,HOLD_CASH,-0.25668514670526443,-0.262634284152093
DEC-7B7627DAA6CDCEAE2553,2026-09-17,2026-09-18,0.0,NONE,HOLD_CASH,-0.13293649021233275,-0.20611721231494046
DEC-013C4B31AFE6C282D0DA,2026-09-18,2026-09-21,0.0,NONE,HOLD_CASH,0.08775477493861848,0.08478639195986173
DEC-C100829F64A2E77E9D1C,2026-09-21,2026-09-22,0.0,NONE,HOLD_CASH,0.08990386315443902,-0.011141699512897424
DEC-F72A88D6C1496CCD2B28,2026-09-22,2026-09-23,1.0,NONE,ENTER,0.36261101466315737,0.2469505374100098
DEC-0959D393249C207FA484,2026-09-23,2026-09-24,0.0,NONE,EXIT,-0.041656091340260194,0.017976132808342732
DEC-6BCC1EE442C97EAE6A91,2026-09-24,2026-09-28,0.0,NONE,HOLD_CASH,-0.04893781916044902,-0.10315024778886964
DEC-0A7E9F0F108DEA591D75,2026-09-28,2026-09-29,1.0,NONE,ENTER,0.13116298950042632,0.2587363093635719
DEC-B3AAA20957D3A55440C3,2026-09-29,2026-09-30,0.0,NONE,EXIT,-0.22113881755801582,-0.16370265388334293
